时间（ms）,X坐标（mm）,Y坐标（mm）,压力（0-1）,速度（mm/s）,角度（度）,落笔情况（1落笔/0抬笔）
0,2.025000,77.625000,0.397461,0.000000,0.000000,1
10,2.025000,77.625000,0.397461,0.000000,0.000000,1
20,2.025000,77.625000,0.397461,0.000000,0.000000,1
30,2.025000,77.625000,0.397461,0.000000,0.000000,1
40,2.025000,77.625000,0.397461,0.000000,0.000000,1
50,2.025000,77.625000,0.397461,0.000000,0.000000,1
60,1.912500,77.625000,0.773438,11.249989,180.000000,1
70,2.700000,77.749998,0.835938,79.735852,9.019188,1
80,2.700000,77.749998,0.835938,0.000000,0.000000,1
90,3.487500,77.874996,0.877930,79.735883,9.019185,1
100,3.487500,77.874996,0.877930,0.000000,0.000000,1
110,4.950000,78.375000,0.916016,154.560983,18.874685,1
120,6.300000,78.999996,0.942383,148.765624,24.842251,1
130,6.300000,78.999996,0.942383,0.000000,0.000000,1
140,8.662500,80.250000,0.979492,267.281047,27.883413,1
150,8.662500,80.250000,0.979492,0.000000,0.000000,1
160,10.687500,81.124998,0.988281,220.595709,23.369068,1
170,12.375000,81.874998,0.994141,184.666084,23.962489,1
180,12.375000,81.874998,0.994141,0.000000,0.000000,1
190,14.175000,82.624998,1.000000,194.999960,22.619870,1
200,14.175000,82.624998,1.000000,0.000000,0.000000,1
210,15.975001,83.374998,1.000000,195.000079,22.619855,1
220,17.887500,84.375000,1.000000,215.816051,27.604035,1
230,17.887500,84.375000,1.000000,0.000000,0.000000,1
240,20.362501,85.500000,1.000000,271.868613,24.443947,1
250,20.362501,85.500000,1.000000,0.000000,0.000000,1
260,21.712501,85.999998,1.000000,143.961734,20.323066,1
270,22.837502,86.374998,1.000000,118.585494,18.434936,1
280,22.837502,86.374998,1.000000,0.000000,0.000000,1
290,23.512502,86.499996,1.000000,68.647616,10.491320,1
300,23.512502,86.499996,1.000000,0.000000,0.000000,1
310,24.187502,86.749998,1.000000,71.980966,20.323279,1
320,24.525002,86.749998,1.000000,33.750000,0.000000,1
330,24.525002,86.749998,1.000000,0.000000,0.000000,1
340,24.637500,86.874996,1.000000,16.816773,48.012788,1
350,24.637500,86.874996,1.000000,0.000000,0.000000,1
360,24.637500,86.874996,1.000000,0.000000,0.000000,1
370,24.075001,87.375000,0.347656,75.260155,138.366200,1
380,23.287500,88.125000,0.000000,108.750062,136.397212,0
390,23.287500,88.125000,0.000000,0.000000,0.000000,0
400,23.287500,88.125000,0.000000,0.000000,0.000000,0
410,22.162502,89.374998,0.000000,168.170044,131.987212,0
420,20.587500,91.125000,0.000000,235.438677,131.987212,0
430,20.587500,91.125000,0.000000,0.000000,0.000000,0
440,19.350001,92.749998,0.000000,204.255304,127.290680,0
450,19.350001,92.749998,0.000000,0.000000,0.000000,0
460,18.450000,94.249998,0.000000,174.928579,120.963769,0
470,16.650001,95.874999,0.000000,242.500032,137.924954,0
480,16.650001,95.874999,0.000000,0.000000,0.000000,0
490,16.200000,96.375000,0.000000,67.268249,131.987212,0
500,16.200000,96.375000,0.000000,0.000000,0.000000,0
510,16.425000,96.249999,0.000000,25.739159,-29.054743,0
520,16.425000,96.124998,0.000000,12.500095,-90.000000,0
530,16.425000,96.124998,0.000000,0.000000,0.000000,0
540,15.300001,97.749999,0.000000,197.642408,124.695128,0
550,15.300001,97.749999,0.000000,0.000000,0.000000,0
560,15.075000,98.374998,0.000000,66.426576,109.798939,0
570,15.412500,99.000000,0.000000,71.030531,61.631027,0
580,15.412500,99.000000,0.000000,0.000000,0.000000,0
590,15.975001,99.124998,0.000000,57.622153,12.528613,0
600,15.975001,99.124998,0.000000,0.000000,0.000000,0
610,16.087500,99.124998,0.000000,11.249957,0.000000,0
620,15.637501,98.749998,0.000000,58.576840,-140.194402,0
630,15.637501,98.749998,0.000000,0.000000,0.000000,0
640,15.637501,98.625000,0.000000,12.499809,-90.000000,0
650,15.637501,98.625000,0.000000,0.000000,0.000000,0
660,15.637501,98.374998,0.000000,25.000191,-90.000000,0
670,15.862500,98.374998,0.000000,22.499914,0.000000,0
680,15.862500,98.374998,0.000000,0.000000,0.000000,0
690,15.862500,98.374998,0.000000,0.000000,0.000000,0
700,15.862500,98.374998,0.000000,0.000000,0.000000,0
710,15.862500,98.374998,0.000000,0.000000,0.000000,0
720,15.862500,98.374998,0.000000,0.000000,0.000000,0
730,15.862500,98.499999,0.000000,12.500095,90.000000,0
740,15.862500,98.499999,0.000000,0.000000,0.000000,0
750,15.862500,98.749998,0.000000,24.999905,90.000000,0
760,15.862500,98.874999,0.000000,12.500095,90.000000,0
770,15.750000,98.874999,0.000000,11.249957,180.000000,0
780,15.750000,98.874999,0.000000,0.000000,0.000000,0
790,15.750000,99.124998,0.000000,24.999905,90.000000,0
800,15.750000,99.124998,0.000000,0.000000,0.000000,0
810,15.637501,99.249999,0.000000,16.817072,131.986886,0
820,15.525000,99.624999,0.000000,39.151174,106.699365,0
830,15.525000,99.624999,0.000000,0.000000,0.000000,0
840,15.525000,99.999999,0.000000,37.500000,90.000000,0
850,15.525000,99.999999,0.000000,0.000000,0.000000,0
860,15.637501,100.249998,0.122070,27.414589,65.772009,1
870,15.637501,100.249998,0.122070,0.000000,0.000000,1
880,15.637501,100.249998,0.122070,0.000000,0.000000,1
890,15.637501,100.249998,0.122070,0.000000,0.000000,1
900,15.637501,100.249998,0.122070,0.000000,0.000000,1
910,15.637501,100.249998,0.122070,0.000000,0.000000,1
920,15.750000,99.999999,0.658203,27.414536,-65.772255,1
930,15.750000,99.999999,0.658203,0.000000,0.000000,1
940,15.975001,99.624999,0.713867,43.732161,-59.036195,1
950,15.975001,99.624999,0.713867,0.000000,0.000000,1
960,16.087500,99.124998,0.770508,51.250084,-77.319687,1
970,16.312501,98.625000,0.819336,54.829124,-65.772132,1
980,16.312501,98.625000,0.819336,0.000000,0.000000,1
990,16.425000,97.749999,0.880859,88.220339,-82.673629,1
1000,16.425000,97.749999,0.880859,0.000000,0.000000,1
1010,16.537500,97.125000,0.919922,63.504328,-79.796049,1
1020,16.537500,96.375000,0.942383,75.000000,-90.000000,1
1030,16.537500,96.375000,0.942383,0.000000,0.000000,1
1040,16.537500,95.625000,0.971680,75.000000,-90.000000,1
1050,16.537500,95.625000,0.971680,0.000000,0.000000,1
1060,16.650001,94.749999,1.000000,88.220355,-82.673546,1
1070,16.762500,93.499998,1.000000,125.505320,-84.857259,1
1080,16.762500,93.499998,1.000000,0.000000,0.000000,1
1090,16.762500,92.625000,1.000000,87.499809,-90.000000,1
1100,16.762500,92.625000,1.000000,0.000000,0.000000,1
1110,16.875000,91.749999,1.000000,88.220339,-82.673629,1
1120,16.987501,90.999999,1.000000,75.839069,-81.469170,1
1130,16.987501,90.999999,1.000000,0.000000,0.000000,1
1140,17.100000,90.249999,1.000000,75.839050,-81.469266,1
1150,17.100000,90.249999,1.000000,0.000000,0.000000,1
1160,17.212500,89.124999,1.000000,113.061096,-84.289429,1
1170,17.212500,88.374999,1.000000,75.000000,-90.000000,1
1180,17.212500,88.374999,1.000000,0.000000,0.000000,1
1190,17.325001,87.624999,1.000000,75.839069,-81.469170,1
1200,17.325001,87.624999,1.000000,0.000000,0.000000,1
1210,17.437500,86.874996,1.000000,75.839333,-81.469299,1
1220,17.437500,85.624998,1.000000,124.999809,-90.000000,1
1230,17.437500,85.624998,1.000000,0.000000,0.000000,1
1240,17.437500,84.624996,1.000000,100.000191,-90.000000,1
1250,17.437500,84.624996,1.000000,0.000000,0.000000,1
1260,17.437500,83.749998,1.000000,87.499809,-90.000000,1
1270,17.437500,82.875000,1.000000,87.499809,-90.000000,1
1280,17.437500,82.875000,1.000000,0.000000,0.000000,1
1290,17.437500,81.999996,1.000000,87.500381,-90.000000,1
1300,17.437500,81.999996,1.000000,0.000000,0.000000,1
1310,17.437500,80.124996,1.000000,187.500000,-90.000000,1
1320,17.437500,78.750000,1.000000,137.499619,-90.000000,1
1330,17.437500,78.750000,1.000000,0.000000,0.000000,1
1340,17.437500,78.000000,1.000000,75.000000,-90.000000,1
1350,17.437500,78.000000,1.000000,0.000000,0.000000,1
1360,17.437500,77.250000,1.000000,75.000000,-90.000000,1
1370,17.437500,76.374996,1.000000,87.500381,-90.000000,1
1380,17.437500,76.374996,1.000000,0.000000,0.000000,1
1390,17.550000,74.874996,1.000000,150.421280,-85.710863,1
1400,17.550000,74.874996,1.000000,0.000000,0.000000,1
1410,17.550000,73.749996,1.000000,112.500000,-90.000000,1
1420,17.662501,72.249996,1.000000,150.421290,-85.710814,1
1430,17.662501,72.249996,1.000000,0.000000,0.000000,1
1440,17.662501,70.875000,1.000000,137.499619,-90.000000,1
1450,17.662501,70.875000,1.000000,0.000000,0.000000,1
1460,17.775000,69.249996,1.000000,162.889335,-86.039712,1
1470,17.775000,68.124996,1.000000,112.500000,-90.000000,1
1480,17.775000,68.124996,1.000000,0.000000,0.000000,1
1490,17.775000,67.125000,1.000000,99.999619,-90.000000,1
1500,17.775000,67.125000,1.000000,0.000000,0.000000,1
1510,17.887500,66.000000,1.000000,113.061096,-84.289429,1
1520,18.000001,64.249998,1.000000,175.361430,-86.321737,1
1530,18.000001,64.249998,1.000000,0.000000,0.000000,1
1540,18.112500,63.249996,1.000000,100.631008,-83.581250,1
1550,18.225000,62.374998,1.000000,88.220055,-82.673605,1
1560,18.225000,62.374998,1.000000,0.000000,0.000000,1
1570,18.225000,61.500000,1.000000,87.499809,-90.000000,1
1580,18.225000,61.500000,1.000000,0.000000,0.000000,1
1590,18.337501,60.499998,1.000000,100.631022,-83.581177,1
1600,18.337501,60.499998,1.000000,0.000000,0.000000,1
1610,18.337501,59.499996,1.000000,100.000191,-90.000000,1
1620,18.450000,58.624998,1.000000,88.220055,-82.673605,1
1630,18.450000,58.624998,1.000000,0.000000,0.000000,1
1640,18.450000,57.750000,1.000000,87.499809,-90.000000,1
1650,18.450000,56.874996,1.000000,87.500381,-90.000000,1
1660,18.450000,56.874996,1.000000,0.000000,0.000000,1
1670,18.562500,55.500000,1.000000,137.959076,-85.322587,1
1680,18.562500,55.500000,1.000000,0.000000,0.000000,1
1690,18.562500,54.624996,1.000000,87.500381,-90.000000,1
1700,18.562500,53.749998,1.000000,87.499809,-90.000000,1
1710,18.562500,53.749998,1.000000,0.000000,0.000000,1
1720,18.562500,53.124996,1.000000,62.500191,-90.000000,1
1730,18.562500,53.124996,1.000000,0.000000,0.000000,1
1740,18.675001,52.374996,1.000000,75.839069,-81.469170,1
1750,18.675001,52.374996,1.000000,0.000000,0.000000,1
1760,18.675001,51.499998,1.000000,87.499809,-90.000000,1
1770,18.787500,50.749998,1.000000,75.839050,-81.469266,1
1780,18.787500,50.749998,1.000000,0.000000,0.000000,1
1790,18.787500,50.124996,1.000000,62.500191,-90.000000,1
1800,18.900000,49.500000,1.000000,63.504046,-79.796003,1
1810,18.900000,49.500000,1.000000,0.000000,0.000000,1
1820,18.900000,48.999996,1.000000,50.000381,-90.000000,1
1830,18.900000,48.999996,1.000000,0.000000,0.000000,1
1840,19.012501,48.124998,1.000000,88.220072,-82.673522,1
1850,19.125000,47.625000,1.000000,51.249804,-77.319617,1
1860,19.125000,47.625000,1.000000,0.000000,0.000000,1
1870,19.125000,47.124996,1.000000,50.000381,-90.000000,1
1880,19.125000,47.124996,1.000000,0.000000,0.000000,1
1890,19.125000,46.749996,1.000000,37.500000,-90.000000,1
1900,19.237500,46.624998,1.000000,16.816860,-48.012461,1
1910,19.237500,46.624998,1.000000,0.000000,0.000000,1
1920,19.237500,46.749996,1.000000,12.499809,90.000000,1
1930,19.237500,46.749996,1.000000,0.000000,0.000000,1
1940,19.012501,47.499996,0.000000,78.302274,106.699184,0
1950,19.012501,47.499996,0.000000,0.000000,0.000000,0
1960,18.225000,50.250000,0.000000,286.053816,105.979783,0
1970,17.437500,52.999998,0.000000,286.053231,105.979789,0
1980,17.437500,52.999998,0.000000,0.000000,0.000000,0
1990,16.650001,56.124996,0.000000,322.269587,104.144044,0
2000,15.750000,60.624996,0.000000,458.911765,101.309938,0
2010,15.750000,60.624996,0.000000,0.000000,0.000000,0
2020,15.187500,63.249996,0.000000,268.459154,102.094766,0
2030,15.187500,63.249996,0.000000,0.000000,0.000000,0
2040,14.512500,65.625000,0.000000,246.906219,105.865684,0
2050,14.512500,65.625000,0.000000,0.000000,0.000000,0
2060,13.950001,67.875000,0.000000,231.924671,104.036223,0
2070,14.062500,70.624998,0.000000,275.229825,87.657395,0
2080,14.062500,70.624998,0.000000,0.000000,0.000000,0
2090,14.175000,71.749998,0.000000,113.061096,84.289429,0
2100,14.062500,72.249996,0.000000,51.249804,102.680383,0
2110,14.062500,72.249996,0.000000,0.000000,0.000000,0
2120,13.725000,72.249996,0.000000,33.750000,180.000000,0
2130,13.725000,72.249996,0.000000,0.000000,0.000000,0
2140,13.725000,72.750000,0.000000,50.000381,90.000000,0
2150,13.725000,73.999998,0.000000,124.999809,90.000000,0
2160,13.725000,73.999998,0.000000,0.000000,0.000000,0
2170,13.725000,74.749998,0.000000,75.000000,90.000000,0
2180,13.725000,74.749998,0.000000,0.000000,0.000000,0
2190,13.725000,75.249996,0.000000,49.999809,90.000000,0
2200,13.612501,75.499998,0.000000,27.414797,114.227500,0
2210,13.612501,75.499998,0.000000,0.000000,0.000000,0
2220,13.387500,75.499998,0.000000,22.500043,180.000000,0
2230,13.387500,75.499998,0.000000,0.000000,0.000000,0
2240,13.275001,75.499998,0.000000,11.249957,180.000000,0
2250,13.275001,75.499998,0.000000,0.000000,0.000000,0
2260,13.275001,75.499998,0.000000,0.000000,0.000000,0
2270,13.275001,75.624996,0.000000,12.499809,90.000000,0
2280,13.275001,75.874998,0.000000,25.000191,90.000000,0
2290,13.162500,75.999996,0.000000,16.816946,131.987865,0
2300,13.162500,76.249998,0.000000,25.000191,90.000000,0
2310,13.162500,76.249998,0.000000,0.000000,0.000000,0
2320,13.162500,76.624998,0.000000,37.500000,90.000000,0
2330,13.162500,76.624998,0.000000,0.000000,0.000000,0
2340,13.162500,76.999998,0.000000,37.500000,90.000000,0
2350,13.162500,77.374998,0.000000,37.500000,90.000000,0
2360,13.162500,77.374998,0.000000,0.000000,0.000000,0
2370,13.387500,77.874996,0.000000,54.829124,65.772132,0
2380,13.387500,77.874996,0.510742,0.000000,0.000000,1
2390,13.387500,77.874996,0.510742,0.000000,0.000000,1
2400,13.387500,77.874996,0.510742,0.000000,0.000000,1
2410,13.387500,77.874996,0.510742,0.000000,0.000000,1
2420,13.387500,76.749996,0.709961,112.500000,-90.000000,1
2430,13.387500,76.749996,0.709961,0.000000,0.000000,1
2440,13.275001,75.124998,0.786133,162.888764,-93.960301,1
2450,13.050000,73.624998,0.860352,151.678119,-98.530782,1
2460,13.050000,73.624998,0.860352,0.000000,0.000000,1
2470,12.712500,71.374998,0.930664,227.517170,-98.530766,1
2480,12.712500,71.374998,0.930664,0.000000,0.000000,1
2490,12.375000,69.874998,0.970703,153.750000,-102.680383,1
2500,11.925001,68.374998,0.990234,156.604585,-106.699229,1
2510,11.925001,68.374998,0.990234,0.000000,0.000000,1
2520,11.025000,66.000000,1.000000,253.980643,-110.754096,1
2530,11.025000,66.000000,1.000000,0.000000,0.000000,1
2540,10.350000,64.500000,1.000000,164.487841,-114.227745,1
2550,9.450000,62.874996,1.000000,185.758934,-118.979662,1
2560,9.450000,62.874996,1.000000,0.000000,0.000000,1
2570,8.662500,61.624998,1.000000,147.737971,-122.210953,1
2580,8.662500,61.624998,1.000000,0.000000,0.000000,1
2590,7.987500,60.499998,1.000000,131.196418,-120.963757,1
2600,7.312500,59.374998,1.000000,131.196418,-120.963757,1
2610,7.312500,59.374998,1.000000,0.000000,0.000000,1
2620,6.975000,58.875000,1.000000,60.324484,-124.019451,1
2630,6.975000,58.875000,1.000000,0.000000,0.000000,1
2640,6.525000,58.249998,1.000000,77.014776,-125.753817,1
2650,5.850000,57.624996,1.000000,91.991977,-137.202511,1
2660,5.850000,57.624996,1.000000,0.000000,0.000000,1
2670,4.837500,57.000000,1.000000,118.986406,-148.313789,1
2680,4.837500,57.000000,1.000000,0.000000,0.000000,1
2690,4.387500,56.749998,0.999023,51.478262,-150.945222,1
2700,4.275000,57.000000,0.840820,27.414810,114.227561,1
2710,4.275000,57.000000,0.840820,0.000000,0.000000,1
2720,4.387500,57.624996,0.000000,63.504052,79.795975,0
2730,4.387500,57.624996,0.000000,0.000000,0.000000,0
2740,6.075000,60.375000,0.000000,322.648063,58.465244,0
2750,6.075000,61.374996,0.000000,99.999619,90.000000,0
2760,6.075000,61.374996,0.000000,0.000000,0.000000,0
2770,9.112500,64.999998,0.000000,472.938105,50.039329,0
2780,9.112500,64.999998,0.000000,0.000000,0.000000,0
2790,11.700000,68.124996,0.000000,405.718764,50.375222,0
2800,11.700000,68.124996,0.000000,0.000000,0.000000,0
2810,14.850000,71.124996,0.000000,434.999969,43.602823,0
2820,18.000001,73.624998,0.000000,402.150655,38.437315,0
2830,18.000001,73.624998,0.000000,0.000000,0.000000,0
2840,21.375001,76.125000,0.000000,420.007554,36.528876,0
2850,22.725001,77.124996,0.000000,168.002749,36.528751,0
2860,22.725001,77.124996,0.000000,0.000000,0.000000,0
2870,23.062501,76.875000,0.000000,42.000517,-36.528437,0
2880,23.062501,76.875000,0.000000,0.000000,0.000000,0
2890,23.175002,77.499996,0.000000,63.504069,79.795889,0
2900,23.512502,77.749998,0.000000,42.000858,36.529064,0
2910,23.512502,77.749998,0.000000,0.000000,0.000000,0
2920,23.400001,77.874996,0.000000,16.816946,131.987865,0
2930,23.400001,77.874996,0.000000,0.000000,0.000000,0
2940,22.500002,77.874996,0.000000,89.999914,180.000000,0
2950,21.712501,77.874996,0.000000,78.750086,180.000000,0
2960,21.712501,77.874996,0.000000,0.000000,0.000000,0
2970,20.812500,77.625000,0.000000,93.407648,-164.476122,0
2980,20.812500,77.625000,0.000000,0.000000,0.000000,0
2990,19.800000,77.250000,0.000000,107.971350,-159.676863,0
3000,19.350001,77.250000,0.000000,44.999957,180.000000,0
3010,19.350001,77.250000,0.000000,0.000000,0.000000,0
3020,19.012501,77.250000,0.000000,33.750000,180.000000,0
3030,19.012501,77.250000,0.000000,0.000000,0.000000,0
3040,18.562500,77.374998,0.000000,46.703886,164.476143,0
3050,18.337501,77.499996,0.000000,25.738908,150.945674,0
3060,18.337501,77.499996,0.000000,0.000000,0.000000,0
3070,18.112500,77.499996,0.585938,22.500043,180.000000,1
3080,18.112500,77.499996,0.585938,0.000000,0.000000,1
3090,18.112500,77.499996,0.585938,0.000000,0.000000,1
3100,18.112500,77.499996,0.585938,0.000000,0.000000,1
3110,18.112500,77.499996,0.585938,0.000000,0.000000,1
3120,18.787500,77.250000,0.751953,71.980768,-20.322852,1
3130,18.787500,77.250000,0.751953,0.000000,0.000000,1
3140,21.037501,76.374996,0.874023,241.415277,-21.250586,1
3150,22.612500,75.750000,0.915039,169.447412,-21.644326,1
3160,22.612500,75.750000,0.915039,0.000000,0.000000,1
3170,23.737501,75.124998,0.957031,128.695544,-29.054660,1
3180,23.737501,75.124998,0.957031,0.000000,0.000000,1
3190,24.525002,74.874996,1.000000,82.623154,-17.612686,1
3200,24.975000,74.499996,1.000000,58.576741,-39.805679,1
3210,24.975000,74.499996,1.000000,0.000000,0.000000,1
3220,25.875002,73.749996,1.000000,117.153877,-39.805517,1
3230,25.875002,73.749996,1.000000,0.000000,0.000000,1
3240,26.212502,73.374996,1.000000,50.451090,-48.012788,1
3250,26.437501,73.125000,1.000000,33.633719,-48.012461,1
3260,26.437501,73.125000,1.000000,0.000000,0.000000,1
3270,26.550002,72.999996,1.000000,16.817371,-48.013440,1
3280,26.550002,72.999996,1.000000,0.000000,0.000000,1
3290,26.662500,72.874998,1.000000,16.816773,-48.012788,1
3300,26.662500,72.999996,0.000000,12.499809,90.000000,0
3310,26.662500,72.999996,0.000000,0.000000,0.000000,0
3320,26.662500,73.374996,0.000000,37.500000,90.000000,0
3330,26.662500,73.374996,0.000000,0.000000,0.000000,0
3340,26.662500,74.374998,0.000000,100.000191,90.000000,0
3350,26.887502,77.374998,0.000000,300.842580,85.710814,0
3360,26.887502,77.374998,0.000000,0.000000,0.000000,0
3370,26.887502,77.374998,0.000000,0.000000,0.000000,0
3380,26.887502,77.374998,0.000000,0.000000,0.000000,0
3390,26.887502,77.374998,0.000000,0.000000,0.000000,0
3400,26.887502,77.374998,0.000000,0.000000,0.000000,0
3410,26.887502,77.374998,0.000000,0.000000,0.000000,0
3420,26.887502,77.374998,0.000000,0.000000,0.000000,0
3430,26.887502,77.374998,0.000000,0.000000,0.000000,0
3440,26.887502,77.374998,0.000000,0.000000,0.000000,0
3450,26.887502,77.374998,0.000000,0.000000,0.000000,0
3460,26.887502,77.374998,0.000000,0.000000,0.000000,0
3470,26.887502,77.374998,0.000000,0.000000,0.000000,0
3480,26.887502,77.374998,0.000000,0.000000,0.000000,0
3490,26.887502,77.374998,0.000000,0.000000,0.000000,0
3500,26.887502,77.374998,0.000000,0.000000,0.000000,0
3510,26.887502,77.374998,0.000000,0.000000,0.000000,0
3520,26.887502,77.374998,0.000000,0.000000,0.000000,0
3530,26.887502,77.374998,0.000000,0.000000,0.000000,0
3540,26.887502,77.374998,0.000000,0.000000,0.000000,0
3550,26.887502,77.374998,0.000000,0.000000,0.000000,0
3560,30.262502,82.875000,0.000000,645.295638,58.465217,0
3570,30.037500,82.749996,0.000000,25.739411,-150.944839,0
3580,30.037500,82.749996,0.000000,0.000000,0.000000,0
3590,29.812501,82.500000,0.000000,33.633719,-131.987539,0
3600,29.587502,82.374996,0.000000,25.739186,-150.944561,0
3610,29.587502,82.374996,0.000000,0.000000,0.000000,0
3620,29.137501,81.874998,0.000000,67.268036,-131.987376,0
3630,29.137501,81.874998,0.000000,0.000000,0.000000,0
3640,28.575002,81.750000,0.000000,57.622028,-167.471359,0
3650,28.012500,81.124998,0.000000,84.085407,-131.987212,0
3660,28.012500,81.124998,0.000000,0.000000,0.000000,0
3670,27.675000,80.749998,0.000000,50.451090,-131.987212,0
3680,27.675000,80.749998,0.000000,0.000000,0.000000,0
3690,27.337500,80.374998,0.000000,50.451090,-131.987212,0
3700,27.000000,80.124996,0.000000,42.000858,-143.470936,0
3710,27.000000,80.124996,0.000000,0.000000,0.000000,0
3720,26.437501,79.749996,0.000000,67.604015,-146.309892,0
3730,26.437501,79.749996,0.000000,0.000000,0.000000,0
3740,25.650000,79.624998,0.000000,79.735947,-170.980823,0
3750,24.637500,79.374996,0.000000,104.290805,-166.130212,0
3760,24.637500,79.374996,0.000000,0.000000,0.000000,0
3770,23.962500,79.249998,0.000000,68.647616,-169.508680,0
3780,23.962500,79.249998,0.000000,0.000000,0.000000,0
3790,23.512502,79.249998,0.000000,44.999828,180.000000,0
3800,22.725001,79.249998,0.000000,78.750086,180.000000,0
3810,22.725001,79.249998,0.000000,0.000000,0.000000,0
3820,22.387501,79.249998,0.000000,33.750000,180.000000,0
3830,22.275000,79.125000,0.439453,16.816946,-131.987865,1
3840,22.275000,79.125000,0.439453,0.000000,0.000000,1
3850,22.275000,79.125000,0.439453,0.000000,0.000000,1
3860,22.275000,79.125000,0.439453,0.000000,0.000000,1
3870,22.275000,79.125000,0.439453,0.000000,0.000000,1
3880,22.275000,79.125000,0.439453,0.000000,0.000000,1
3890,22.162502,79.125000,0.782227,11.249828,180.000000,1
3900,22.725001,79.374996,0.863281,61.555128,23.962197,1
3910,22.725001,79.374996,0.863281,0.000000,0.000000,1
3920,25.200002,80.499996,0.942383,271.868613,24.443947,1
3930,25.200002,80.499996,0.942383,0.000000,0.000000,1
3940,27.112501,81.375000,0.985352,210.316063,24.584973,1
3950,28.912502,82.125000,1.000000,195.000079,22.619855,1
3960,28.912502,82.125000,1.000000,0.000000,0.000000,1
3970,30.825001,82.999998,1.000000,210.315825,24.584831,1
3980,30.825001,82.999998,1.000000,0.000000,0.000000,1
3990,34.312502,84.375000,1.000000,374.877213,21.517616,1
4000,36.675002,85.249998,1.000000,251.933085,20.323096,1
4010,36.675002,85.249998,1.000000,0.000000,0.000000,1
4020,38.812500,86.124996,1.000000,230.965811,22.262041,1
4030,38.812500,86.124996,1.000000,0.000000,0.000000,1
4040,41.062502,87.124998,1.000000,246.221679,23.962513,1
4050,43.200000,88.249998,1.000000,241.547592,27.758560,1
4060,43.200000,88.249998,1.000000,0.000000,0.000000,1
4070,46.125002,89.749998,1.000000,328.719258,27.149668,1
4080,46.125002,89.749998,1.000000,0.000000,0.000000,1
4090,47.925000,90.624999,1.000000,200.140463,25.924948,1
4100,49.500002,91.374999,1.000000,174.445705,25.463321,1
4110,49.500002,91.374999,1.000000,0.000000,0.000000,1
4120,50.737503,92.124999,1.000000,144.703507,31.218368,1
4130,50.737503,92.124999,1.000000,0.000000,0.000000,1
4140,51.862502,92.625000,1.000000,123.110604,23.962562,1
4150,52.987500,93.249999,1.000000,128.695180,29.054604,1
4160,52.987500,93.249999,1.000000,0.000000,0.000000,1
4170,53.550002,93.375000,1.000000,57.622341,12.528863,1
4180,53.550002,93.375000,1.000000,0.000000,0.000000,1
4190,54.000000,93.624999,1.000000,51.477954,29.054604,1
4200,54.225002,93.750000,1.000000,25.739272,29.054604,1
4210,54.225002,93.750000,1.000000,0.000000,0.000000,1
4220,54.337500,93.874998,1.000000,16.816773,48.012788,1
4230,54.112503,93.999999,0.000000,25.738822,150.944839,0
4240,54.112503,93.999999,0.000000,0.000000,0.000000,0
4250,53.212502,94.374999,0.000000,97.500158,157.380174,0
4260,53.212502,94.374999,0.000000,0.000000,0.000000,0
4270,51.862502,95.124999,0.000000,154.434452,150.945396,0
4280,51.862502,95.124999,0.000000,0.000000,0.000000,0
4290,50.962500,95.749998,0.000000,109.573122,145.222261,0
4300,50.512502,96.750000,0.000000,109.658664,114.227623,0
4310,50.512502,96.750000,0.000000,0.000000,0.000000,0
4320,50.625000,97.125000,0.000000,39.151100,73.300996,0
4330,50.625000,97.125000,0.000000,0.000000,0.000000,0
4340,50.062503,98.374998,0.000000,137.072886,114.227647,0
4350,49.500002,99.000000,0.000000,84.085407,131.987212,0
4360,49.500002,99.000000,0.000000,0.000000,0.000000,0
4370,49.500002,99.000000,0.000000,0.000000,0.000000,0
4380,49.500002,99.000000,0.000000,0.000000,0.000000,0
4390,49.500002,99.000000,0.000000,0.000000,0.000000,0
4400,49.500002,99.000000,0.000000,0.000000,0.000000,0
4410,49.500002,99.000000,0.000000,0.000000,0.000000,0
4420,44.662503,103.999998,0.000000,695.710935,134.053651,0
4430,44.662503,103.999998,0.000000,0.000000,0.000000,0
4440,44.550000,104.625000,0.000000,63.504678,100.204248,0
4450,44.437502,104.874999,0.000000,27.414483,114.227500,0
4460,44.437502,104.874999,0.000000,0.000000,0.000000,0
4470,44.325003,104.874999,0.000000,11.249828,180.000000,0
4480,44.325003,104.874999,0.000000,0.000000,0.000000,0
4490,44.100002,105.124998,0.000000,33.634104,131.987539,0
4500,43.312503,105.249999,0.000000,79.735738,170.980591,0
4510,43.312503,105.249999,0.000000,0.000000,0.000000,0
4520,42.862500,105.249999,0.000000,45.000343,180.000000,0
4530,42.862500,105.249999,0.000000,0.000000,0.000000,0
4540,42.412502,105.249999,0.000000,44.999828,180.000000,0
4550,41.962501,105.249999,0.000000,45.000086,180.000000,0
4560,41.962501,105.249999,0.000000,0.000000,0.000000,0
4570,41.512500,105.249999,0.000000,45.000086,180.000000,0
4580,41.512500,105.249999,0.000000,0.000000,0.000000,0
4590,41.287501,105.249999,0.000000,22.499914,180.000000,0
4600,40.950001,105.249999,0.000000,33.750000,180.000000,0
4610,40.950001,105.249999,0.000000,0.000000,0.000000,0
4620,40.500000,105.499998,0.000000,51.478179,150.945535,0
4630,40.500000,105.499998,0.000000,0.000000,0.000000,0
4640,40.162500,105.624999,0.000000,35.990483,159.676721,0
4650,39.937501,105.750000,0.000000,25.739047,150.945118,0
4660,39.937501,105.750000,0.000000,0.000000,0.000000,0
4670,39.825000,106.125000,0.000000,39.151174,106.699365,0
4680,39.825000,106.125000,0.000000,0.000000,0.000000,0
4690,39.825000,106.374999,0.000000,24.999905,90.000000,0
4700,39.825000,106.749999,0.000000,37.500000,90.000000,0
4710,39.825000,106.749999,0.000000,0.000000,0.000000,0
4720,39.825000,107.124999,0.000000,37.500000,90.000000,0
4730,39.825000,107.124999,0.450195,0.000000,0.000000,1
4740,39.825000,107.124999,0.450195,0.000000,0.000000,1
4750,39.825000,107.250000,0.645508,12.500095,90.000000,1
4760,39.825000,107.250000,0.645508,0.000000,0.000000,1
4770,39.937501,107.124999,0.655273,16.817158,-48.012788,1
4780,39.937501,107.124999,0.655273,0.000000,0.000000,1
4790,40.387502,106.749999,0.767578,58.576939,-39.805517,1
4800,40.837500,106.500000,0.815430,51.477954,-29.054604,1
4810,40.837500,106.500000,0.815430,0.000000,0.000000,1
4820,41.400002,105.874998,0.860352,84.085407,-48.012788,1
4830,41.400002,105.874998,0.860352,0.000000,0.000000,1
4840,41.737502,105.499998,0.886719,50.451090,-48.012788,1
4850,41.850000,105.000000,0.906250,51.249776,-77.319757,1
4860,41.850000,105.000000,0.906250,0.000000,0.000000,1
4870,42.075002,104.625000,0.925781,43.732228,-59.036051,1
4880,42.075002,104.625000,0.925781,0.000000,0.000000,1
4890,42.187500,104.124999,0.948242,51.250055,-77.319827,1
4900,42.412502,103.249998,0.969727,90.346690,-75.579137,1
4910,42.412502,103.249998,0.969727,0.000000,0.000000,1
4920,42.637501,102.750000,0.983398,54.829071,-65.772255,1
4930,42.637501,102.750000,0.983398,0.000000,0.000000,1
4940,42.750002,102.124998,1.000000,63.504632,-79.795981,1
4950,42.862500,101.499999,1.000000,63.504305,-79.796163,1
4960,42.862500,101.499999,1.000000,0.000000,0.000000,1
4970,42.975001,100.749999,1.000000,75.839069,-81.469170,1
4980,42.975001,100.749999,1.000000,0.000000,0.000000,1
4990,42.975001,99.375000,1.000000,137.499905,-90.000000,1
5000,42.975001,98.374998,1.000000,100.000191,-90.000000,1
5010,42.975001,98.374998,1.000000,0.000000,0.000000,1
5020,42.975001,97.500000,1.000000,87.499809,-90.000000,1
5030,43.087502,96.499998,1.000000,100.631022,-83.581177,1
5040,43.087502,96.499998,1.000000,0.000000,0.000000,1
5050,43.200000,94.875000,1.000000,162.888755,-86.039744,1
5060,43.200000,94.875000,1.000000,0.000000,0.000000,1
5070,43.200000,93.375000,1.000000,150.000000,-90.000000,1
5080,43.200000,93.375000,1.000000,0.000000,0.000000,1
5090,43.200000,92.625000,1.000000,75.000000,-90.000000,1
5100,43.200000,90.874998,1.000000,175.000191,-90.000000,1
5110,43.200000,90.874998,1.000000,0.000000,0.000000,1
5120,43.200000,89.749998,1.000000,112.500000,-90.000000,1
5130,43.200000,89.749998,1.000000,0.000000,0.000000,1
5140,43.200000,87.999999,1.000000,174.999905,-90.000000,1
5150,43.200000,86.749998,1.000000,125.000095,-90.000000,1
5160,43.200000,86.749998,1.000000,0.000000,0.000000,1
5170,43.200000,85.374996,1.000000,137.500191,-90.000000,1
5180,43.200000,85.374996,1.000000,0.000000,0.000000,1
5190,43.087502,84.124998,1.000000,125.505024,-95.142694,1
5200,43.087502,82.749996,1.000000,137.500191,-90.000000,1
5210,43.087502,82.749996,1.000000,0.000000,0.000000,1
5220,43.087502,80.874996,1.000000,187.500000,-90.000000,1
5230,43.087502,80.874996,1.000000,0.000000,0.000000,1
5240,43.087502,79.624998,1.000000,124.999809,-90.000000,1
5250,43.087502,78.249996,1.000000,137.500191,-90.000000,1
5260,43.087502,78.249996,1.000000,0.000000,0.000000,1
5270,43.087502,76.875000,1.000000,137.499619,-90.000000,1
5280,43.087502,76.875000,1.000000,0.000000,0.000000,1
5290,43.087502,74.874996,1.000000,200.000381,-90.000000,1
5300,43.087502,73.374996,1.000000,150.000000,-90.000000,1
5310,43.087502,73.374996,1.000000,0.000000,0.000000,1
5320,43.087502,71.874996,1.000000,150.000000,-90.000000,1
5330,43.087502,70.374996,1.000000,150.000000,-90.000000,1
5340,43.087502,70.374996,1.000000,0.000000,0.000000,1
5350,43.087502,69.000000,1.000000,137.499619,-90.000000,1
5360,43.087502,69.000000,1.000000,0.000000,0.000000,1
5370,43.087502,66.874998,1.000000,212.500191,-90.000000,1
5380,43.087502,66.874998,1.000000,0.000000,0.000000,1
5390,43.087502,65.499996,1.000000,137.500191,-90.000000,1
5400,43.200000,63.999996,1.000000,150.421271,-85.710912,1
5410,43.200000,63.999996,1.000000,0.000000,0.000000,1
5420,43.312503,61.875000,1.000000,212.797223,-86.969425,1
5430,43.312503,61.875000,1.000000,0.000000,0.000000,1
5440,43.425002,61.125000,1.000000,75.839031,-81.469363,1
5450,43.650003,58.999998,1.000000,213.688064,-83.955867,1
5460,43.650003,58.999998,1.000000,0.000000,0.000000,1
5470,43.650003,57.499998,1.000000,150.000000,-90.000000,1
5480,43.762502,55.999998,1.000000,150.421271,-85.710912,1
5490,43.762502,55.999998,1.000000,0.000000,0.000000,1
5500,43.762502,54.499998,1.000000,150.000000,-90.000000,1
5510,43.762502,54.499998,1.000000,0.000000,0.000000,1
5520,43.875000,52.500000,1.000000,200.315956,-86.780551,1
5530,43.875000,52.500000,1.000000,0.000000,0.000000,1
5540,43.987503,51.249996,1.000000,125.505640,-84.857095,1
5550,44.100002,49.999998,1.000000,125.505024,-84.857306,1
5560,44.100002,49.999998,1.000000,0.000000,0.000000,1
5570,44.212500,48.874998,1.000000,113.061084,-84.289493,1
5580,44.212500,48.874998,1.000000,0.000000,0.000000,1
5590,44.437502,47.749998,1.000000,114.727973,-78.689983,1
5600,44.550000,45.999996,1.000000,175.361414,-86.321821,1
5610,44.550000,45.999996,1.000000,0.000000,0.000000,1
5620,44.662503,44.874996,1.000000,113.061135,-84.289234,1
5630,44.662503,44.874996,1.000000,0.000000,0.000000,1
5640,44.775002,43.749996,1.000000,113.061084,-84.289493,1
5650,44.887500,42.624996,1.000000,113.061084,-84.289493,1
5660,44.887500,42.624996,1.000000,0.000000,0.000000,1
5670,45.000003,41.499996,1.000000,113.061135,-84.289234,1
5680,45.112502,40.749996,1.000000,75.839031,-81.469363,1
5690,45.112502,40.749996,1.000000,0.000000,0.000000,1
5700,45.225000,39.750000,1.000000,100.630425,-83.581286,1
5710,45.225000,39.750000,1.000000,0.000000,0.000000,1
5720,45.337503,38.874996,1.000000,88.220672,-82.673404,1
5730,45.337503,38.874996,1.000000,0.000000,0.000000,1
5740,45.450002,37.500000,1.000000,137.959065,-85.322640,1
5750,45.675003,36.750000,1.000000,78.302348,-73.300635,1
5760,45.675003,36.750000,1.000000,0.000000,0.000000,1
5770,45.787502,36.375000,1.000000,39.151100,-73.300996,1
5780,45.675003,37.125000,0.954102,75.839031,98.530637,1
5790,45.337503,38.625000,0.000000,153.750000,102.680383,0
5800,45.337503,38.625000,0.000000,0.000000,0.000000,0
5810,45.337503,38.625000,0.000000,0.000000,0.000000,0
5820,44.100002,43.374996,0.000000,490.855114,104.602489,0
5830,44.100002,43.374996,0.000000,0.000000,0.000000,0
5840,43.200000,46.749996,0.000000,349.293975,104.931444,0
5850,42.862500,50.874996,0.000000,413.878379,94.677418,0
5860,42.862500,50.874996,0.000000,0.000000,0.000000,0
5870,43.087502,54.999996,0.000000,413.113190,86.877846,0
5880,43.200000,58.875000,0.000000,387.663648,88.337068,0
5890,43.200000,58.875000,0.000000,0.000000,0.000000,0
5900,43.200000,58.875000,0.000000,0.000000,0.000000,0
5910,43.200000,58.875000,0.000000,0.000000,0.000000,0
5920,43.200000,58.875000,0.000000,0.000000,0.000000,0
5930,43.200000,58.875000,0.000000,0.000000,0.000000,0
5940,43.200000,58.875000,0.000000,0.000000,0.000000,0
5950,43.200000,58.875000,0.000000,0.000000,0.000000,0
5960,43.200000,58.875000,0.000000,0.000000,0.000000,0
5970,43.200000,58.875000,0.000000,0.000000,0.000000,0
5980,43.200000,58.875000,0.000000,0.000000,0.000000,0
5990,43.200000,58.875000,0.000000,0.000000,0.000000,0
6000,42.750002,78.750000,0.000000,1988.009365,91.297036,0
6010,42.750002,78.750000,0.000000,0.000000,0.000000,0
6020,42.637501,78.750000,0.000000,11.250086,180.000000,0
6030,42.412502,78.874998,0.000000,25.738908,150.945674,0
6040,42.412502,78.874998,0.000000,0.000000,0.000000,0
6050,42.300001,78.874998,0.000000,11.250086,180.000000,0
6060,42.300001,78.874998,0.000000,0.000000,0.000000,0
6070,41.625001,78.874998,0.000000,67.500000,180.000000,0
6080,41.625001,78.874998,0.000000,0.000000,0.000000,0
6090,40.837500,78.874998,0.000000,78.750086,180.000000,0
6100,40.162500,79.125000,0.000000,71.980966,159.676721,0
6110,40.162500,79.125000,0.000000,0.000000,0.000000,0
6120,40.050002,79.624998,0.000000,51.249776,102.680243,0
6130,40.050002,80.124996,0.000000,49.999809,90.000000,0
6140,40.050002,80.124996,0.000000,0.000000,0.000000,0
6150,40.387502,80.625000,0.000000,60.324959,55.980853,0
6160,40.387502,80.625000,0.000000,0.000000,0.000000,0
6170,40.500000,80.749998,0.000000,16.816773,48.012788,0
6180,40.725002,80.874996,0.000000,25.739133,29.054047,0
6190,40.725002,80.874996,0.000000,0.000000,0.000000,0
6200,40.725002,81.124998,0.000000,25.000191,90.000000,0
6210,40.725002,81.124998,0.000000,0.000000,0.000000,0
6220,40.950001,81.249996,0.000000,25.738908,29.054326,0
6230,41.175000,81.624996,0.000000,43.732095,59.036340,0
6240,41.175000,81.624996,0.000000,0.000000,0.000000,0
6250,41.400002,81.999996,0.000000,43.732228,59.036051,0
6260,41.400002,81.999996,0.000000,0.000000,0.000000,0
6270,41.512500,82.249998,0.451172,27.414744,65.772745,1
6280,41.512500,82.249998,0.451172,0.000000,0.000000,1
6290,41.512500,82.249998,0.451172,0.000000,0.000000,1
6300,41.512500,82.249998,0.451172,0.000000,0.000000,1
6310,41.512500,82.249998,0.451172,0.000000,0.000000,1
6320,40.837500,81.375000,0.712891,110.510030,-127.647681,1
6330,40.387502,79.624998,0.813477,180.693252,-104.420705,1
6340,40.387502,79.624998,0.813477,0.000000,0.000000,1
6350,39.937501,78.000000,0.877930,168.615526,-105.478684,1
6360,39.937501,78.000000,0.877930,0.000000,0.000000,1
6370,39.600001,76.749996,0.932617,129.476476,-105.109531,1
6380,39.150000,75.499998,0.976563,132.853152,-109.798939,1
6390,39.150000,75.499998,0.976563,0.000000,0.000000,1
6400,38.700002,74.374998,1.000000,121.166144,-111.801334,1
6410,38.700002,74.374998,1.000000,0.000000,0.000000,1
6420,38.362502,73.125000,1.000000,129.475924,-105.109597,1
6430,38.362502,73.125000,1.000000,0.000000,0.000000,1
6440,37.687502,71.124996,1.000000,211.083876,-108.649506,1
6450,37.125000,69.750000,1.000000,148.560516,-112.249141,1
6460,37.125000,69.750000,1.000000,0.000000,0.000000,1
6470,36.450000,68.374998,1.000000,153.174908,-116.146810,1
6480,35.775000,67.125000,1.000000,142.060559,-118.369083,1
6490,35.775000,67.125000,1.000000,0.000000,0.000000,1
6500,34.875001,65.499996,1.000000,185.758872,-118.979628,1
6510,34.875001,65.499996,1.000000,0.000000,0.000000,1
6520,34.425000,64.875000,1.000000,77.014350,-125.754105,1
6530,34.087500,64.125000,1.000000,82.243921,-114.227745,1
6540,34.087500,64.125000,1.000000,0.000000,0.000000,1
6550,33.412500,63.249996,1.000000,110.510483,-127.647500,1
6560,33.412500,63.249996,1.000000,0.000000,0.000000,1
6570,32.850001,62.250000,1.000000,114.734374,-119.357810,1
6580,31.837501,60.750000,1.000000,180.973928,-124.019350,1
6590,31.837501,60.750000,1.000000,0.000000,0.000000,1
6600,31.050000,59.749998,1.000000,127.285561,-128.220409,1
6610,31.050000,59.749998,1.000000,0.000000,0.000000,1
6620,30.375000,58.749996,1.000000,120.649443,-124.019299,1
6630,29.587502,57.750000,1.000000,127.284953,-128.220478,1
6640,29.587502,57.750000,1.000000,0.000000,0.000000,1
6650,28.462501,56.374998,1.000000,177.658582,-129.289389,1
6660,28.462501,56.374998,1.000000,0.000000,0.000000,1
6670,27.787501,55.500000,1.000000,110.510030,-127.647681,1
6680,27.000000,54.750000,1.000000,108.750062,-136.397212,1
6690,27.000000,54.750000,1.000000,0.000000,0.000000,1
6700,26.325000,54.249996,1.000000,84.001715,-143.470936,1
6710,26.325000,54.249996,1.000000,0.000000,0.000000,1
6720,25.762501,53.749998,1.000000,75.259775,-138.366526,1
6730,25.087501,53.250000,1.000000,84.001375,-143.471249,1
6740,25.087501,53.250000,1.000000,0.000000,0.000000,1
6750,24.862502,53.124996,1.000000,25.739186,-150.944561,1
6760,24.862502,53.124996,1.000000,0.000000,0.000000,1
6770,24.862502,53.374998,0.959961,25.000191,90.000000,1
6780,24.862502,53.874996,0.000000,49.999809,90.000000,0
6790,24.862502,53.874996,0.000000,0.000000,0.000000,0
6800,25.987500,56.874996,0.000000,320.400080,69.443984,0
6810,25.987500,56.874996,0.000000,0.000000,0.000000,0
6820,27.000000,59.374998,0.000000,269.725152,67.952068,0
6830,28.575002,62.499996,0.000000,349.946331,63.251857,0
6840,28.575002,62.499996,0.000000,0.000000,0.000000,0
6850,30.937502,65.749998,0.000000,401.794956,53.985748,0
6860,30.937502,65.749998,0.000000,0.000000,0.000000,0
6870,33.637502,68.749998,0.000000,403.608721,48.012788,0
6880,37.462500,72.375000,0.000000,526.984352,43.462256,0
6890,37.462500,72.375000,0.000000,0.000000,0.000000,0
6900,40.500000,74.625000,0.000000,378.006696,36.528855,0
6910,40.500000,74.625000,0.000000,0.000000,0.000000,0
6920,42.862500,76.374996,0.000000,294.004981,36.528796,0
6930,44.550000,77.625000,0.000000,210.003947,36.528939,0
6940,44.550000,77.625000,0.000000,0.000000,0.000000,0
6950,46.237500,78.499998,0.000000,190.086241,27.407524,0
6960,46.237500,78.499998,0.000000,0.000000,0.000000,0
6970,46.012503,78.375000,0.000000,25.738683,-150.945396,0
6980,46.125002,78.375000,0.000000,11.249828,0.000000,0
6990,46.125002,78.375000,0.000000,0.000000,0.000000,0
7000,46.687503,78.874998,0.000000,75.259968,41.633344,0
7010,46.687503,78.874998,0.000000,0.000000,0.000000,0
7020,46.912500,78.874998,0.000000,22.499657,0.000000,0
7030,46.912500,78.874998,0.000000,0.000000,0.000000,0
7040,46.687503,78.874998,0.000000,22.499657,180.000000,0
7050,45.900000,78.874998,0.000000,78.750343,180.000000,0
7060,45.900000,78.874998,0.000000,0.000000,0.000000,0
7070,45.225000,78.874998,0.000000,67.500000,180.000000,0
7080,44.662503,78.874998,0.000000,56.249657,180.000000,0
7090,44.662503,78.874998,0.000000,0.000000,0.000000,0
7100,44.100002,78.874998,0.000000,56.250172,180.000000,0
7110,44.100002,78.874998,0.000000,0.000000,0.000000,0
7120,43.875000,78.874998,0.000000,22.500172,180.000000,0
7130,43.537500,79.249998,0.000000,50.451090,131.987212,0
7140,43.537500,79.249998,0.000000,0.000000,0.000000,0
7150,43.312503,79.624998,0.000000,43.731963,120.963371,0
7160,43.312503,79.624998,0.000000,0.000000,0.000000,0
7170,43.200000,79.999998,0.000000,39.151248,106.699725,0
7180,42.975001,80.124996,0.000000,25.738908,150.945674,0
7190,42.975001,80.124996,0.000000,0.000000,0.000000,0
7200,42.637501,80.124996,0.553711,33.750000,180.000000,1
7210,42.637501,80.124996,0.553711,0.000000,0.000000,1
7220,42.637501,80.124996,0.553711,0.000000,0.000000,1
7230,42.637501,80.124996,0.553711,0.000000,0.000000,1
7240,42.637501,80.124996,0.553711,0.000000,0.000000,1
7250,42.637501,80.124996,0.553711,0.000000,0.000000,1
7260,42.637501,80.124996,0.553711,0.000000,0.000000,1
7270,43.425002,79.125000,0.866211,127.285112,-51.779431,1
7280,43.987503,78.624996,0.923828,75.260348,-41.633670,1
7290,43.987503,78.624996,0.923828,0.000000,0.000000,1
7300,44.775002,78.124998,0.972656,93.281919,-32.412264,1
7310,44.775002,78.124998,0.972656,0.000000,0.000000,1
7320,45.675003,77.499996,1.000000,109.573285,-34.777862,1
7330,46.462502,76.999998,1.000000,93.281919,-32.412264,1
7340,46.462502,76.999998,1.000000,0.000000,0.000000,1
7350,47.700003,76.125000,1.000000,151.559631,-35.262915,1
7360,47.700003,76.125000,1.000000,0.000000,0.000000,1
7370,48.487502,75.499998,1.000000,100.537601,-38.437447,1
7380,49.275000,74.874996,1.000000,100.537601,-38.437447,1
7390,49.275000,74.874996,1.000000,0.000000,0.000000,1
7400,49.950000,74.250000,1.000000,91.991588,-42.797228,1
7410,49.950000,74.250000,1.000000,0.000000,0.000000,1
7420,50.850002,73.249998,1.000000,134.536497,-48.012788,1
7430,51.525002,72.750000,1.000000,84.001375,-36.528751,1
7440,51.525002,72.750000,1.000000,0.000000,0.000000,1
7450,52.087503,72.249996,1.000000,75.260348,-41.633670,1
7460,52.087503,72.249996,1.000000,0.000000,0.000000,1
7470,52.762503,71.749998,1.000000,84.001375,-36.528751,1
7480,53.325000,71.250000,1.000000,75.259583,-41.633604,1
7490,53.325000,71.250000,1.000000,0.000000,0.000000,1
7500,54.225002,70.624998,1.000000,109.573285,-34.777862,1
7510,54.225002,70.624998,1.000000,0.000000,0.000000,1
7520,54.900002,70.125000,1.000000,84.001375,-36.528751,1
7530,55.462503,69.624996,1.000000,75.260348,-41.633670,1
7540,55.462503,69.624996,1.000000,0.000000,0.000000,1
7550,56.137503,69.124998,1.000000,84.001375,-36.528751,1
7560,56.137503,69.124998,1.000000,0.000000,0.000000,1
7570,57.150003,68.374998,1.000000,126.002232,-36.528855,1
7580,57.825003,67.999998,1.000000,77.217226,-29.054604,1
7590,57.825003,67.999998,1.000000,0.000000,0.000000,1
7600,58.500003,67.624998,1.000000,77.217226,-29.054604,1
7610,58.500003,67.624998,1.000000,0.000000,0.000000,1
7620,59.175003,67.249998,1.000000,77.217226,-29.054604,1
7630,59.850003,66.874998,1.000000,77.217226,-29.054604,1
7640,59.850003,66.874998,1.000000,0.000000,0.000000,1
7650,61.087500,66.249996,1.000000,138.637121,-26.796216,1
7660,61.087500,66.249996,1.000000,0.000000,0.000000,1
7670,61.987502,65.874996,1.000000,97.500158,-22.619826,1
7680,62.887503,65.499996,1.000000,97.500158,-22.619826,1
7690,62.887503,65.499996,1.000000,0.000000,0.000000,1
7700,63.900003,65.250000,1.000000,104.290668,-13.869483,1
7710,63.900003,65.250000,1.000000,0.000000,0.000000,1
7720,65.250003,65.124996,1.000000,135.577504,-5.290242,1
7730,66.037502,64.999998,1.000000,79.735693,-9.019206,1
7740,66.037502,64.999998,1.000000,0.000000,0.000000,1
7750,66.600003,64.875000,1.000000,57.622279,-12.528586,1
7760,66.600003,64.875000,1.000000,0.000000,0.000000,1
7770,67.162500,64.875000,1.000000,56.249657,0.000000,1
7780,67.500000,65.124996,0.000000,42.000517,36.528437,0
7790,67.500000,65.124996,0.000000,0.000000,0.000000,0
7800,67.387502,65.749998,0.000000,63.504586,100.203791,0
7810,67.387502,65.749998,0.000000,0.000000,0.000000,0
7820,67.162500,66.874998,0.000000,114.727973,101.310017,0
7830,67.162500,66.874998,0.000000,0.000000,0.000000,0
7840,67.162500,66.874998,0.000000,0.000000,0.000000,0
7850,67.162500,66.874998,0.000000,0.000000,0.000000,0
7860,67.162500,66.874998,0.000000,0.000000,0.000000,0
7870,67.162500,66.874998,0.000000,0.000000,0.000000,0
7880,67.162500,66.874998,0.000000,0.000000,0.000000,0
7890,67.162500,66.874998,0.000000,0.000000,0.000000,0
7900,67.162500,66.874998,0.000000,0.000000,0.000000,0
7910,67.162500,66.874998,0.000000,0.000000,0.000000,0
7920,67.162500,66.874998,0.000000,0.000000,0.000000,0
7930,67.162500,66.874998,0.000000,0.000000,0.000000,0
7940,67.162500,66.874998,0.000000,0.000000,0.000000,0
7950,67.162500,66.874998,0.000000,0.000000,0.000000,0
7960,67.162500,66.874998,0.000000,0.000000,0.000000,0
7970,67.162500,66.874998,0.000000,0.000000,0.000000,0
7980,67.162500,66.874998,0.000000,0.000000,0.000000,0
7990,67.162500,66.874998,0.000000,0.000000,0.000000,0
8000,67.162500,66.874998,0.000000,0.000000,0.000000,0
8010,67.162500,66.874998,0.000000,0.000000,0.000000,0
8020,67.162500,66.874998,0.000000,0.000000,0.000000,0
8030,67.162500,66.874998,0.000000,0.000000,0.000000,0
8040,67.162500,66.874998,0.000000,0.000000,0.000000,0
8050,67.162500,66.874998,0.000000,0.000000,0.000000,0
8060,67.162500,66.874998,0.000000,0.000000,0.000000,0
8070,67.162500,66.874998,0.000000,0.000000,0.000000,0
8080,67.162500,66.874998,0.000000,0.000000,0.000000,0
8090,67.162500,66.874998,0.000000,0.000000,0.000000,0
8100,67.162500,66.874998,0.000000,0.000000,0.000000,0
8110,67.162500,66.874998,0.000000,0.000000,0.000000,0
8120,67.162500,66.874998,0.000000,0.000000,0.000000,0
8130,67.162500,66.874998,0.000000,0.000000,0.000000,0
8140,67.162500,66.874998,0.000000,0.000000,0.000000,0
8150,67.162500,66.874998,0.000000,0.000000,0.000000,0
8160,67.162500,66.874998,0.000000,0.000000,0.000000,0
8170,67.162500,66.874998,0.000000,0.000000,0.000000,0
8180,67.162500,66.874998,0.000000,0.000000,0.000000,0
8190,67.162500,66.874998,0.000000,0.000000,0.000000,0
8200,67.162500,66.874998,0.000000,0.000000,0.000000,0
8210,67.162500,66.874998,0.000000,0.000000,0.000000,0
8220,67.162500,66.874998,0.000000,0.000000,0.000000,0
8230,67.162500,66.874998,0.000000,0.000000,0.000000,0
8240,67.162500,66.874998,0.000000,0.000000,0.000000,0
8250,67.162500,66.874998,0.000000,0.000000,0.000000,0
8260,67.162500,66.874998,0.000000,0.000000,0.000000,0
8270,67.162500,66.874998,0.000000,0.000000,0.000000,0
8280,67.162500,66.874998,0.000000,0.000000,0.000000,0
8290,67.162500,66.874998,0.000000,0.000000,0.000000,0
8300,67.162500,66.874998,0.000000,0.000000,0.000000,0
8310,67.162500,66.874998,0.000000,0.000000,0.000000,0
8320,67.162500,66.874998,0.000000,0.000000,0.000000,0
8330,67.162500,66.874998,0.000000,0.000000,0.000000,0
8340,67.162500,66.874998,0.000000,0.000000,0.000000,0
8350,67.162500,66.874998,0.000000,0.000000,0.000000,0
8360,67.162500,66.874998,0.000000,0.000000,0.000000,0
8370,67.162500,66.874998,0.000000,0.000000,0.000000,0
8380,67.162500,66.874998,0.000000,0.000000,0.000000,0
8390,67.162500,66.874998,0.000000,0.000000,0.000000,0
8400,67.162500,66.874998,0.000000,0.000000,0.000000,0
8410,67.162500,66.874998,0.000000,0.000000,0.000000,0
8420,67.162500,66.874998,0.000000,0.000000,0.000000,0
8430,67.162500,66.874998,0.000000,0.000000,0.000000,0
8440,67.162500,66.874998,0.000000,0.000000,0.000000,0
8450,67.162500,66.874998,0.000000,0.000000,0.000000,0
8460,67.162500,66.874998,0.000000,0.000000,0.000000,0
8470,67.162500,66.874998,0.000000,0.000000,0.000000,0
8480,67.162500,66.874998,0.000000,0.000000,0.000000,0
8490,67.162500,66.874998,0.000000,0.000000,0.000000,0
8500,67.162500,66.874998,0.000000,0.000000,0.000000,0
8510,67.162500,66.874998,0.000000,0.000000,0.000000,0
8520,67.162500,66.874998,0.000000,0.000000,0.000000,0
8530,67.162500,66.874998,0.000000,0.000000,0.000000,0
8540,67.162500,66.874998,0.000000,0.000000,0.000000,0
8550,67.162500,66.874998,0.000000,0.000000,0.000000,0
8560,67.162500,66.874998,0.000000,0.000000,0.000000,0
8570,67.162500,66.874998,0.000000,0.000000,0.000000,0
8580,67.162500,66.874998,0.000000,0.000000,0.000000,0
8590,67.162500,66.874998,0.000000,0.000000,0.000000,0
8600,67.162500,66.874998,0.000000,0.000000,0.000000,0
8610,67.162500,66.874998,0.000000,0.000000,0.000000,0
8620,67.162500,66.874998,0.000000,0.000000,0.000000,0
8630,67.162500,66.874998,0.000000,0.000000,0.000000,0
8640,67.162500,66.874998,0.000000,0.000000,0.000000,0
8650,67.162500,66.874998,0.000000,0.000000,0.000000,0
8660,67.162500,66.874998,0.000000,0.000000,0.000000,0
8670,67.162500,66.874998,0.000000,0.000000,0.000000,0
8680,67.162500,66.874998,0.000000,0.000000,0.000000,0
8690,67.162500,66.874998,0.000000,0.000000,0.000000,0
8700,67.162500,66.874998,0.000000,0.000000,0.000000,0
8710,67.162500,66.874998,0.000000,0.000000,0.000000,0
8720,67.162500,66.874998,0.000000,0.000000,0.000000,0
8730,67.162500,66.874998,0.000000,0.000000,0.000000,0
8740,67.162500,66.874998,0.000000,0.000000,0.000000,0
8750,67.162500,66.874998,0.000000,0.000000,0.000000,0
8760,67.162500,66.874998,0.000000,0.000000,0.000000,0
8770,67.162500,66.874998,0.000000,0.000000,0.000000,0
8780,67.162500,66.874998,0.000000,0.000000,0.000000,0
8790,67.162500,66.874998,0.000000,0.000000,0.000000,0
8800,67.162500,66.874998,0.000000,0.000000,0.000000,0
8810,67.162500,66.874998,0.000000,0.000000,0.000000,0
8820,67.162500,66.874998,0.000000,0.000000,0.000000,0
8830,67.162500,66.874998,0.000000,0.000000,0.000000,0
8840,67.162500,66.874998,0.000000,0.000000,0.000000,0
8850,67.162500,66.874998,0.000000,0.000000,0.000000,0
8860,67.162500,66.874998,0.000000,0.000000,0.000000,0
8870,67.162500,66.874998,0.000000,0.000000,0.000000,0
8880,67.162500,66.874998,0.000000,0.000000,0.000000,0
8890,67.162500,66.874998,0.000000,0.000000,0.000000,0
8900,67.162500,66.874998,0.000000,0.000000,0.000000,0
8910,67.162500,66.874998,0.000000,0.000000,0.000000,0
8920,67.162500,66.874998,0.000000,0.000000,0.000000,0
8930,67.162500,66.874998,0.000000,0.000000,0.000000,0
8940,67.162500,66.874998,0.000000,0.000000,0.000000,0
8950,67.162500,66.874998,0.000000,0.000000,0.000000,0
8960,67.162500,66.874998,0.000000,0.000000,0.000000,0
8970,67.162500,66.874998,0.000000,0.000000,0.000000,0
8980,67.162500,66.874998,0.000000,0.000000,0.000000,0
8990,67.162500,66.874998,0.000000,0.000000,0.000000,0
9000,67.162500,66.874998,0.000000,0.000000,0.000000,0
9010,67.162500,66.874998,0.000000,0.000000,0.000000,0
9020,67.162500,66.874998,0.000000,0.000000,0.000000,0
9030,67.162500,66.874998,0.000000,0.000000,0.000000,0
9040,67.162500,66.874998,0.000000,0.000000,0.000000,0
9050,67.162500,66.874998,0.000000,0.000000,0.000000,0
9060,67.162500,66.874998,0.000000,0.000000,0.000000,0
9070,67.162500,66.874998,0.000000,0.000000,0.000000,0
9080,67.162500,66.874998,0.000000,0.000000,0.000000,0
9090,67.162500,66.874998,0.000000,0.000000,0.000000,0
9100,67.162500,66.874998,0.000000,0.000000,0.000000,0
9110,67.162500,66.874998,0.000000,0.000000,0.000000,0
9120,67.162500,66.874998,0.000000,0.000000,0.000000,0
9130,67.162500,66.874998,0.000000,0.000000,0.000000,0
9140,67.162500,66.874998,0.000000,0.000000,0.000000,0
9150,67.162500,66.874998,0.000000,0.000000,0.000000,0
9160,67.162500,66.874998,0.000000,0.000000,0.000000,0
9170,67.162500,66.874998,0.000000,0.000000,0.000000,0
9180,67.162500,66.874998,0.000000,0.000000,0.000000,0
9190,67.162500,66.874998,0.000000,0.000000,0.000000,0
9200,67.162500,66.874998,0.000000,0.000000,0.000000,0
9210,67.162500,66.874998,0.000000,0.000000,0.000000,0
9220,67.162500,66.874998,0.000000,0.000000,0.000000,0
9230,67.162500,66.874998,0.000000,0.000000,0.000000,0
9240,67.162500,66.874998,0.000000,0.000000,0.000000,0
9250,67.162500,66.874998,0.000000,0.000000,0.000000,0
9260,67.162500,66.874998,0.000000,0.000000,0.000000,0
9270,67.162500,66.874998,0.000000,0.000000,0.000000,0
9280,67.162500,66.874998,0.000000,0.000000,0.000000,0
9290,67.162500,66.874998,0.000000,0.000000,0.000000,0
9300,67.162500,66.874998,0.000000,0.000000,0.000000,0
9310,67.162500,66.874998,0.000000,0.000000,0.000000,0
9320,67.162500,66.874998,0.000000,0.000000,0.000000,0
9330,67.162500,66.874998,0.000000,0.000000,0.000000,0
9340,67.162500,66.874998,0.000000,0.000000,0.000000,0
9350,67.162500,66.874998,0.000000,0.000000,0.000000,0
9360,67.162500,66.874998,0.000000,0.000000,0.000000,0
9370,67.162500,66.874998,0.000000,0.000000,0.000000,0
9380,67.162500,66.874998,0.000000,0.000000,0.000000,0
9390,67.162500,66.874998,0.000000,0.000000,0.000000,0
9400,67.162500,66.874998,0.000000,0.000000,0.000000,0
9410,67.162500,66.874998,0.000000,0.000000,0.000000,0
9420,67.162500,66.874998,0.000000,0.000000,0.000000,0
9430,67.162500,66.874998,0.000000,0.000000,0.000000,0
9440,67.162500,66.874998,0.000000,0.000000,0.000000,0
9450,67.162500,66.874998,0.000000,0.000000,0.000000,0
9460,67.162500,66.874998,0.000000,0.000000,0.000000,0
9470,67.162500,66.874998,0.000000,0.000000,0.000000,0
9480,67.162500,66.874998,0.000000,0.000000,0.000000,0
9490,67.162500,66.874998,0.000000,0.000000,0.000000,0
9500,67.162500,66.874998,0.000000,0.000000,0.000000,0
9510,67.162500,66.874998,0.000000,0.000000,0.000000,0
9520,67.162500,66.874998,0.000000,0.000000,0.000000,0
9530,67.162500,66.874998,0.000000,0.000000,0.000000,0
9540,67.162500,66.874998,0.000000,0.000000,0.000000,0
9550,95.287503,93.999999,0.000000,3907.405143,43.963083,0
9560,95.287503,93.999999,0.000000,0.000000,0.000000,0
9570,96.637503,95.124999,0.000000,175.730618,39.805571,0
9580,98.325003,96.499998,0.000000,217.675874,39.173639,0
9590,98.325003,96.499998,0.000000,0.000000,0.000000,0
9600,98.775007,96.874998,0.000000,58.577136,39.805356,0
9610,98.775007,96.874998,0.000000,0.000000,0.000000,0
9620,98.325003,96.499998,0.000000,58.577136,-140.194644,0
9630,98.437507,96.750000,0.000000,27.414955,65.771764,0
9640,98.437507,96.750000,0.000000,0.000000,0.000000,0
9650,99.450007,97.749999,0.000000,142.307918,44.644103,0
9660,99.450007,97.749999,0.000000,0.000000,0.000000,0
9670,99.337503,97.999998,0.000000,27.414694,114.228481,0
9680,99.337503,97.999998,0.000000,0.000000,0.000000,0
9690,99.112507,97.999998,0.000000,22.499657,180.000000,0
9700,99.000003,97.999998,0.000000,11.250343,180.000000,0
9710,99.000003,97.999998,0.000000,0.000000,0.000000,0
9720,98.775007,97.999998,0.000000,22.499657,180.000000,0
9730,98.662503,97.999998,0.000000,11.250343,180.000000,0
9740,98.662503,97.999998,0.000000,0.000000,0.000000,0
9750,98.775007,97.999998,0.000000,11.250343,0.000000,0
9760,98.887500,98.124999,0.000000,16.816642,48.014744,0
9770,98.887500,98.124999,0.000000,0.000000,0.000000,0
9780,99.112507,98.250000,0.000000,25.739722,29.054047,0
9790,99.112507,98.250000,0.000000,0.000000,0.000000,0
9800,99.225000,98.749998,0.000000,51.249663,77.320319,0
9810,99.225000,98.749998,0.000000,0.000000,0.000000,0
9820,99.225000,98.874999,0.000000,12.500095,90.000000,0
9830,99.225000,99.124998,0.000000,24.999905,90.000000,0
9840,99.225000,99.124998,0.000000,0.000000,0.000000,0
9850,99.225000,99.249999,0.000000,12.500095,90.000000,0
9860,99.225000,99.249999,0.000000,0.000000,0.000000,0
9870,99.225000,99.499998,0.000000,24.999905,90.000000,0
9880,99.112507,99.624999,0.000000,16.816642,131.985256,0
9890,99.112507,99.624999,0.000000,0.000000,0.000000,0
9900,99.000003,99.750000,0.000000,16.817331,131.987865,0
9910,99.000003,99.750000,0.000000,0.000000,0.000000,0
9920,98.775007,99.874998,0.000000,25.738683,150.945396,0
9930,98.662503,99.874998,0.000000,11.250343,180.000000,0
9940,98.662503,99.874998,0.000000,0.000000,0.000000,0
9950,98.550000,99.999999,0.000000,16.817331,131.987865,0
9960,98.550000,99.999999,0.000000,0.000000,0.000000,0
9970,98.325003,99.999999,0.000000,22.499657,180.000000,0
9980,98.325003,99.999999,0.456055,0.000000,0.000000,1
9990,98.325003,99.999999,0.456055,0.000000,0.000000,1
10000,98.325003,99.999999,0.456055,0.000000,0.000000,1
10010,98.325003,99.999999,0.456055,0.000000,0.000000,1
10020,98.325003,99.999999,0.456055,0.000000,0.000000,1
10030,98.662503,99.999999,0.668945,33.750000,0.000000,1
10040,98.662503,99.999999,0.668945,0.000000,0.000000,1
10050,99.112507,99.999999,0.685547,45.000343,0.000000,1
10060,99.112507,99.999999,0.685547,0.000000,0.000000,1
10070,99.337503,99.874998,0.704102,25.738822,-29.055161,1
10080,99.562500,99.750000,0.728516,25.738683,-29.054604,1
10090,99.562500,99.750000,0.728516,0.000000,0.000000,1
10100,99.675003,99.249999,0.761719,51.250168,-77.319265,1
10110,99.675003,99.000000,0.789063,24.999905,-90.000000,1
10120,99.675003,99.000000,0.789063,0.000000,0.000000,1
10130,99.675003,98.499999,0.835938,50.000095,-90.000000,1
10140,99.675003,98.499999,0.835938,0.000000,0.000000,1
10150,99.450007,97.875000,0.898438,66.426445,-109.798626,1
10160,99.450007,97.875000,0.898438,0.000000,0.000000,1
10170,99.000003,97.125000,0.944336,87.464455,-120.963949,1
10180,98.437507,96.249999,0.975586,104.020626,-122.735039,1
10190,98.437507,96.249999,0.975586,0.000000,0.000000,1
10200,97.537500,94.875000,1.000000,164.336081,-123.206789,1
10210,97.537500,94.875000,1.000000,0.000000,0.000000,1
10220,96.637503,93.750000,1.000000,144.070081,-128.659702,1
10230,95.400007,92.124999,1.000000,204.255376,-127.290574,1
10240,95.400007,92.124999,1.000000,0.000000,0.000000,1
10250,94.050007,90.624999,1.000000,201.804361,-131.987212,1
10260,93.487500,90.000000,1.000000,84.085539,-131.987604,1
10270,93.487500,90.000000,1.000000,0.000000,0.000000,1
10280,92.812500,89.124999,1.000000,110.510256,-127.647590,1
10290,92.812500,89.124999,1.000000,0.000000,0.000000,1
10300,91.912503,88.249998,1.000000,125.523722,-135.806789,1
10310,91.012507,87.375000,1.000000,125.523523,-135.806883,1
10320,91.012507,87.375000,1.000000,0.000000,0.000000,1
10330,89.212503,85.749996,1.000000,242.500510,-137.924965,1
10340,89.212503,85.749996,1.000000,0.000000,0.000000,1
10350,88.425000,84.874998,1.000000,117.719298,-131.987399,1
10360,88.425000,84.874998,1.000000,0.000000,0.000000,1
10370,87.525003,84.124998,1.000000,117.153481,-140.194321,1
10380,86.737500,83.499996,1.000000,100.538005,-141.562735,1
10390,86.737500,83.499996,1.000000,0.000000,0.000000,1
10400,85.612502,82.624998,1.000000,142.521676,-142.125035,1
10410,85.050000,82.125000,1.000000,75.259968,-138.366656,1
10420,85.050000,82.125000,1.000000,0.000000,0.000000,1
10430,84.487503,81.750000,1.000000,67.603801,-146.309771,1
10440,84.487503,81.750000,1.000000,0.000000,0.000000,1
10450,84.150003,81.499998,1.000000,42.000858,-143.470936,1
10460,84.037500,81.375000,1.000000,16.817118,-131.988517,1
10470,84.037500,81.375000,1.000000,0.000000,0.000000,1
10480,84.150003,81.999996,0.782227,63.504114,79.795660,1
10490,84.150003,81.999996,0.782227,0.000000,0.000000,1
10500,84.375000,82.875000,0.000000,90.346839,75.579498,0
10510,84.600002,83.625000,0.000000,78.302348,73.300635,0
10520,84.600002,83.625000,0.000000,0.000000,0.000000,0
10530,84.600002,83.874996,0.000000,24.999619,90.000000,0
10540,84.600002,83.874996,0.000000,0.000000,0.000000,0
10550,85.162503,84.874998,0.000000,114.734999,60.642218,0
10560,87.862503,87.124998,0.000000,351.461235,39.805571,0
10570,87.862503,87.124998,0.000000,0.000000,0.000000,0
10580,89.775000,88.374999,0.000000,228.476377,33.168488,0
10590,89.775000,88.374999,0.000000,0.000000,0.000000,0
10600,91.125000,88.624998,0.000000,137.295285,10.491438,0
10610,90.900003,88.249998,0.000000,43.731963,-120.963371,0
10620,90.900003,88.249998,0.000000,0.000000,0.000000,0
10630,90.450000,88.125000,0.000000,46.704134,-164.476227,0
10640,90.450000,88.125000,0.000000,0.000000,0.000000,0
10650,91.012507,88.624998,0.000000,75.260353,41.633084,0
10660,91.687507,88.749999,0.000000,68.647668,10.491555,0
10670,91.687507,88.749999,0.000000,0.000000,0.000000,0
10680,91.575003,88.374999,0.000000,39.151248,-106.699725,0
10690,91.575003,88.374999,0.000000,0.000000,0.000000,0
10700,90.787500,87.874998,0.000000,93.282507,-147.587757,0
10710,90.787500,87.874998,0.000000,0.000000,0.000000,0
10720,89.212503,86.749998,0.000000,193.552039,-144.462263,0
10730,88.875003,86.250000,0.000000,60.324484,-124.019451,0
10740,88.875003,86.250000,0.000000,0.000000,0.000000,0
10750,88.875003,86.250000,0.000000,0.000000,0.000000,0
10760,88.875003,86.250000,0.000000,0.000000,0.000000,0
10770,88.875003,86.250000,0.000000,0.000000,0.000000,0
10780,89.100000,86.374998,0.000000,25.738683,29.054604,0
10790,89.100000,86.374998,0.000000,0.000000,0.000000,0
10800,89.437500,86.499996,0.000000,35.990384,20.322852,0
10810,89.437500,86.499996,0.000000,0.000000,0.000000,0
10820,89.437500,86.499996,0.000000,0.000000,0.000000,0
10830,89.437500,86.499996,0.000000,0.000000,0.000000,0
10840,89.437500,86.499996,0.000000,0.000000,0.000000,0
10850,89.325007,86.625000,0.000000,16.816854,131.984604,0
10860,89.325007,86.625000,0.000000,0.000000,0.000000,0
10870,88.762500,86.374998,0.000000,61.556066,-156.037608,0
10880,88.312507,86.250000,0.000000,46.703142,-164.475889,0
10890,88.312507,86.250000,0.000000,0.000000,0.000000,0
10900,87.750000,86.124996,0.000000,57.622906,-167.470970,0
10910,87.187503,86.124996,0.000000,56.249657,180.000000,0
10920,87.075000,86.124996,0.418945,11.250343,180.000000,1
10930,87.075000,86.124996,0.418945,0.000000,0.000000,1
10940,87.075000,86.124996,0.418945,0.000000,0.000000,1
10950,87.075000,86.124996,0.418945,0.000000,0.000000,1
10960,87.637507,86.124996,0.689453,56.250687,0.000000,1
10970,87.637507,86.124996,0.689453,0.000000,0.000000,1
10980,88.200003,86.250000,0.765625,57.621900,12.529252,1
10990,88.200003,86.250000,0.765625,0.000000,0.000000,1
11000,88.987507,86.250000,0.807617,78.750343,0.000000,1
11010,90.000007,85.999998,0.859375,104.290805,-13.869788,1
11020,90.000007,85.999998,0.859375,0.000000,0.000000,1
11030,90.562503,85.749996,0.879883,61.555125,-23.962781,1
11040,90.562503,85.749996,0.879883,0.000000,0.000000,1
11050,91.012507,85.500000,0.897461,51.478266,-29.054047,1
11060,91.350007,85.249998,0.915039,42.000858,-36.529064,1
11070,91.350007,85.249998,0.915039,0.000000,0.000000,1
11080,91.687507,84.999996,0.939453,42.000858,-36.529064,1
11090,91.687507,84.999996,0.939453,0.000000,0.000000,1
11100,92.137500,84.375000,0.985352,77.013898,-54.246361,1
11110,92.362507,83.874996,1.000000,54.829910,-65.771764,1
11120,92.362507,83.874996,1.000000,0.000000,0.000000,1
11130,92.587503,83.374998,1.000000,54.828966,-65.772500,1
11140,92.587503,83.374998,1.000000,0.000000,0.000000,1
11150,92.700007,82.875000,1.000000,51.249889,-77.319195,1
11160,93.037507,82.249998,1.000000,71.030531,-61.631027,1
11170,93.037507,82.249998,1.000000,0.000000,0.000000,1
11180,93.262503,81.750000,1.000000,54.828966,-65.772500,1
11190,93.262503,81.750000,1.000000,0.000000,0.000000,1
11200,93.487500,81.124998,1.000000,66.426714,-70.201458,1
11210,93.712507,80.625000,1.000000,54.829388,-65.771519,1
11220,93.712507,80.625000,1.000000,0.000000,0.000000,1
11230,93.937503,79.999998,1.000000,66.426714,-70.201458,1
11240,93.937503,79.999998,1.000000,0.000000,0.000000,1
11250,94.050007,79.500000,1.000000,51.249889,-77.319195,1
11260,94.387507,78.499998,1.000000,105.541938,-71.350494,1
11270,94.387507,78.499998,1.000000,0.000000,0.000000,1
11280,94.500000,77.874996,1.000000,63.504495,-79.796666,1
11290,94.500000,77.874996,1.000000,0.000000,0.000000,1
11300,94.612503,77.124996,1.000000,75.839107,-81.468978,1
11310,94.725007,76.374996,1.000000,75.839107,-81.468978,1
11320,94.725007,76.374996,1.000000,0.000000,0.000000,1
11330,94.725007,75.499998,1.000000,87.499809,-90.000000,1
11340,94.725007,75.499998,1.000000,0.000000,0.000000,1
11350,94.725007,74.124996,1.000000,137.500191,-90.000000,1
11360,94.725007,73.249998,1.000000,87.499809,-90.000000,1
11370,94.725007,73.249998,1.000000,0.000000,0.000000,1
11380,94.837500,72.375000,1.000000,88.219973,-82.674020,1
11390,94.837500,72.375000,1.000000,0.000000,0.000000,1
11400,94.837500,71.124996,1.000000,125.000381,-90.000000,1
11410,94.837500,70.125000,1.000000,99.999619,-90.000000,1
11420,94.837500,70.125000,1.000000,0.000000,0.000000,1
11430,94.725007,69.124998,1.000000,100.630936,-96.418386,1
11440,94.725007,69.124998,1.000000,0.000000,0.000000,1
11450,94.725007,68.124996,1.000000,100.000191,-90.000000,1
11460,94.725007,67.125000,1.000000,99.999619,-90.000000,1
11470,94.725007,67.125000,1.000000,0.000000,0.000000,1
11480,94.725007,65.124996,1.000000,200.000381,-90.000000,1
11490,94.725007,65.124996,1.000000,0.000000,0.000000,1
11500,94.612503,63.750000,1.000000,137.959107,-94.677573,1
11510,94.500000,62.499996,1.000000,125.505640,-95.142905,1
11520,94.500000,62.499996,1.000000,0.000000,0.000000,1
11530,94.500000,61.500000,1.000000,99.999619,-90.000000,1
11540,94.500000,61.500000,1.000000,0.000000,0.000000,1
11550,94.500000,60.249996,1.000000,125.000381,-90.000000,1
11560,94.500000,58.875000,1.000000,137.499619,-90.000000,1
11570,94.500000,58.875000,1.000000,0.000000,0.000000,1
11580,94.500000,57.750000,1.000000,112.500000,-90.000000,1
11590,94.500000,57.750000,1.000000,0.000000,0.000000,1
11600,94.612503,56.499996,1.000000,125.505640,-84.857095,1
11610,94.612503,55.374996,1.000000,112.500000,-90.000000,1
11620,94.612503,55.374996,1.000000,0.000000,0.000000,1
11630,94.612503,53.625000,1.000000,174.999619,-90.000000,1
11640,94.612503,53.625000,1.000000,0.000000,0.000000,1
11650,94.612503,52.374996,1.000000,125.000381,-90.000000,1
11660,94.612503,51.249996,1.000000,112.500000,-90.000000,1
11670,94.612503,51.249996,1.000000,0.000000,0.000000,1
11680,94.612503,49.999998,1.000000,124.999809,-90.000000,1
11690,94.612503,49.999998,1.000000,0.000000,0.000000,1
11700,94.725007,48.249996,1.000000,175.361447,-86.321653,1
11710,94.725007,47.124996,1.000000,112.500000,-90.000000,1
11720,94.725007,47.124996,1.000000,0.000000,0.000000,1
11730,94.837500,45.999996,1.000000,113.061032,-84.289753,1
11740,94.837500,45.999996,1.000000,0.000000,0.000000,1
11750,94.837500,45.124998,1.000000,87.499809,-90.000000,1
11760,94.837500,44.499996,1.000000,62.500191,-90.000000,1
11770,94.837500,44.499996,1.000000,0.000000,0.000000,1
11780,94.950003,43.374996,1.000000,113.061135,-84.289234,1
11790,94.950003,43.374996,1.000000,0.000000,0.000000,1
11800,95.062507,42.624996,1.000000,75.839107,-81.468978,1
11810,95.175000,42.000000,1.000000,63.503932,-79.796575,1
11820,95.175000,42.000000,1.000000,0.000000,0.000000,1
11830,95.175000,41.749998,1.000000,25.000191,-90.000000,1
11840,95.175000,41.749998,1.000000,0.000000,0.000000,1
11850,94.500000,44.124996,0.000000,246.905669,105.865720,0
11860,94.500000,44.124996,0.000000,0.000000,0.000000,0
11870,94.050007,46.249998,0.000000,217.212498,101.956397,0
11880,94.050007,46.249998,0.000000,0.000000,0.000000,0
11890,94.162500,48.624996,0.000000,237.766075,87.288180,0
11900,95.175000,51.499998,0.000000,304.808009,70.599078,0
11910,95.175000,51.499998,0.000000,0.000000,0.000000,0
11920,97.537500,57.000000,0.000000,598.593579,66.754286,0
11930,97.537500,57.000000,0.000000,0.000000,0.000000,0
11940,97.537500,57.000000,0.000000,0.000000,0.000000,0
11950,97.537500,57.000000,0.000000,0.000000,0.000000,0
11960,97.537500,57.000000,0.000000,0.000000,0.000000,0
11970,97.537500,57.000000,0.000000,0.000000,0.000000,0
11980,97.537500,57.000000,0.000000,0.000000,0.000000,0
11990,97.537500,57.000000,0.000000,0.000000,0.000000,0
12000,97.537500,57.000000,0.000000,0.000000,0.000000,0
12010,97.537500,57.000000,0.000000,0.000000,0.000000,0
12020,97.537500,57.000000,0.000000,0.000000,0.000000,0
12030,97.537500,57.000000,0.000000,0.000000,0.000000,0
12040,97.537500,57.000000,0.000000,0.000000,0.000000,0
12050,97.537500,57.000000,0.000000,0.000000,0.000000,0
12060,97.537500,57.000000,0.000000,0.000000,0.000000,0
12070,97.537500,57.000000,0.000000,0.000000,0.000000,0
12080,97.537500,57.000000,0.000000,0.000000,0.000000,0
12090,97.537500,57.000000,0.000000,0.000000,0.000000,0
12100,97.537500,57.000000,0.000000,0.000000,0.000000,0
12110,97.537500,57.000000,0.000000,0.000000,0.000000,0
12120,97.537500,57.000000,0.000000,0.000000,0.000000,0
12130,97.537500,57.000000,0.000000,0.000000,0.000000,0
12140,114.075000,92.499999,0.000000,3916.297791,65.021774,0
12150,113.737500,92.625000,0.000000,35.990483,159.676721,0
12160,113.737500,92.625000,0.000000,0.000000,0.000000,0
12170,113.512503,92.874999,0.000000,33.633760,131.986886,0
12180,113.512503,92.874999,0.000000,0.000000,0.000000,0
12190,112.950007,92.874999,0.000000,56.249657,180.000000,0
12200,112.500003,93.124998,0.000000,51.478405,150.945674,0
12210,112.500003,93.124998,0.000000,0.000000,0.000000,0
12220,112.050000,93.124998,0.000000,45.000343,180.000000,0
12230,112.050000,93.124998,0.000000,0.000000,0.000000,0
12240,111.825003,93.124998,0.000000,22.499657,180.000000,0
12250,111.600007,93.124998,0.000000,22.499657,180.000000,0
12260,111.600007,93.124998,0.000000,0.000000,0.000000,0
12270,111.487503,93.000000,0.000000,16.817118,-131.988517,0
12280,111.487503,93.000000,0.000000,0.000000,0.000000,0
12290,111.262507,92.374998,0.000000,66.426714,-109.798542,0
12300,111.037500,91.999998,0.000000,43.732492,-120.964528,0
12310,111.037500,91.999998,0.000000,0.000000,0.000000,0
12320,110.475003,91.749999,0.000000,61.555009,-156.037462,0
12330,110.475003,91.749999,0.000000,0.000000,0.000000,0
12340,109.912507,91.624998,0.000000,57.621838,-167.471026,0
12350,109.462503,91.500000,0.000000,46.704134,-164.476227,0
12360,109.462503,91.500000,0.000000,0.000000,0.000000,0
12370,109.125003,91.500000,0.000000,33.750000,180.000000,0
12380,109.125003,91.500000,0.000000,0.000000,0.000000,0
12390,108.787503,91.624998,0.000000,35.990384,159.677148,0
12400,108.562507,91.749999,0.000000,25.738822,150.944839,0
12410,108.562507,91.749999,0.000000,0.000000,0.000000,0
12420,108.225007,91.749999,0.000000,33.750000,180.000000,0
12430,108.225007,91.749999,0.000000,0.000000,0.000000,0
12440,107.887507,91.749999,0.000000,33.750000,180.000000,0
12450,107.437503,91.500000,0.466797,51.478405,-150.945674,1
12460,107.437503,91.500000,0.466797,0.000000,0.000000,1
12470,107.437503,91.500000,0.466797,0.000000,0.000000,1
12480,107.437503,91.500000,0.466797,0.000000,0.000000,1
12490,107.437503,91.500000,0.466797,0.000000,0.000000,1
12500,107.437503,91.500000,0.466797,0.000000,0.000000,1
12510,107.437503,91.500000,0.466797,0.000000,0.000000,1
12520,107.550007,91.500000,0.777344,11.250343,0.000000,1
12530,107.550007,91.500000,0.777344,0.000000,0.000000,1
12540,108.225007,91.875000,0.815430,77.217226,29.054604,1
12550,109.125003,92.250000,0.850586,97.499683,22.619943,1
12560,109.125003,92.250000,0.850586,0.000000,0.000000,1
12570,110.475003,92.749998,0.878906,143.961734,20.323066,1
12580,110.475003,92.749998,0.878906,0.000000,0.000000,1
12590,112.612507,93.499998,0.897461,226.526399,19.334780,1
12600,113.737500,93.874998,0.905273,118.584761,18.435054,1
12610,113.737500,93.874998,0.905273,0.000000,0.000000,1
12620,114.862503,94.125000,0.908203,115.244682,12.528863,1
12630,114.862503,94.125000,0.908203,0.000000,0.000000,1
12640,115.875003,94.374999,0.911133,104.290737,13.869636,1
12650,116.662507,94.500000,0.912109,79.736246,9.019351,1
12660,116.662507,94.500000,0.912109,0.000000,0.000000,1
12670,117.225003,94.624998,0.916016,57.621776,12.528697,1
12680,117.225003,94.624998,0.916016,0.000000,0.000000,1
12690,118.462500,94.875000,0.916016,126.249701,11.421302,1
12700,119.137500,94.875000,0.916016,67.500000,0.000000,1
12710,119.137500,94.875000,0.916016,0.000000,0.000000,1
12720,119.700007,94.875000,0.916992,56.250687,0.000000,1
12730,119.700007,94.875000,0.916992,0.000000,0.000000,1
12740,120.262503,94.875000,0.918945,56.249657,0.000000,1
12750,121.162500,94.875000,0.919922,89.999657,0.000000,1
12760,121.162500,94.875000,0.919922,0.000000,0.000000,1
12770,121.725007,94.875000,0.921875,56.250687,0.000000,1
12780,121.725007,94.875000,0.921875,0.000000,0.000000,1
12790,122.287503,94.875000,0.921875,56.249657,0.000000,1
12800,122.737507,94.875000,0.922852,45.000343,0.000000,1
12810,122.737507,94.875000,0.922852,0.000000,0.000000,1
12820,123.075007,94.875000,0.924805,33.750000,0.000000,1
12830,123.075007,94.875000,0.924805,0.000000,0.000000,1
12840,123.525000,94.749999,0.925781,46.703218,-15.524449,1
12850,123.862500,94.624998,0.925781,35.990483,-20.323279,1
12860,123.862500,94.624998,0.925781,0.000000,0.000000,1
12870,124.087507,94.624998,0.924805,22.500687,0.000000,1
12880,124.087507,94.624998,0.924805,0.000000,0.000000,1
12890,124.200000,94.500000,0.924805,16.816429,-48.014092,1
12900,124.425007,94.249998,0.925781,33.634661,-48.012135,1
12910,124.425007,94.249998,0.925781,0.000000,0.000000,1
12920,124.537500,93.999999,0.934570,27.414272,-65.773482,1
12930,124.537500,93.999999,0.934570,0.000000,0.000000,1
12940,124.537500,93.624999,0.942383,37.500000,-90.000000,1
12950,124.537500,93.124998,0.947266,50.000095,-90.000000,1
12960,124.537500,93.124998,0.947266,0.000000,0.000000,1
12970,124.425007,92.625000,0.954102,51.249663,-102.679681,1
12980,124.425007,92.625000,0.954102,0.000000,0.000000,1
12990,124.200000,91.624998,0.964844,102.500337,-102.680735,1
13000,123.975003,90.999999,0.969727,66.426445,-109.798626,1
13010,123.975003,90.999999,0.969727,0.000000,0.000000,1
13020,123.750007,90.375000,0.975586,66.426445,-109.798626,1
13030,123.750007,90.375000,0.975586,0.000000,0.000000,1
13040,123.525000,89.874999,0.980469,54.829649,-114.228359,1
13050,123.187500,88.875000,0.980469,105.541667,-108.649555,1
13060,123.187500,88.875000,0.980469,0.000000,0.000000,1
13070,122.962503,88.374999,0.982422,54.829227,-114.227377,1
13080,122.962503,88.374999,0.982422,0.000000,0.000000,1
13090,122.737507,87.624999,0.984375,78.302200,-106.699004,1
13100,122.400007,87.000000,0.983398,71.030279,-118.369083,1
13110,122.400007,87.000000,0.983398,0.000000,0.000000,1
13120,122.287503,86.250000,0.982422,75.839107,-98.531022,1
13130,122.287503,86.250000,0.982422,0.000000,0.000000,1
13140,122.062507,85.624998,0.982422,66.426714,-109.798542,1
13150,121.837500,84.499998,0.984375,114.728074,-101.310269,1
13160,121.837500,84.499998,0.984375,0.000000,0.000000,1
13170,121.612503,83.749998,0.986328,78.302200,-106.699004,1
13180,121.612503,83.749998,0.986328,0.000000,0.000000,1
13190,121.612503,82.999998,0.990234,75.000000,-90.000000,1
13200,121.500000,82.125000,1.000000,88.220105,-97.326644,1
13210,121.500000,82.125000,1.000000,0.000000,0.000000,1
13220,121.387507,81.000000,1.000000,113.061032,-95.710247,1
13230,121.387507,81.000000,1.000000,0.000000,0.000000,1
13240,121.387507,80.250000,1.000000,75.000000,-90.000000,1
13250,121.387507,79.374996,1.000000,87.500381,-90.000000,1
13260,121.387507,79.374996,1.000000,0.000000,0.000000,1
13270,121.387507,78.624996,1.000000,75.000000,-90.000000,1
13280,121.387507,78.624996,1.000000,0.000000,0.000000,1
13290,121.500000,77.874996,1.000000,75.838955,-81.469747,1
13300,121.612503,76.875000,1.000000,100.630482,-83.580995,1
13310,121.612503,76.875000,1.000000,0.000000,0.000000,1
13320,121.837500,76.125000,1.000000,78.302200,-73.300996,1
13330,121.837500,76.125000,1.000000,0.000000,0.000000,1
13340,121.950003,75.499998,1.000000,63.504678,-79.795752,1
13350,122.400007,74.625000,1.000000,98.393331,-62.783660,1
13360,122.400007,74.625000,1.000000,0.000000,0.000000,1
13370,122.737507,74.124996,1.000000,60.324959,-55.980853,1
13380,122.737507,74.124996,1.000000,0.000000,0.000000,1
13390,123.075007,73.624998,1.000000,60.324484,-55.980549,1
13400,123.412507,72.999996,1.000000,71.030531,-61.631027,1
13410,123.412507,72.999996,1.000000,0.000000,0.000000,1
13420,123.750007,72.499998,1.000000,60.324484,-55.980549,1
13430,123.750007,72.499998,1.000000,0.000000,0.000000,1
13440,124.087507,71.874996,1.000000,71.030531,-61.631027,1
13450,124.650003,71.124996,1.000000,93.749794,-53.130270,1
13460,124.650003,71.124996,1.000000,0.000000,0.000000,1
13470,124.987503,70.624998,1.000000,60.324484,-55.980549,1
13480,124.987503,70.624998,1.000000,0.000000,0.000000,1
13490,125.212500,70.125000,1.000000,54.828966,-65.772500,1
13500,125.550000,69.624996,1.000000,60.324959,-55.980853,1
13510,125.550000,69.624996,1.000000,0.000000,0.000000,1
13520,125.887500,68.749998,1.000000,93.783149,-68.907619,1
13530,125.887500,68.749998,1.000000,0.000000,0.000000,1
13540,126.225000,68.124996,1.000000,71.030531,-61.631027,1
13550,126.450007,67.500000,1.000000,66.426525,-70.200455,1
13560,126.450007,67.500000,1.000000,0.000000,0.000000,1
13570,126.787507,66.874998,1.000000,71.030531,-61.631027,1
13580,127.012503,66.249996,1.000000,66.426714,-70.201458,1
13590,127.012503,66.249996,1.000000,0.000000,0.000000,1
13600,127.237500,65.250000,1.000000,102.499552,-77.319757,1
13610,127.237500,65.250000,1.000000,0.000000,0.000000,1
13620,127.237500,64.500000,1.000000,75.000000,-90.000000,1
13630,127.237500,63.624996,1.000000,87.500381,-90.000000,1
13640,127.237500,63.624996,1.000000,0.000000,0.000000,1
13650,127.237500,62.874996,1.000000,75.000000,-90.000000,1
13660,127.237500,62.874996,1.000000,0.000000,0.000000,1
13670,127.237500,61.875000,1.000000,99.999619,-90.000000,1
13680,127.237500,61.875000,1.000000,0.000000,0.000000,1
13690,127.125007,61.125000,1.000000,75.838955,-98.530253,1
13700,126.900000,60.375000,1.000000,78.302496,-106.699725,1
13710,126.900000,60.375000,1.000000,0.000000,0.000000,1
13720,126.675003,59.625000,1.000000,78.302200,-106.699004,1
13730,126.450007,58.749996,1.000000,90.346839,-104.420502,1
13740,126.450007,58.749996,1.000000,0.000000,0.000000,1
13750,125.887500,57.499998,1.000000,137.073309,-114.228040,1
13760,125.887500,57.499998,1.000000,0.000000,0.000000,1
13770,125.550000,56.749998,1.000000,82.243921,-114.227745,1
13780,125.550000,56.749998,1.000000,0.000000,0.000000,1
13790,125.212500,56.124996,1.000000,71.030531,-118.368973,1
13800,124.875000,55.374996,1.000000,82.243921,-114.227745,1
13810,124.875000,55.374996,1.000000,0.000000,0.000000,1
13820,124.537500,54.750000,1.000000,71.030028,-118.369193,1
13830,124.537500,54.750000,1.000000,0.000000,0.000000,1
13840,123.750007,53.625000,1.000000,137.323357,-124.991785,1
13850,123.187500,52.875000,1.000000,93.750412,-126.870233,1
13860,123.187500,52.875000,1.000000,0.000000,0.000000,1
13870,122.625003,52.374996,1.000000,75.259963,-138.366070,1
13880,122.062507,51.874998,1.000000,75.259583,-138.366396,1
13890,122.062507,51.874998,1.000000,0.000000,0.000000,1
13900,121.275003,51.499998,1.000000,87.223085,-154.536752,1
13910,121.275003,51.499998,1.000000,0.000000,0.000000,1
13920,120.600003,51.249996,1.000000,71.980966,-159.676721,1
13930,120.600003,51.249996,1.000000,0.000000,0.000000,1
13940,119.925003,51.249996,1.000000,67.500000,180.000000,1
13950,118.912503,51.249996,1.000000,101.250000,180.000000,1
13960,118.912503,51.249996,1.000000,0.000000,0.000000,1
13970,116.662507,51.249996,1.000000,224.999657,180.000000,1
13980,116.662507,51.249996,1.000000,0.000000,0.000000,1
13990,115.200003,51.499998,1.000000,148.371737,170.299558,1
14000,113.737500,51.750000,1.000000,148.371737,170.299558,1
14010,113.737500,51.750000,1.000000,0.000000,0.000000,1
14020,112.387500,52.125000,1.000000,140.111563,164.475889,1
14030,112.387500,52.125000,1.000000,0.000000,0.000000,1
14040,111.150003,52.749996,1.000000,138.636863,153.203995,1
14050,110.250007,53.124996,1.000000,97.499683,157.380057,1
14060,110.250007,53.124996,1.000000,0.000000,0.000000,1
14070,109.462503,53.749998,1.000000,100.538005,141.562735,1
14080,109.012500,54.375000,1.000000,77.014964,125.754012,1
14090,109.012500,54.375000,1.000000,0.000000,0.000000,1
14100,108.675000,55.125000,1.000000,82.243921,114.227745,1
14110,108.675000,55.125000,1.000000,0.000000,0.000000,1
14120,108.337500,56.250000,0.996094,117.453448,106.699244,1
14130,108.337500,56.250000,0.996094,0.000000,0.000000,1
14140,108.450003,57.249996,0.992188,100.630482,83.580995,1
14150,109.350000,58.624998,0.991211,164.335756,56.793566,1
14160,109.350000,58.624998,0.991211,0.000000,0.000000,1
14170,110.812503,60.000000,0.990234,200.737304,43.233702,1
14180,112.387500,61.125000,0.990234,193.552039,35.537737,1
14190,112.387500,61.125000,0.990234,0.000000,0.000000,1
14200,114.300007,62.374998,1.000000,228.477083,33.168287,1
14210,114.300007,62.374998,1.000000,0.000000,0.000000,1
14220,117.675007,64.249998,1.000000,386.086130,29.054604,1
14230,117.675007,64.249998,1.000000,0.000000,0.000000,1
14240,120.375007,65.625000,1.000000,302.995549,26.987923,1
14250,123.187500,66.999996,1.000000,313.061210,26.053488,1
14260,123.187500,66.999996,1.000000,0.000000,0.000000,1
14270,128.025003,69.124998,1.000000,528.366091,23.714759,1
14280,131.512507,70.374996,1.000000,370.475039,19.718799,1
14290,131.512507,70.374996,1.000000,0.000000,0.000000,1
14300,135.000000,71.625000,1.000000,370.474262,19.718936,1
14310,135.000000,71.625000,1.000000,0.000000,0.000000,1
14320,138.487503,72.624996,1.000000,362.803977,15.999555,1
14330,142.087500,73.374996,1.000000,367.729184,11.768300,1
14340,142.087500,73.374996,1.000000,0.000000,0.000000,1
14350,145.350007,73.624998,1.000000,327.207152,4.381942,1
14360,145.350007,73.624998,1.000000,0.000000,0.000000,1
14370,149.175000,73.749996,1.000000,382.703501,1.871720,1
14380,149.175000,73.749996,1.000000,0.000000,0.000000,1
14390,151.200000,73.749996,1.000000,202.500000,0.000000,1
14400,152.887500,73.875000,1.000000,169.212358,4.236524,1
14410,152.887500,73.875000,1.000000,0.000000,0.000000,1
14420,154.012503,73.999998,1.000000,113.192634,6.340077,1
14430,154.575000,73.999998,1.000000,56.249657,0.000000,1
14440,154.575000,73.999998,1.000000,0.000000,0.000000,1
14450,154.687503,73.999998,1.000000,11.250343,0.000000,1
14460,154.687503,73.999998,1.000000,0.000000,0.000000,1
14470,153.675003,74.250000,0.000000,104.290805,166.130212,0
14480,152.775007,74.499996,0.000000,93.407276,164.476058,0
14490,152.775007,74.499996,0.000000,0.000000,0.000000,0
14500,152.100007,74.874996,0.000000,77.217226,150.945396,0
14510,152.100007,74.874996,0.000000,0.000000,0.000000,0
14520,151.875000,75.750000,0.000000,90.347095,104.421135,0
14530,151.875000,76.374996,0.000000,62.499619,90.000000,0
14540,151.875000,76.374996,0.000000,0.000000,0.000000,0
14550,151.875000,76.374996,0.000000,0.000000,0.000000,0
14560,151.875000,76.374996,0.000000,0.000000,0.000000,0
14570,151.875000,76.374996,0.000000,0.000000,0.000000,0
14580,151.875000,76.374996,0.000000,0.000000,0.000000,0
14590,151.875000,76.374996,0.000000,0.000000,0.000000,0
14600,151.875000,76.374996,0.000000,0.000000,0.000000,0
14610,151.875000,76.374996,0.000000,0.000000,0.000000,0
14620,151.875000,76.374996,0.000000,0.000000,0.000000,0
14630,151.875000,76.374996,0.000000,0.000000,0.000000,0
14640,151.875000,76.374996,0.000000,0.000000,0.000000,0
14650,151.875000,76.374996,0.000000,0.000000,0.000000,0
14660,151.875000,76.374996,0.000000,0.000000,0.000000,0
14670,151.875000,76.374996,0.000000,0.000000,0.000000,0
14680,151.875000,76.374996,0.000000,0.000000,0.000000,0
14690,151.875000,76.374996,0.000000,0.000000,0.000000,0
14700,151.875000,76.374996,0.000000,0.000000,0.000000,0
14710,151.875000,76.374996,0.000000,0.000000,0.000000,0
14720,151.875000,76.374996,0.000000,0.000000,0.000000,0
14730,151.875000,76.374996,0.000000,0.000000,0.000000,0
14740,151.875000,76.374996,0.000000,0.000000,0.000000,0
14750,151.875000,76.374996,0.000000,0.000000,0.000000,0
14760,151.875000,76.374996,0.000000,0.000000,0.000000,0
14770,151.875000,76.374996,0.000000,0.000000,0.000000,0
14780,151.875000,76.374996,0.000000,0.000000,0.000000,0
14790,151.875000,76.374996,0.000000,0.000000,0.000000,0
14800,151.875000,76.374996,0.000000,0.000000,0.000000,0
14810,151.875000,76.374996,0.000000,0.000000,0.000000,0
14820,151.875000,76.374996,0.000000,0.000000,0.000000,0
14830,151.875000,76.374996,0.000000,0.000000,0.000000,0
14840,151.875000,76.374996,0.000000,0.000000,0.000000,0
14850,151.875000,76.374996,0.000000,0.000000,0.000000,0
14860,151.875000,76.374996,0.000000,0.000000,0.000000,0
14870,151.875000,76.374996,0.000000,0.000000,0.000000,0
14880,151.875000,76.374996,0.000000,0.000000,0.000000,0
14890,151.875000,76.374996,0.000000,0.000000,0.000000,0
14900,151.875000,76.374996,0.000000,0.000000,0.000000,0
14910,151.875000,76.374996,0.000000,0.000000,0.000000,0
14920,151.875000,76.374996,0.000000,0.000000,0.000000,0
14930,151.875000,76.374996,0.000000,0.000000,0.000000,0
14940,151.875000,76.374996,0.000000,0.000000,0.000000,0
14950,151.875000,76.374996,0.000000,0.000000,0.000000,0
14960,151.875000,76.374996,0.000000,0.000000,0.000000,0
14970,151.875000,76.374996,0.000000,0.000000,0.000000,0
14980,151.875000,76.374996,0.000000,0.000000,0.000000,0
14990,151.875000,76.374996,0.000000,0.000000,0.000000,0
15000,151.875000,76.374996,0.000000,0.000000,0.000000,0
15010,151.875000,76.374996,0.000000,0.000000,0.000000,0
15020,151.875000,76.374996,0.000000,0.000000,0.000000,0
15030,151.875000,76.374996,0.000000,0.000000,0.000000,0
15040,151.875000,76.374996,0.000000,0.000000,0.000000,0
15050,151.875000,76.374996,0.000000,0.000000,0.000000,0
15060,151.875000,76.374996,0.000000,0.000000,0.000000,0
15070,151.875000,76.374996,0.000000,0.000000,0.000000,0
15080,151.875000,76.374996,0.000000,0.000000,0.000000,0
15090,151.875000,76.374996,0.000000,0.000000,0.000000,0
15100,151.875000,76.374996,0.000000,0.000000,0.000000,0
15110,151.875000,76.374996,0.000000,0.000000,0.000000,0
15120,151.875000,76.374996,0.000000,0.000000,0.000000,0
15130,151.875000,76.374996,0.000000,0.000000,0.000000,0
15140,151.875000,76.374996,0.000000,0.000000,0.000000,0
15150,151.875000,76.374996,0.000000,0.000000,0.000000,0
15160,151.875000,76.374996,0.000000,0.000000,0.000000,0
15170,151.875000,76.374996,0.000000,0.000000,0.000000,0
15180,151.875000,76.374996,0.000000,0.000000,0.000000,0
15190,151.875000,76.374996,0.000000,0.000000,0.000000,0
15200,151.875000,76.374996,0.000000,0.000000,0.000000,0
15210,151.875000,76.374996,0.000000,0.000000,0.000000,0
15220,151.875000,76.374996,0.000000,0.000000,0.000000,0
15230,151.875000,76.374996,0.000000,0.000000,0.000000,0
15240,151.875000,76.374996,0.000000,0.000000,0.000000,0
15250,151.875000,76.374996,0.000000,0.000000,0.000000,0
15260,151.875000,76.374996,0.000000,0.000000,0.000000,0
15270,151.875000,76.374996,0.000000,0.000000,0.000000,0
15280,151.875000,76.374996,0.000000,0.000000,0.000000,0
15290,151.875000,76.374996,0.000000,0.000000,0.000000,0
15300,151.875000,76.374996,0.000000,0.000000,0.000000,0
15310,151.875000,76.374996,0.000000,0.000000,0.000000,0
15320,151.875000,76.374996,0.000000,0.000000,0.000000,0
15330,151.875000,76.374996,0.000000,0.000000,0.000000,0
15340,151.875000,76.374996,0.000000,0.000000,0.000000,0
15350,151.875000,76.374996,0.000000,0.000000,0.000000,0
15360,151.875000,76.374996,0.000000,0.000000,0.000000,0
15370,151.875000,76.374996,0.000000,0.000000,0.000000,0
15380,151.875000,76.374996,0.000000,0.000000,0.000000,0
15390,151.875000,76.374996,0.000000,0.000000,0.000000,0
15400,151.875000,76.374996,0.000000,0.000000,0.000000,0
15410,151.875000,76.374996,0.000000,0.000000,0.000000,0
15420,151.875000,76.374996,0.000000,0.000000,0.000000,0
15430,151.875000,76.374996,0.000000,0.000000,0.000000,0
15440,151.875000,76.374996,0.000000,0.000000,0.000000,0
15450,151.875000,76.374996,0.000000,0.000000,0.000000,0
15460,151.875000,76.374996,0.000000,0.000000,0.000000,0
15470,151.875000,76.374996,0.000000,0.000000,0.000000,0
15480,151.875000,76.374996,0.000000,0.000000,0.000000,0
15490,151.875000,76.374996,0.000000,0.000000,0.000000,0
15500,151.875000,76.374996,0.000000,0.000000,0.000000,0
15510,151.875000,76.374996,0.000000,0.000000,0.000000,0
15520,151.875000,76.374996,0.000000,0.000000,0.000000,0
15530,151.875000,76.374996,0.000000,0.000000,0.000000,0
15540,151.875000,76.374996,0.000000,0.000000,0.000000,0
15550,151.875000,76.374996,0.000000,0.000000,0.000000,0
15560,151.875000,76.374996,0.000000,0.000000,0.000000,0
15570,151.875000,76.374996,0.000000,0.000000,0.000000,0
15580,151.875000,76.374996,0.000000,0.000000,0.000000,0
15590,151.875000,76.374996,0.000000,0.000000,0.000000,0
15600,151.875000,76.374996,0.000000,0.000000,0.000000,0
15610,151.875000,76.374996,0.000000,0.000000,0.000000,0
15620,151.875000,76.374996,0.000000,0.000000,0.000000,0
15630,151.875000,76.374996,0.000000,0.000000,0.000000,0
15640,151.875000,76.374996,0.000000,0.000000,0.000000,0
15650,151.875000,76.374996,0.000000,0.000000,0.000000,0
15660,151.875000,76.374996,0.000000,0.000000,0.000000,0
15670,151.875000,76.374996,0.000000,0.000000,0.000000,0
15680,151.875000,76.374996,0.000000,0.000000,0.000000,0
15690,151.875000,76.374996,0.000000,0.000000,0.000000,0
15700,151.875000,76.374996,0.000000,0.000000,0.000000,0
15710,151.875000,76.374996,0.000000,0.000000,0.000000,0
15720,151.875000,76.374996,0.000000,0.000000,0.000000,0
15730,151.875000,76.374996,0.000000,0.000000,0.000000,0
15740,151.875000,76.374996,0.000000,0.000000,0.000000,0
15750,151.875000,76.374996,0.000000,0.000000,0.000000,0
15760,151.875000,76.374996,0.000000,0.000000,0.000000,0
15770,151.875000,76.374996,0.000000,0.000000,0.000000,0
15780,151.875000,76.374996,0.000000,0.000000,0.000000,0
15790,151.875000,76.374996,0.000000,0.000000,0.000000,0
15800,151.875000,76.374996,0.000000,0.000000,0.000000,0
15810,151.875000,76.374996,0.000000,0.000000,0.000000,0
15820,151.875000,76.374996,0.000000,0.000000,0.000000,0
15830,151.875000,76.374996,0.000000,0.000000,0.000000,0
15840,151.875000,76.374996,0.000000,0.000000,0.000000,0
15850,151.875000,76.374996,0.000000,0.000000,0.000000,0
15860,151.875000,76.374996,0.000000,0.000000,0.000000,0
15870,151.875000,76.374996,0.000000,0.000000,0.000000,0
15880,151.875000,76.374996,0.000000,0.000000,0.000000,0
15890,151.875000,76.374996,0.000000,0.000000,0.000000,0
15900,151.875000,76.374996,0.000000,0.000000,0.000000,0
15910,151.875000,76.374996,0.000000,0.000000,0.000000,0
15920,151.875000,76.374996,0.000000,0.000000,0.000000,0
15930,151.875000,76.374996,0.000000,0.000000,0.000000,0
15940,151.875000,76.374996,0.000000,0.000000,0.000000,0
15950,151.875000,76.374996,0.000000,0.000000,0.000000,0
15960,151.875000,76.374996,0.000000,0.000000,0.000000,0
15970,151.875000,76.374996,0.000000,0.000000,0.000000,0
15980,151.875000,76.374996,0.000000,0.000000,0.000000,0
15990,151.875000,76.374996,0.000000,0.000000,0.000000,0
16000,151.875000,76.374996,0.000000,0.000000,0.000000,0
16010,151.875000,76.374996,0.000000,0.000000,0.000000,0
16020,151.875000,76.374996,0.000000,0.000000,0.000000,0
16030,151.875000,76.374996,0.000000,0.000000,0.000000,0
16040,151.875000,76.374996,0.000000,0.000000,0.000000,0
16050,151.875000,76.374996,0.000000,0.000000,0.000000,0
16060,151.875000,76.374996,0.000000,0.000000,0.000000,0
16070,151.875000,76.374996,0.000000,0.000000,0.000000,0
16080,151.875000,76.374996,0.000000,0.000000,0.000000,0
16090,151.875000,76.374996,0.000000,0.000000,0.000000,0
16100,151.875000,76.374996,0.000000,0.000000,0.000000,0
16110,151.875000,76.374996,0.000000,0.000000,0.000000,0
16120,151.875000,76.374996,0.000000,0.000000,0.000000,0
16130,151.875000,76.374996,0.000000,0.000000,0.000000,0
16140,151.875000,76.374996,0.000000,0.000000,0.000000,0
16150,151.875000,76.374996,0.000000,0.000000,0.000000,0
16160,151.875000,76.374996,0.000000,0.000000,0.000000,0
16170,151.875000,76.374996,0.000000,0.000000,0.000000,0
16180,151.875000,76.374996,0.000000,0.000000,0.000000,0
16190,151.875000,76.374996,0.000000,0.000000,0.000000,0
16200,151.875000,76.374996,0.000000,0.000000,0.000000,0
16210,151.875000,76.374996,0.000000,0.000000,0.000000,0
16220,151.875000,76.374996,0.000000,0.000000,0.000000,0
16230,151.875000,76.374996,0.000000,0.000000,0.000000,0
16240,151.875000,76.374996,0.000000,0.000000,0.000000,0
16250,151.875000,76.374996,0.000000,0.000000,0.000000,0
16260,151.875000,76.374996,0.000000,0.000000,0.000000,0
16270,151.875000,76.374996,0.000000,0.000000,0.000000,0
16280,151.875000,76.374996,0.000000,0.000000,0.000000,0
16290,151.875000,76.374996,0.000000,0.000000,0.000000,0
16300,151.875000,76.374996,0.000000,0.000000,0.000000,0
16310,151.875000,76.374996,0.000000,0.000000,0.000000,0
16320,151.875000,76.374996,0.000000,0.000000,0.000000,0
16330,151.875000,76.374996,0.000000,0.000000,0.000000,0
16340,151.875000,76.374996,0.000000,0.000000,0.000000,0
16350,151.875000,76.374996,0.000000,0.000000,0.000000,0
16360,151.875000,76.374996,0.000000,0.000000,0.000000,0
16370,151.875000,76.374996,0.000000,0.000000,0.000000,0
16380,151.875000,76.374996,0.000000,0.000000,0.000000,0
16390,151.875000,76.374996,0.000000,0.000000,0.000000,0
16400,151.875000,76.374996,0.000000,0.000000,0.000000,0
16410,151.875000,76.374996,0.000000,0.000000,0.000000,0
16420,151.875000,76.374996,0.000000,0.000000,0.000000,0
16430,151.875000,76.374996,0.000000,0.000000,0.000000,0
16440,151.875000,76.374996,0.000000,0.000000,0.000000,0
16450,151.875000,76.374996,0.000000,0.000000,0.000000,0
16460,151.875000,76.374996,0.000000,0.000000,0.000000,0
16470,151.875000,76.374996,0.000000,0.000000,0.000000,0
16480,151.875000,76.374996,0.000000,0.000000,0.000000,0
16490,151.875000,76.374996,0.000000,0.000000,0.000000,0
16500,151.875000,76.374996,0.000000,0.000000,0.000000,0
16510,151.875000,76.374996,0.000000,0.000000,0.000000,0
16520,151.875000,76.374996,0.000000,0.000000,0.000000,0
16530,151.875000,76.374996,0.000000,0.000000,0.000000,0
16540,151.875000,76.374996,0.000000,0.000000,0.000000,0
16550,151.875000,76.374996,0.000000,0.000000,0.000000,0
16560,151.875000,76.374996,0.000000,0.000000,0.000000,0
16570,151.875000,76.374996,0.000000,0.000000,0.000000,0
16580,151.875000,76.374996,0.000000,0.000000,0.000000,0
16590,151.875000,76.374996,0.000000,0.000000,0.000000,0
16600,151.875000,76.374996,0.000000,0.000000,0.000000,0
16610,151.875000,76.374996,0.000000,0.000000,0.000000,0
16620,151.875000,76.374996,0.000000,0.000000,0.000000,0
16630,151.875000,76.374996,0.000000,0.000000,0.000000,0
16640,151.875000,76.374996,0.000000,0.000000,0.000000,0
16650,151.875000,76.374996,0.000000,0.000000,0.000000,0
16660,151.875000,76.374996,0.000000,0.000000,0.000000,0
16670,151.875000,76.374996,0.000000,0.000000,0.000000,0
16680,151.875000,76.374996,0.000000,0.000000,0.000000,0
16690,151.875000,76.374996,0.000000,0.000000,0.000000,0
16700,151.875000,76.374996,0.000000,0.000000,0.000000,0
16710,151.875000,76.374996,0.000000,0.000000,0.000000,0
16720,151.875000,76.374996,0.000000,0.000000,0.000000,0
16730,151.875000,76.374996,0.000000,0.000000,0.000000,0
16740,151.875000,76.374996,0.000000,0.000000,0.000000,0
16750,151.875000,76.374996,0.000000,0.000000,0.000000,0
16760,151.875000,76.374996,0.000000,0.000000,0.000000,0
16770,151.875000,76.374996,0.000000,0.000000,0.000000,0
16780,151.875000,76.374996,0.000000,0.000000,0.000000,0
16790,151.875000,76.374996,0.000000,0.000000,0.000000,0
16800,151.875000,76.374996,0.000000,0.000000,0.000000,0
16810,151.875000,76.374996,0.000000,0.000000,0.000000,0
16820,151.875000,76.374996,0.000000,0.000000,0.000000,0
16830,151.875000,76.374996,0.000000,0.000000,0.000000,0
16840,151.875000,76.374996,0.000000,0.000000,0.000000,0
16850,151.875000,76.374996,0.000000,0.000000,0.000000,0
16860,151.875000,76.374996,0.000000,0.000000,0.000000,0
16870,151.875000,76.374996,0.000000,0.000000,0.000000,0
16880,151.875000,76.374996,0.000000,0.000000,0.000000,0
16890,151.875000,76.374996,0.000000,0.000000,0.000000,0
16900,151.875000,76.374996,0.000000,0.000000,0.000000,0
16910,151.875000,76.374996,0.000000,0.000000,0.000000,0
16920,151.875000,76.374996,0.000000,0.000000,0.000000,0
16930,151.875000,76.374996,0.000000,0.000000,0.000000,0
16940,151.875000,76.374996,0.000000,0.000000,0.000000,0
16950,151.875000,76.374996,0.000000,0.000000,0.000000,0
16960,151.875000,76.374996,0.000000,0.000000,0.000000,0
16970,151.875000,76.374996,0.000000,0.000000,0.000000,0
16980,151.875000,76.374996,0.000000,0.000000,0.000000,0
16990,151.875000,76.374996,0.000000,0.000000,0.000000,0
17000,151.875000,76.374996,0.000000,0.000000,0.000000,0
17010,151.875000,76.374996,0.000000,0.000000,0.000000,0
17020,151.875000,76.374996,0.000000,0.000000,0.000000,0
17030,151.875000,76.374996,0.000000,0.000000,0.000000,0
17040,151.875000,76.374996,0.000000,0.000000,0.000000,0
17050,151.875000,76.374996,0.000000,0.000000,0.000000,0
17060,151.875000,76.374996,0.000000,0.000000,0.000000,0
17070,151.875000,76.374996,0.000000,0.000000,0.000000,0
17080,151.875000,76.374996,0.000000,0.000000,0.000000,0
17090,151.875000,76.374996,0.000000,0.000000,0.000000,0
17100,151.875000,76.374996,0.000000,0.000000,0.000000,0
17110,151.875000,76.374996,0.000000,0.000000,0.000000,0
17120,151.875000,76.374996,0.000000,0.000000,0.000000,0
17130,151.875000,76.374996,0.000000,0.000000,0.000000,0
17140,151.875000,76.374996,0.000000,0.000000,0.000000,0
17150,151.875000,76.374996,0.000000,0.000000,0.000000,0
17160,151.875000,76.374996,0.000000,0.000000,0.000000,0
17170,151.875000,76.374996,0.000000,0.000000,0.000000,0
17180,151.875000,76.374996,0.000000,0.000000,0.000000,0
17190,151.875000,76.374996,0.000000,0.000000,0.000000,0
17200,151.875000,76.374996,0.000000,0.000000,0.000000,0
17210,151.875000,76.374996,0.000000,0.000000,0.000000,0
17220,151.875000,76.374996,0.000000,0.000000,0.000000,0
17230,151.875000,76.374996,0.000000,0.000000,0.000000,0
17240,151.875000,76.374996,0.000000,0.000000,0.000000,0
17250,151.875000,76.374996,0.000000,0.000000,0.000000,0
17260,151.875000,76.374996,0.000000,0.000000,0.000000,0
17270,151.875000,76.374996,0.000000,0.000000,0.000000,0
17280,151.875000,76.374996,0.000000,0.000000,0.000000,0
17290,151.875000,76.374996,0.000000,0.000000,0.000000,0
17300,151.875000,76.374996,0.000000,0.000000,0.000000,0
17310,151.875000,76.374996,0.000000,0.000000,0.000000,0
17320,151.875000,76.374996,0.000000,0.000000,0.000000,0
17330,151.875000,76.374996,0.000000,0.000000,0.000000,0
17340,151.875000,76.374996,0.000000,0.000000,0.000000,0
17350,151.875000,76.374996,0.000000,0.000000,0.000000,0
17360,151.875000,76.374996,0.000000,0.000000,0.000000,0
17370,151.875000,76.374996,0.000000,0.000000,0.000000,0
17380,151.875000,76.374996,0.000000,0.000000,0.000000,0
17390,151.875000,76.374996,0.000000,0.000000,0.000000,0
17400,151.875000,76.374996,0.000000,0.000000,0.000000,0
17410,151.875000,76.374996,0.000000,0.000000,0.000000,0
17420,151.875000,76.374996,0.000000,0.000000,0.000000,0
17430,151.875000,76.374996,0.000000,0.000000,0.000000,0
17440,151.875000,76.374996,0.000000,0.000000,0.000000,0
17450,151.875000,76.374996,0.000000,0.000000,0.000000,0
17460,151.875000,76.374996,0.000000,0.000000,0.000000,0
17470,151.875000,76.374996,0.000000,0.000000,0.000000,0
17480,151.875000,76.374996,0.000000,0.000000,0.000000,0
17490,151.875000,76.374996,0.000000,0.000000,0.000000,0
17500,151.875000,76.374996,0.000000,0.000000,0.000000,0
17510,151.875000,76.374996,0.000000,0.000000,0.000000,0
17520,151.875000,76.374996,0.000000,0.000000,0.000000,0
17530,151.875000,76.374996,0.000000,0.000000,0.000000,0
17540,151.875000,76.374996,0.000000,0.000000,0.000000,0
17550,151.875000,76.374996,0.000000,0.000000,0.000000,0
17560,151.875000,76.374996,0.000000,0.000000,0.000000,0
17570,151.875000,76.374996,0.000000,0.000000,0.000000,0
17580,151.875000,76.374996,0.000000,0.000000,0.000000,0
17590,151.875000,76.374996,0.000000,0.000000,0.000000,0
17600,151.875000,76.374996,0.000000,0.000000,0.000000,0
17610,151.875000,76.374996,0.000000,0.000000,0.000000,0
17620,151.875000,76.374996,0.000000,0.000000,0.000000,0
17630,151.875000,76.374996,0.000000,0.000000,0.000000,0
17640,151.875000,76.374996,0.000000,0.000000,0.000000,0
17650,151.875000,76.374996,0.000000,0.000000,0.000000,0
17660,151.875000,76.374996,0.000000,0.000000,0.000000,0
17670,151.875000,76.374996,0.000000,0.000000,0.000000,0
17680,151.875000,76.374996,0.000000,0.000000,0.000000,0
17690,151.875000,76.374996,0.000000,0.000000,0.000000,0
17700,151.875000,76.374996,0.000000,0.000000,0.000000,0
17710,151.875000,76.374996,0.000000,0.000000,0.000000,0
17720,151.875000,76.374996,0.000000,0.000000,0.000000,0
17730,151.875000,76.374996,0.000000,0.000000,0.000000,0
17740,151.875000,76.374996,0.000000,0.000000,0.000000,0
17750,151.875000,76.374996,0.000000,0.000000,0.000000,0
17760,151.875000,76.374996,0.000000,0.000000,0.000000,0
17770,151.875000,76.374996,0.000000,0.000000,0.000000,0
17780,151.875000,76.374996,0.000000,0.000000,0.000000,0
17790,151.875000,76.374996,0.000000,0.000000,0.000000,0
17800,151.875000,76.374996,0.000000,0.000000,0.000000,0
17810,151.875000,76.374996,0.000000,0.000000,0.000000,0
17820,151.875000,76.374996,0.000000,0.000000,0.000000,0
17830,151.875000,76.374996,0.000000,0.000000,0.000000,0
17840,151.875000,76.374996,0.000000,0.000000,0.000000,0
17850,151.875000,76.374996,0.000000,0.000000,0.000000,0
17860,151.875000,76.374996,0.000000,0.000000,0.000000,0
17870,151.875000,76.374996,0.000000,0.000000,0.000000,0
17880,151.875000,76.374996,0.000000,0.000000,0.000000,0
17890,151.875000,76.374996,0.000000,0.000000,0.000000,0
17900,151.875000,76.374996,0.000000,0.000000,0.000000,0
17910,151.875000,76.374996,0.000000,0.000000,0.000000,0
17920,151.875000,76.374996,0.000000,0.000000,0.000000,0
17930,151.875000,76.374996,0.000000,0.000000,0.000000,0
17940,151.875000,76.374996,0.000000,0.000000,0.000000,0
17950,151.875000,76.374996,0.000000,0.000000,0.000000,0
17960,151.875000,76.374996,0.000000,0.000000,0.000000,0
17970,151.875000,76.374996,0.000000,0.000000,0.000000,0
17980,151.875000,76.374996,0.000000,0.000000,0.000000,0
17990,151.875000,76.374996,0.000000,0.000000,0.000000,0
18000,151.875000,76.374996,0.000000,0.000000,0.000000,0
18010,151.875000,76.374996,0.000000,0.000000,0.000000,0
18020,151.875000,76.374996,0.000000,0.000000,0.000000,0
18030,151.875000,76.374996,0.000000,0.000000,0.000000,0
18040,151.875000,76.374996,0.000000,0.000000,0.000000,0
18050,151.875000,76.374996,0.000000,0.000000,0.000000,0
18060,151.875000,76.374996,0.000000,0.000000,0.000000,0
18070,151.875000,76.374996,0.000000,0.000000,0.000000,0
18080,151.875000,76.374996,0.000000,0.000000,0.000000,0
18090,151.875000,76.374996,0.000000,0.000000,0.000000,0
18100,151.875000,76.374996,0.000000,0.000000,0.000000,0
18110,151.875000,76.374996,0.000000,0.000000,0.000000,0
18120,151.875000,76.374996,0.000000,0.000000,0.000000,0
18130,151.875000,76.374996,0.000000,0.000000,0.000000,0
18140,151.875000,76.374996,0.000000,0.000000,0.000000,0
18150,151.875000,76.374996,0.000000,0.000000,0.000000,0
18160,151.875000,76.374996,0.000000,0.000000,0.000000,0
18170,151.875000,76.374996,0.000000,0.000000,0.000000,0
18180,151.875000,76.374996,0.000000,0.000000,0.000000,0
18190,151.875000,76.374996,0.000000,0.000000,0.000000,0
18200,151.875000,76.374996,0.000000,0.000000,0.000000,0
18210,151.875000,76.374996,0.000000,0.000000,0.000000,0
18220,151.875000,76.374996,0.000000,0.000000,0.000000,0
18230,151.875000,76.374996,0.000000,0.000000,0.000000,0
18240,151.875000,76.374996,0.000000,0.000000,0.000000,0
18250,151.875000,76.374996,0.000000,0.000000,0.000000,0
18260,151.875000,76.374996,0.000000,0.000000,0.000000,0
18270,151.875000,76.374996,0.000000,0.000000,0.000000,0
18280,151.875000,76.374996,0.000000,0.000000,0.000000,0
18290,151.875000,76.374996,0.000000,0.000000,0.000000,0
18300,151.875000,76.374996,0.000000,0.000000,0.000000,0
18310,151.875000,76.374996,0.000000,0.000000,0.000000,0
18320,151.875000,76.374996,0.000000,0.000000,0.000000,0
18330,151.875000,76.374996,0.000000,0.000000,0.000000,0
18340,151.875000,76.374996,0.000000,0.000000,0.000000,0
18350,151.875000,76.374996,0.000000,0.000000,0.000000,0
18360,151.875000,76.374996,0.000000,0.000000,0.000000,0
18370,151.875000,76.374996,0.000000,0.000000,0.000000,0
18380,151.875000,76.374996,0.000000,0.000000,0.000000,0
18390,151.875000,76.374996,0.000000,0.000000,0.000000,0
18400,151.875000,76.374996,0.000000,0.000000,0.000000,0
18410,151.875000,76.374996,0.000000,0.000000,0.000000,0
18420,151.875000,76.374996,0.000000,0.000000,0.000000,0
18430,151.875000,76.374996,0.000000,0.000000,0.000000,0
18440,151.875000,76.374996,0.000000,0.000000,0.000000,0
18450,151.875000,76.374996,0.000000,0.000000,0.000000,0
18460,151.875000,76.374996,0.000000,0.000000,0.000000,0
18470,151.875000,76.374996,0.000000,0.000000,0.000000,0
18480,151.875000,76.374996,0.000000,0.000000,0.000000,0
18490,151.875000,76.374996,0.000000,0.000000,0.000000,0
18500,151.875000,76.374996,0.000000,0.000000,0.000000,0
18510,151.875000,76.374996,0.000000,0.000000,0.000000,0
18520,151.875000,76.374996,0.000000,0.000000,0.000000,0
18530,151.875000,76.374996,0.000000,0.000000,0.000000,0
18540,151.875000,76.374996,0.000000,0.000000,0.000000,0
18550,151.875000,76.374996,0.000000,0.000000,0.000000,0
18560,151.875000,76.374996,0.000000,0.000000,0.000000,0
18570,151.875000,76.374996,0.000000,0.000000,0.000000,0
18580,151.875000,76.374996,0.000000,0.000000,0.000000,0
18590,151.875000,76.374996,0.000000,0.000000,0.000000,0
18600,151.875000,76.374996,0.000000,0.000000,0.000000,0
18610,151.875000,76.374996,0.000000,0.000000,0.000000,0
18620,151.875000,76.374996,0.000000,0.000000,0.000000,0
18630,151.875000,76.374996,0.000000,0.000000,0.000000,0
18640,151.875000,76.374996,0.000000,0.000000,0.000000,0
18650,151.875000,76.374996,0.000000,0.000000,0.000000,0
18660,151.875000,76.374996,0.000000,0.000000,0.000000,0
18670,151.875000,76.374996,0.000000,0.000000,0.000000,0
18680,151.875000,76.374996,0.000000,0.000000,0.000000,0
18690,151.875000,76.374996,0.000000,0.000000,0.000000,0
18700,151.875000,76.374996,0.000000,0.000000,0.000000,0
18710,151.875000,76.374996,0.000000,0.000000,0.000000,0
18720,151.875000,76.374996,0.000000,0.000000,0.000000,0
18730,151.875000,76.374996,0.000000,0.000000,0.000000,0
18740,151.875000,76.374996,0.000000,0.000000,0.000000,0
18750,151.875000,76.374996,0.000000,0.000000,0.000000,0
18760,151.875000,76.374996,0.000000,0.000000,0.000000,0
18770,151.875000,76.374996,0.000000,0.000000,0.000000,0
18780,151.875000,76.374996,0.000000,0.000000,0.000000,0
18790,151.875000,76.374996,0.000000,0.000000,0.000000,0
18800,151.875000,76.374996,0.000000,0.000000,0.000000,0
18810,151.875000,76.374996,0.000000,0.000000,0.000000,0
18820,151.875000,76.374996,0.000000,0.000000,0.000000,0
18830,151.875000,76.374996,0.000000,0.000000,0.000000,0
18840,151.875000,76.374996,0.000000,0.000000,0.000000,0
18850,151.875000,76.374996,0.000000,0.000000,0.000000,0
18860,151.875000,76.374996,0.000000,0.000000,0.000000,0
18870,151.875000,76.374996,0.000000,0.000000,0.000000,0
18880,151.875000,76.374996,0.000000,0.000000,0.000000,0
18890,151.875000,76.374996,0.000000,0.000000,0.000000,0
18900,151.875000,76.374996,0.000000,0.000000,0.000000,0
18910,151.875000,76.374996,0.000000,0.000000,0.000000,0
18920,151.875000,76.374996,0.000000,0.000000,0.000000,0
18930,151.875000,76.374996,0.000000,0.000000,0.000000,0
18940,151.875000,76.374996,0.000000,0.000000,0.000000,0
18950,151.875000,76.374996,0.000000,0.000000,0.000000,0
18960,151.875000,76.374996,0.000000,0.000000,0.000000,0
18970,151.875000,76.374996,0.000000,0.000000,0.000000,0
18980,151.875000,76.374996,0.000000,0.000000,0.000000,0
18990,151.875000,76.374996,0.000000,0.000000,0.000000,0
19000,151.875000,76.374996,0.000000,0.000000,0.000000,0
19010,151.875000,76.374996,0.000000,0.000000,0.000000,0
19020,151.875000,76.374996,0.000000,0.000000,0.000000,0
19030,151.875000,76.374996,0.000000,0.000000,0.000000,0
19040,151.875000,76.374996,0.000000,0.000000,0.000000,0
19050,151.875000,76.374996,0.000000,0.000000,0.000000,0
19060,151.875000,76.374996,0.000000,0.000000,0.000000,0
19070,151.875000,76.374996,0.000000,0.000000,0.000000,0
19080,151.875000,76.374996,0.000000,0.000000,0.000000,0
19090,151.875000,76.374996,0.000000,0.000000,0.000000,0
19100,151.875000,76.374996,0.000000,0.000000,0.000000,0
19110,151.875000,76.374996,0.000000,0.000000,0.000000,0
19120,151.875000,76.374996,0.000000,0.000000,0.000000,0
19130,151.875000,76.374996,0.000000,0.000000,0.000000,0
19140,151.875000,76.374996,0.000000,0.000000,0.000000,0
19150,151.875000,76.374996,0.000000,0.000000,0.000000,0
19160,151.875000,76.374996,0.000000,0.000000,0.000000,0
19170,151.875000,76.374996,0.000000,0.000000,0.000000,0
19180,151.875000,76.374996,0.000000,0.000000,0.000000,0
19190,151.875000,76.374996,0.000000,0.000000,0.000000,0
19200,151.875000,76.374996,0.000000,0.000000,0.000000,0
19210,151.875000,76.374996,0.000000,0.000000,0.000000,0
19220,151.875000,76.374996,0.000000,0.000000,0.000000,0
19230,151.875000,76.374996,0.000000,0.000000,0.000000,0
19240,151.875000,76.374996,0.000000,0.000000,0.000000,0
19250,151.875000,76.374996,0.000000,0.000000,0.000000,0
19260,151.875000,76.374996,0.000000,0.000000,0.000000,0
19270,151.875000,76.374996,0.000000,0.000000,0.000000,0
19280,151.875000,76.374996,0.000000,0.000000,0.000000,0
19290,151.875000,76.374996,0.000000,0.000000,0.000000,0
19300,151.875000,76.374996,0.000000,0.000000,0.000000,0
19310,151.875000,76.374996,0.000000,0.000000,0.000000,0
19320,151.875000,76.374996,0.000000,0.000000,0.000000,0
19330,151.875000,76.374996,0.000000,0.000000,0.000000,0
19340,151.875000,76.374996,0.000000,0.000000,0.000000,0
19350,151.875000,76.374996,0.000000,0.000000,0.000000,0
19360,151.875000,76.374996,0.000000,0.000000,0.000000,0
19370,151.875000,76.374996,0.000000,0.000000,0.000000,0
19380,151.875000,76.374996,0.000000,0.000000,0.000000,0
19390,151.875000,76.374996,0.000000,0.000000,0.000000,0
19400,151.875000,76.374996,0.000000,0.000000,0.000000,0
19410,151.875000,76.374996,0.000000,0.000000,0.000000,0
19420,151.875000,76.374996,0.000000,0.000000,0.000000,0
19430,151.875000,76.374996,0.000000,0.000000,0.000000,0
19440,151.875000,76.374996,0.000000,0.000000,0.000000,0
19450,151.875000,76.374996,0.000000,0.000000,0.000000,0
19460,151.875000,76.374996,0.000000,0.000000,0.000000,0
19470,151.875000,76.374996,0.000000,0.000000,0.000000,0
19480,151.875000,76.374996,0.000000,0.000000,0.000000,0
19490,151.875000,76.374996,0.000000,0.000000,0.000000,0
19500,151.875000,76.374996,0.000000,0.000000,0.000000,0
19510,151.875000,76.374996,0.000000,0.000000,0.000000,0
19520,151.875000,76.374996,0.000000,0.000000,0.000000,0
19530,151.875000,76.374996,0.000000,0.000000,0.000000,0
19540,151.875000,76.374996,0.000000,0.000000,0.000000,0
19550,151.875000,76.374996,0.000000,0.000000,0.000000,0
19560,151.875000,76.374996,0.000000,0.000000,0.000000,0
19570,151.875000,76.374996,0.000000,0.000000,0.000000,0
19580,151.875000,76.374996,0.000000,0.000000,0.000000,0
19590,151.875000,76.374996,0.000000,0.000000,0.000000,0
19600,151.875000,76.374996,0.000000,0.000000,0.000000,0
19610,151.875000,76.374996,0.000000,0.000000,0.000000,0
19620,151.875000,76.374996,0.000000,0.000000,0.000000,0
19630,151.875000,76.374996,0.000000,0.000000,0.000000,0
19640,151.875000,76.374996,0.000000,0.000000,0.000000,0
19650,151.875000,76.374996,0.000000,0.000000,0.000000,0
19660,151.875000,76.374996,0.000000,0.000000,0.000000,0
19670,151.875000,76.374996,0.000000,0.000000,0.000000,0
19680,151.875000,76.374996,0.000000,0.000000,0.000000,0
19690,151.875000,76.374996,0.000000,0.000000,0.000000,0
19700,151.875000,76.374996,0.000000,0.000000,0.000000,0
19710,151.875000,76.374996,0.000000,0.000000,0.000000,0
19720,151.875000,76.374996,0.000000,0.000000,0.000000,0
19730,151.875000,76.374996,0.000000,0.000000,0.000000,0
19740,151.875000,76.374996,0.000000,0.000000,0.000000,0
19750,151.875000,76.374996,0.000000,0.000000,0.000000,0
19760,151.875000,76.374996,0.000000,0.000000,0.000000,0
19770,151.875000,76.374996,0.000000,0.000000,0.000000,0
19780,151.875000,76.374996,0.000000,0.000000,0.000000,0
19790,151.875000,76.374996,0.000000,0.000000,0.000000,0
19800,151.875000,76.374996,0.000000,0.000000,0.000000,0
19810,151.875000,76.374996,0.000000,0.000000,0.000000,0
19820,151.875000,76.374996,0.000000,0.000000,0.000000,0
19830,151.875000,76.374996,0.000000,0.000000,0.000000,0
19840,151.875000,76.374996,0.000000,0.000000,0.000000,0
19850,151.875000,76.374996,0.000000,0.000000,0.000000,0
19860,151.875000,76.374996,0.000000,0.000000,0.000000,0
19870,151.875000,76.374996,0.000000,0.000000,0.000000,0
19880,151.875000,76.374996,0.000000,0.000000,0.000000,0
19890,151.875000,76.374996,0.000000,0.000000,0.000000,0
19900,151.875000,76.374996,0.000000,0.000000,0.000000,0
19910,151.875000,76.374996,0.000000,0.000000,0.000000,0
19920,151.875000,76.374996,0.000000,0.000000,0.000000,0
19930,151.875000,76.374996,0.000000,0.000000,0.000000,0
19940,151.875000,76.374996,0.000000,0.000000,0.000000,0
19950,151.875000,76.374996,0.000000,0.000000,0.000000,0
19960,151.875000,76.374996,0.000000,0.000000,0.000000,0
19970,151.875000,76.374996,0.000000,0.000000,0.000000,0
19980,151.875000,76.374996,0.000000,0.000000,0.000000,0
19990,151.875000,76.374996,0.000000,0.000000,0.000000,0
20000,151.875000,76.374996,0.000000,0.000000,0.000000,0
20010,151.875000,76.374996,0.000000,0.000000,0.000000,0
20020,151.875000,76.374996,0.000000,0.000000,0.000000,0
20030,151.875000,76.374996,0.000000,0.000000,0.000000,0
20040,151.875000,76.374996,0.000000,0.000000,0.000000,0
20050,151.875000,76.374996,0.000000,0.000000,0.000000,0
20060,151.875000,76.374996,0.000000,0.000000,0.000000,0
20070,151.875000,76.374996,0.000000,0.000000,0.000000,0
20080,151.875000,76.374996,0.000000,0.000000,0.000000,0
20090,151.875000,76.374996,0.000000,0.000000,0.000000,0
20100,151.875000,76.374996,0.000000,0.000000,0.000000,0
20110,151.875000,76.374996,0.000000,0.000000,0.000000,0
20120,151.875000,76.374996,0.000000,0.000000,0.000000,0
20130,151.875000,76.374996,0.000000,0.000000,0.000000,0
20140,151.875000,76.374996,0.000000,0.000000,0.000000,0
20150,151.875000,76.374996,0.000000,0.000000,0.000000,0
20160,151.875000,76.374996,0.000000,0.000000,0.000000,0
20170,151.875000,76.374996,0.000000,0.000000,0.000000,0
20180,151.875000,76.374996,0.000000,0.000000,0.000000,0
20190,151.875000,76.374996,0.000000,0.000000,0.000000,0
20200,151.875000,76.374996,0.000000,0.000000,0.000000,0
20210,151.875000,76.374996,0.000000,0.000000,0.000000,0
20220,151.875000,76.374996,0.000000,0.000000,0.000000,0
20230,151.875000,76.374996,0.000000,0.000000,0.000000,0
20240,151.875000,76.374996,0.000000,0.000000,0.000000,0
20250,151.875000,76.374996,0.000000,0.000000,0.000000,0
20260,151.875000,76.374996,0.000000,0.000000,0.000000,0
20270,151.875000,76.374996,0.000000,0.000000,0.000000,0
20280,151.875000,76.374996,0.000000,0.000000,0.000000,0
20290,151.875000,76.374996,0.000000,0.000000,0.000000,0
20300,151.875000,76.374996,0.000000,0.000000,0.000000,0
20310,151.875000,76.374996,0.000000,0.000000,0.000000,0
20320,151.875000,76.374996,0.000000,0.000000,0.000000,0
20330,151.875000,76.374996,0.000000,0.000000,0.000000,0
20340,151.875000,76.374996,0.000000,0.000000,0.000000,0
20350,151.875000,76.374996,0.000000,0.000000,0.000000,0
20360,151.875000,76.374996,0.000000,0.000000,0.000000,0
20370,151.875000,76.374996,0.000000,0.000000,0.000000,0
20380,151.875000,76.374996,0.000000,0.000000,0.000000,0
20390,151.875000,76.374996,0.000000,0.000000,0.000000,0
20400,151.875000,76.374996,0.000000,0.000000,0.000000,0
20410,151.875000,76.374996,0.000000,0.000000,0.000000,0
20420,151.875000,76.374996,0.000000,0.000000,0.000000,0
20430,151.875000,76.374996,0.000000,0.000000,0.000000,0
20440,151.875000,76.374996,0.000000,0.000000,0.000000,0
20450,151.875000,76.374996,0.000000,0.000000,0.000000,0
20460,151.875000,76.374996,0.000000,0.000000,0.000000,0
20470,151.875000,76.374996,0.000000,0.000000,0.000000,0
20480,151.875000,76.374996,0.000000,0.000000,0.000000,0
20490,151.875000,76.374996,0.000000,0.000000,0.000000,0
20500,151.875000,76.374996,0.000000,0.000000,0.000000,0
20510,151.875000,76.374996,0.000000,0.000000,0.000000,0
20520,151.875000,76.374996,0.000000,0.000000,0.000000,0
20530,151.875000,76.374996,0.000000,0.000000,0.000000,0
20540,151.875000,76.374996,0.000000,0.000000,0.000000,0
20550,151.875000,76.374996,0.000000,0.000000,0.000000,0
20560,151.875000,76.374996,0.000000,0.000000,0.000000,0
20570,151.875000,76.374996,0.000000,0.000000,0.000000,0
20580,151.875000,76.374996,0.000000,0.000000,0.000000,0
20590,151.875000,76.374996,0.000000,0.000000,0.000000,0
20600,151.875000,76.374996,0.000000,0.000000,0.000000,0
20610,151.875000,76.374996,0.000000,0.000000,0.000000,0
20620,151.875000,76.374996,0.000000,0.000000,0.000000,0
20630,151.875000,76.374996,0.000000,0.000000,0.000000,0
20640,151.875000,76.374996,0.000000,0.000000,0.000000,0
20650,151.875000,76.374996,0.000000,0.000000,0.000000,0
20660,151.875000,76.374996,0.000000,0.000000,0.000000,0
20670,151.875000,76.374996,0.000000,0.000000,0.000000,0
20680,151.875000,76.374996,0.000000,0.000000,0.000000,0
20690,151.875000,76.374996,0.000000,0.000000,0.000000,0
20700,151.875000,76.374996,0.000000,0.000000,0.000000,0
20710,151.875000,76.374996,0.000000,0.000000,0.000000,0
20720,151.875000,76.374996,0.000000,0.000000,0.000000,0
20730,151.875000,76.374996,0.000000,0.000000,0.000000,0
20740,151.875000,76.374996,0.000000,0.000000,0.000000,0
20750,151.875000,76.374996,0.000000,0.000000,0.000000,0
20760,151.875000,76.374996,0.000000,0.000000,0.000000,0
20770,151.875000,76.374996,0.000000,0.000000,0.000000,0
20780,151.875000,76.374996,0.000000,0.000000,0.000000,0
20790,151.875000,76.374996,0.000000,0.000000,0.000000,0
20800,151.875000,76.374996,0.000000,0.000000,0.000000,0
20810,151.875000,76.374996,0.000000,0.000000,0.000000,0
20820,151.875000,76.374996,0.000000,0.000000,0.000000,0
20830,151.875000,76.374996,0.000000,0.000000,0.000000,0
20840,151.875000,76.374996,0.000000,0.000000,0.000000,0
20850,151.875000,76.374996,0.000000,0.000000,0.000000,0
20860,151.875000,76.374996,0.000000,0.000000,0.000000,0
20870,151.875000,76.374996,0.000000,0.000000,0.000000,0
20880,151.875000,76.374996,0.000000,0.000000,0.000000,0
20890,151.875000,76.374996,0.000000,0.000000,0.000000,0
20900,151.875000,76.374996,0.000000,0.000000,0.000000,0
20910,151.875000,76.374996,0.000000,0.000000,0.000000,0
20920,151.875000,76.374996,0.000000,0.000000,0.000000,0
20930,151.875000,76.374996,0.000000,0.000000,0.000000,0
20940,151.875000,76.374996,0.000000,0.000000,0.000000,0
20950,151.875000,76.374996,0.000000,0.000000,0.000000,0
20960,151.875000,76.374996,0.000000,0.000000,0.000000,0
20970,151.875000,76.374996,0.000000,0.000000,0.000000,0
20980,151.875000,76.374996,0.000000,0.000000,0.000000,0
20990,151.875000,76.374996,0.000000,0.000000,0.000000,0
21000,151.875000,76.374996,0.000000,0.000000,0.000000,0
21010,151.875000,76.374996,0.000000,0.000000,0.000000,0
21020,151.875000,76.374996,0.000000,0.000000,0.000000,0
21030,151.875000,76.374996,0.000000,0.000000,0.000000,0
21040,151.875000,76.374996,0.000000,0.000000,0.000000,0
21050,151.875000,76.374996,0.000000,0.000000,0.000000,0
21060,151.875000,76.374996,0.000000,0.000000,0.000000,0
21070,151.875000,76.374996,0.000000,0.000000,0.000000,0
21080,151.875000,76.374996,0.000000,0.000000,0.000000,0
21090,151.875000,76.374996,0.000000,0.000000,0.000000,0
21100,151.875000,76.374996,0.000000,0.000000,0.000000,0
21110,151.875000,76.374996,0.000000,0.000000,0.000000,0
21120,151.875000,76.374996,0.000000,0.000000,0.000000,0
21130,151.875000,76.374996,0.000000,0.000000,0.000000,0
21140,151.875000,76.374996,0.000000,0.000000,0.000000,0
21150,151.875000,76.374996,0.000000,0.000000,0.000000,0
21160,151.875000,76.374996,0.000000,0.000000,0.000000,0
21170,151.875000,76.374996,0.000000,0.000000,0.000000,0
21180,151.875000,76.374996,0.000000,0.000000,0.000000,0
21190,151.875000,76.374996,0.000000,0.000000,0.000000,0
21200,151.875000,76.374996,0.000000,0.000000,0.000000,0
21210,151.875000,76.374996,0.000000,0.000000,0.000000,0
21220,151.875000,76.374996,0.000000,0.000000,0.000000,0
21230,151.875000,76.374996,0.000000,0.000000,0.000000,0
21240,151.875000,76.374996,0.000000,0.000000,0.000000,0
21250,151.875000,76.374996,0.000000,0.000000,0.000000,0
21260,151.875000,76.374996,0.000000,0.000000,0.000000,0
21270,151.875000,76.374996,0.000000,0.000000,0.000000,0
21280,151.875000,76.374996,0.000000,0.000000,0.000000,0
21290,151.875000,76.374996,0.000000,0.000000,0.000000,0
21300,151.875000,76.374996,0.000000,0.000000,0.000000,0
21310,151.875000,76.374996,0.000000,0.000000,0.000000,0
21320,151.875000,76.374996,0.000000,0.000000,0.000000,0
21330,151.875000,76.374996,0.000000,0.000000,0.000000,0
21340,151.875000,76.374996,0.000000,0.000000,0.000000,0
21350,151.875000,76.374996,0.000000,0.000000,0.000000,0
21360,151.875000,76.374996,0.000000,0.000000,0.000000,0
21370,151.875000,76.374996,0.000000,0.000000,0.000000,0
21380,192.037500,108.499998,0.000000,5142.997330,38.655460,0
21390,192.037500,108.499998,0.000000,0.000000,0.000000,0
21400,192.037500,108.000000,0.000000,49.999809,-90.000000,0
21410,192.037500,108.000000,0.000000,0.000000,0.000000,0
21420,191.925007,107.749998,0.000000,27.414532,-114.226273,0
21430,191.925007,107.625000,0.000000,12.499809,-90.000000,0
21440,191.925007,107.625000,0.000000,0.000000,0.000000,0
21450,191.812514,107.374998,0.000000,27.414532,-114.226273,0
21460,191.812514,107.499999,0.000000,12.500095,90.000000,0
21470,191.812514,107.499999,0.000000,0.000000,0.000000,0
21480,191.812514,108.000000,0.000000,50.000095,90.000000,0
21490,191.812514,108.000000,0.000000,0.000000,0.000000,0
21500,192.150014,108.249999,0.000000,42.000687,36.528751,0
21510,192.487514,108.375000,0.000000,35.990483,20.323279,0
21520,192.487514,108.375000,0.000000,0.000000,0.000000,0
21530,192.600007,108.499998,0.000000,16.816429,48.014092,0
21540,192.600007,108.499998,0.000000,0.000000,0.000000,0
21550,192.712500,108.499998,0.000000,11.249313,0.000000,0
21560,192.600007,108.375000,0.000000,16.816429,-131.985908,0
21570,192.600007,108.375000,0.000000,0.000000,0.000000,0
21580,192.375000,108.124998,0.000000,33.634661,-131.987865,0
21590,192.375000,108.124998,0.000000,0.000000,0.000000,0
21600,192.150014,108.000000,0.000000,25.737782,-150.944282,0
21610,191.925007,107.874999,0.000000,25.739722,-150.945953,0
21620,191.925007,107.874999,0.000000,0.000000,0.000000,0
21630,191.587507,107.874999,0.000000,33.750000,180.000000,0
21640,191.587507,107.874999,0.000000,0.000000,0.000000,0
21650,191.250007,107.874999,0.000000,33.750000,180.000000,0
21660,191.137514,108.000000,0.000000,16.816642,131.985256,0
21670,191.137514,108.000000,0.000000,0.000000,0.000000,0
21680,190.912507,108.124998,0.000000,25.739583,150.946509,0
21690,190.912507,108.124998,0.000000,0.000000,0.000000,0
21700,190.912507,108.249999,0.000000,12.500095,90.000000,0
21710,190.800014,108.375000,0.000000,16.816642,131.985256,0
21720,190.800014,108.375000,0.000000,0.000000,0.000000,0
21730,190.575007,108.499998,0.000000,25.739583,150.946509,0
21740,190.575007,108.499998,0.000000,0.000000,0.000000,0
21750,190.575007,108.499998,0.000000,0.000000,0.000000,0
21760,190.462514,108.499998,0.166016,11.249313,180.000000,1
21770,190.462514,108.499998,0.166016,0.000000,0.000000,1
21780,190.462514,108.499998,0.166016,0.000000,0.000000,1
21790,190.462514,108.499998,0.166016,0.000000,0.000000,1
21800,190.125014,108.874998,0.352539,50.451090,131.987212,1
21810,190.125014,108.874998,0.352539,0.000000,0.000000,1
21820,190.125014,108.874998,0.352539,0.000000,0.000000,1
21830,190.125014,108.999999,0.511719,12.500095,90.000000,1
21840,190.012500,108.999999,0.683594,11.251373,180.000000,1
21850,190.012500,108.999999,0.683594,0.000000,0.000000,1
21860,190.012500,108.999999,0.683594,0.000000,0.000000,1
21870,190.012500,108.999999,0.683594,0.000000,0.000000,1
21880,190.012500,108.999999,0.683594,0.000000,0.000000,1
21890,190.012500,108.999999,0.683594,0.000000,0.000000,1
21900,190.012500,108.999999,0.683594,0.000000,0.000000,1
21910,190.012500,108.999999,0.683594,0.000000,0.000000,1
21920,190.012500,108.999999,0.683594,0.000000,0.000000,1
21930,190.237507,108.750000,0.927734,33.634449,-48.011809,1
21940,190.237507,108.750000,0.927734,0.000000,0.000000,1
21950,190.687500,107.874999,1.000000,98.393114,-62.784269,1
21960,191.137514,107.124999,1.000000,87.464985,-59.035472,1
21970,191.137514,107.124999,1.000000,0.000000,0.000000,1
21980,191.700000,106.374999,1.000000,93.749176,-53.130774,1
21990,192.262507,105.499998,1.000000,104.021183,-57.264484,1
22000,192.262507,105.499998,1.000000,0.000000,0.000000,1
22010,193.275007,103.749999,1.000000,202.179448,-59.947539,1
22020,193.275007,103.749999,1.000000,0.000000,0.000000,1
22030,193.725000,102.750000,1.000000,109.658192,-65.772561,1
22040,193.725000,102.750000,1.000000,0.000000,0.000000,1
22050,194.062500,102.124998,1.000000,71.030531,-61.631027,1
22060,194.512514,101.499999,1.000000,77.015334,-54.245242,1
22070,194.512514,101.499999,1.000000,0.000000,0.000000,1
22080,194.737500,101.124999,1.000000,43.731433,-59.037786,1
22090,194.737500,101.124999,1.000000,0.000000,0.000000,1
22100,194.850014,100.999998,1.000000,16.818020,-48.009527,1
22110,194.625007,100.875000,0.639648,25.739583,-150.946509,1
22120,194.400000,100.875000,0.000000,22.500687,180.000000,0
22130,194.400000,100.875000,0.000000,0.000000,0.000000,0
22140,194.400000,100.875000,0.000000,0.000000,0.000000,0
22150,194.287507,100.875000,0.000000,11.249313,180.000000,0
22160,194.287507,100.875000,0.000000,0.000000,0.000000,0
22170,194.287507,100.875000,0.000000,0.000000,0.000000,0
22180,194.287507,100.875000,0.000000,0.000000,0.000000,0
22190,194.287507,100.875000,0.000000,0.000000,0.000000,0
22200,194.287507,100.875000,0.000000,0.000000,0.000000,0
22210,194.287507,100.875000,0.000000,0.000000,0.000000,0
22220,194.287507,100.875000,0.000000,0.000000,0.000000,0
22230,194.287507,100.875000,0.000000,0.000000,0.000000,0
22240,194.287507,100.875000,0.000000,0.000000,0.000000,0
22250,194.287507,100.875000,0.000000,0.000000,0.000000,0
22260,194.287507,100.875000,0.000000,0.000000,0.000000,0
22270,194.287507,100.875000,0.000000,0.000000,0.000000,0
22280,194.287507,100.875000,0.000000,0.000000,0.000000,0
22290,194.287507,100.875000,0.000000,0.000000,0.000000,0
22300,194.287507,100.875000,0.000000,0.000000,0.000000,0
22310,194.287507,100.875000,0.000000,0.000000,0.000000,0
22320,194.287507,100.875000,0.000000,0.000000,0.000000,0
22330,194.287507,100.875000,0.000000,0.000000,0.000000,0
22340,194.287507,100.875000,0.000000,0.000000,0.000000,0
22350,194.287507,100.875000,0.000000,0.000000,0.000000,0
22360,194.287507,100.875000,0.000000,0.000000,0.000000,0
22370,194.287507,100.875000,0.000000,0.000000,0.000000,0
22380,194.287507,100.875000,0.000000,0.000000,0.000000,0
22390,194.287507,100.875000,0.000000,0.000000,0.000000,0
22400,194.287507,100.875000,0.000000,0.000000,0.000000,0
22410,194.287507,100.875000,0.000000,0.000000,0.000000,0
22420,194.287507,100.875000,0.000000,0.000000,0.000000,0
22430,194.287507,100.875000,0.000000,0.000000,0.000000,0
22440,194.287507,100.875000,0.000000,0.000000,0.000000,0
22450,194.287507,100.875000,0.000000,0.000000,0.000000,0
22460,194.287507,100.875000,0.000000,0.000000,0.000000,0
22470,172.575003,88.249998,0.000000,2511.619952,-149.823614,0
22480,172.575003,88.374999,0.000000,12.500095,90.000000,0
22490,172.462500,88.624998,0.000000,27.414694,114.228481,0
22500,172.462500,88.624998,0.000000,0.000000,0.000000,0
22510,172.350007,88.999998,0.000000,39.150952,106.698282,0
22520,172.350007,88.999998,0.000000,0.000000,0.000000,0
22530,172.350007,89.124999,0.000000,12.500095,90.000000,0
22540,172.237503,89.625000,0.000000,51.250168,102.680735,0
22550,172.237503,89.625000,0.000000,0.000000,0.000000,0
22560,172.012507,90.124998,0.000000,54.828966,114.227500,0
22570,172.012507,90.124998,0.000000,0.000000,0.000000,0
22580,171.225003,90.499998,0.000000,87.223085,154.536752,0
22590,170.550003,90.499998,0.000000,67.500000,180.000000,0
22600,170.550003,90.499998,0.000000,0.000000,0.000000,0
22610,170.100000,90.499998,0.000000,45.000343,180.000000,0
22620,170.100000,90.499998,0.000000,0.000000,0.000000,0
22630,169.650007,90.375000,0.000000,46.703142,-164.475889,0
22640,169.650007,90.375000,0.000000,0.000000,0.000000,0
22650,169.200003,90.124998,0.000000,51.478543,-150.945396,0
22660,168.637507,89.625000,0.000000,75.259583,-138.366396,0
22670,168.637507,89.625000,0.000000,0.000000,0.000000,0
22680,168.300007,89.374998,0.000000,42.000858,-143.470936,0
22690,167.962507,89.250000,0.000000,35.990384,-159.677148,0
22700,167.962507,89.250000,0.000000,0.000000,0.000000,0
22710,167.962507,89.250000,0.000000,0.000000,0.000000,0
22720,167.962507,89.374998,0.000000,12.499809,90.000000,0
22730,168.075000,89.374998,0.000000,11.249313,0.000000,0
22740,168.637507,89.874999,0.000000,75.260543,41.633246,0
22750,168.637507,89.874999,0.000000,0.000000,0.000000,0
22760,168.975007,90.000000,0.000000,35.990483,20.323279,0
22770,168.975007,90.000000,0.000000,0.000000,0.000000,0
22780,168.975007,90.124998,0.000000,12.499809,90.000000,0
22790,168.975007,90.124998,0.000000,0.000000,0.000000,0
22800,169.087500,90.124998,0.000000,11.249313,0.000000,0
22810,169.087500,90.249999,0.000000,12.500095,90.000000,0
22820,169.087500,90.249999,0.000000,0.000000,0.000000,0
22830,169.087500,90.249999,0.000000,0.000000,0.000000,0
22840,169.200003,90.499998,0.000000,27.414694,65.771519,0
22850,169.200003,90.499998,0.000000,0.000000,0.000000,0
22860,169.200003,90.499998,0.000000,0.000000,0.000000,0
22870,169.200003,90.499998,0.000000,0.000000,0.000000,0
22880,168.975007,90.624999,0.000000,25.738822,150.944839,0
22890,168.975007,90.624999,0.000000,0.000000,0.000000,0
22900,167.962507,90.499998,0.000000,102.018699,-172.962006,0
22910,166.837503,90.375000,0.000000,113.192634,-173.659923,0
22920,166.837503,90.375000,0.000000,0.000000,0.000000,0
22930,166.837503,90.000000,0.000000,37.500000,-90.000000,0
22940,166.725000,89.749998,0.000000,27.414955,-114.228236,0
22950,166.725000,89.749998,0.000000,0.000000,0.000000,0
22960,166.275007,89.250000,0.000000,67.267519,-131.986886,0
22970,166.275007,89.250000,0.000000,0.000000,0.000000,0
22980,167.062500,89.124999,0.000000,79.735229,-9.019467,0
22990,168.525003,89.124999,0.000000,146.250343,0.000000,0
23000,168.525003,89.124999,0.000000,0.000000,0.000000,0
23010,170.100000,89.374998,0.000000,159.471430,9.019308,0
23020,170.100000,89.374998,0.000000,0.000000,0.000000,0
23030,171.337507,89.625000,0.000000,126.250711,11.421209,0
23040,172.125000,89.749998,0.000000,79.735184,9.019264,0
23050,172.125000,89.749998,0.000000,0.000000,0.000000,0
23060,172.462500,89.874999,0.000000,35.990483,20.323279,0
23070,172.462500,89.874999,0.000000,0.000000,0.000000,0
23080,173.025007,90.000000,0.000000,57.622844,12.528752,0
23090,173.362507,90.000000,0.000000,33.750000,0.000000,0
23100,173.362507,90.000000,0.000000,0.000000,0.000000,0
23110,173.362507,90.124998,0.000000,12.499809,90.000000,0
23120,173.362507,90.124998,0.000000,0.000000,0.000000,0
23130,172.912514,90.124998,0.000000,44.999313,180.000000,0
23140,171.787500,90.000000,0.000000,113.193658,-173.659981,0
23150,171.787500,90.000000,0.000000,0.000000,0.000000,0
23160,169.987507,89.749998,0.000000,181.727165,-172.092748,0
23170,169.987507,89.749998,0.000000,0.000000,0.000000,0
23180,167.850003,89.374998,0.000000,217.014883,-170.049389,0
23190,167.400000,89.250000,0.000000,46.704134,-164.476227,0
23200,167.400000,89.250000,0.000000,0.000000,0.000000,0
23210,166.950007,89.250000,0.000000,44.999313,180.000000,0
23220,166.950007,89.250000,0.000000,0.000000,0.000000,0
23230,166.500003,89.124999,0.000000,46.704211,-164.475889,0
23240,166.050000,89.124999,0.000000,45.000343,180.000000,0
23250,166.050000,89.124999,0.000000,0.000000,0.000000,0
23260,165.825003,89.124999,0.000000,22.499657,180.000000,0
23270,165.825003,89.124999,0.000000,0.000000,0.000000,0
23280,165.825003,89.124999,0.000000,0.000000,0.000000,0
23290,165.825003,89.124999,0.000000,0.000000,0.000000,0
23300,165.825003,89.124999,0.000000,0.000000,0.000000,0
23310,165.600007,89.124999,0.000000,22.499657,180.000000,0
23320,165.600007,89.124999,0.000000,0.000000,0.000000,0
23330,165.600007,88.999998,0.000000,12.500095,-90.000000,0
23340,165.375000,88.875000,0.000000,25.739583,-150.946509,0
23350,165.262507,88.875000,0.305664,11.249313,180.000000,1
23360,165.262507,88.875000,0.305664,0.000000,0.000000,1
23370,165.262507,88.875000,0.305664,0.000000,0.000000,1
23380,165.262507,88.875000,0.305664,0.000000,0.000000,1
23390,165.262507,88.875000,0.305664,0.000000,0.000000,1
23400,165.262507,88.875000,0.305664,0.000000,0.000000,1
23410,165.487503,89.124999,0.601563,33.633760,48.013114,1
23420,165.487503,89.124999,0.601563,0.000000,0.000000,1
23430,165.937507,89.250000,0.685547,46.704211,15.524111,1
23440,166.387500,89.499999,0.750000,51.477504,29.054882,1
23450,166.387500,89.499999,0.750000,0.000000,0.000000,1
23460,166.837503,89.749998,0.792969,51.478405,29.054326,1
23470,166.837503,89.749998,0.792969,0.000000,0.000000,1
23480,167.287507,89.874999,0.820313,46.704211,15.524111,1
23490,167.850003,89.874999,0.857422,56.249657,0.000000,1
23500,167.850003,89.874999,0.857422,0.000000,0.000000,1
23510,169.200003,90.124998,0.914063,137.295285,10.491438,1
23520,169.200003,90.124998,0.914063,0.000000,0.000000,1
23530,170.662507,90.375000,0.943359,148.371737,9.700442,1
23540,172.350007,90.624999,0.959961,170.591787,8.426937,1
23550,172.350007,90.624999,0.959961,0.000000,0.000000,1
23560,175.162500,91.249998,0.973633,288.110073,12.528819,1
23570,175.162500,91.249998,0.973633,0.000000,0.000000,1
23580,177.300014,91.749999,0.980469,219.521432,13.165737,1
23590,179.662514,92.374998,0.988281,244.377373,14.818126,1
23600,179.662514,92.374998,0.988281,0.000000,0.000000,1
23610,182.250000,93.000000,1.000000,266.190018,13.579562,1
23620,182.250000,93.000000,1.000000,0.000000,0.000000,1
23630,184.950000,93.499998,1.000000,274.590570,10.491438,1
23640,187.762514,94.125000,1.000000,288.112146,12.528785,1
23650,187.762514,94.125000,1.000000,0.000000,0.000000,1
23660,191.812514,95.250000,1.000000,420.334688,15.524111,1
23670,191.812514,95.250000,1.000000,0.000000,0.000000,1
23680,194.287507,96.000000,1.000000,258.613438,16.858443,1
23690,196.650007,96.750000,1.000000,247.869043,17.612578,1
23700,196.650007,96.750000,1.000000,0.000000,0.000000,1
23710,198.787500,97.374999,1.000000,222.699365,16.298822,1
23720,198.787500,97.374999,1.000000,0.000000,0.000000,1
23730,201.712507,98.124999,1.000000,301.962997,14.381362,1
23740,203.287514,98.499999,1.000000,161.903417,13.392441,1
23750,203.287514,98.499999,1.000000,0.000000,0.000000,1
23760,204.412507,98.749998,1.000000,115.243615,12.528835,1
23770,204.412507,98.749998,1.000000,0.000000,0.000000,1
23780,204.975014,98.874999,1.000000,57.622844,12.528752,1
23790,205.312514,99.000000,1.000000,35.990483,20.323279,1
23800,205.312514,99.000000,1.000000,0.000000,0.000000,1
23810,205.425007,99.000000,1.000000,11.249313,0.000000,1
23820,205.425007,99.000000,1.000000,0.000000,0.000000,1
23830,205.425007,99.000000,1.000000,0.000000,0.000000,1
23840,205.200000,99.000000,0.890625,22.500687,180.000000,1
23850,204.187500,99.124998,0.000000,102.018664,172.962166,0
23860,204.187500,99.124998,0.000000,0.000000,0.000000,0
23870,204.187500,99.124998,0.000000,0.000000,0.000000,0
23880,203.962514,99.249999,0.000000,25.737921,150.943726,0
23890,203.962514,99.249999,0.000000,0.000000,0.000000,0
23900,203.962514,99.249999,0.000000,0.000000,0.000000,0
23910,203.962514,99.249999,0.000000,0.000000,0.000000,0
23920,203.962514,99.249999,0.000000,0.000000,0.000000,0
23930,203.962514,99.249999,0.000000,0.000000,0.000000,0
23940,203.962514,99.249999,0.000000,0.000000,0.000000,0
23950,203.962514,99.249999,0.000000,0.000000,0.000000,0
23960,203.962514,99.249999,0.000000,0.000000,0.000000,0
23970,203.962514,99.249999,0.000000,0.000000,0.000000,0
23980,203.962514,99.249999,0.000000,0.000000,0.000000,0
23990,203.962514,99.249999,0.000000,0.000000,0.000000,0
24000,203.962514,99.249999,0.000000,0.000000,0.000000,0
24010,203.962514,99.249999,0.000000,0.000000,0.000000,0
24020,203.962514,99.249999,0.000000,0.000000,0.000000,0
24030,203.962514,99.249999,0.000000,0.000000,0.000000,0
24040,203.962514,99.249999,0.000000,0.000000,0.000000,0
24050,203.962514,99.249999,0.000000,0.000000,0.000000,0
24060,203.962514,99.249999,0.000000,0.000000,0.000000,0
24070,203.962514,99.249999,0.000000,0.000000,0.000000,0
24080,203.962514,99.249999,0.000000,0.000000,0.000000,0
24090,203.962514,99.249999,0.000000,0.000000,0.000000,0
24100,203.962514,99.249999,0.000000,0.000000,0.000000,0
24110,203.962514,99.249999,0.000000,0.000000,0.000000,0
24120,203.962514,99.249999,0.000000,0.000000,0.000000,0
24130,203.962514,99.249999,0.000000,0.000000,0.000000,0
24140,203.962514,99.249999,0.000000,0.000000,0.000000,0
24150,203.962514,99.249999,0.000000,0.000000,0.000000,0
24160,203.962514,99.249999,0.000000,0.000000,0.000000,0
24170,203.962514,99.249999,0.000000,0.000000,0.000000,0
24180,203.962514,99.249999,0.000000,0.000000,0.000000,0
24190,203.962514,99.249999,0.000000,0.000000,0.000000,0
24200,203.962514,99.249999,0.000000,0.000000,0.000000,0
24210,203.962514,99.249999,0.000000,0.000000,0.000000,0
24220,203.962514,99.249999,0.000000,0.000000,0.000000,0
24230,203.962514,99.249999,0.000000,0.000000,0.000000,0
24240,203.962514,99.249999,0.000000,0.000000,0.000000,0
24250,203.962514,99.249999,0.000000,0.000000,0.000000,0
24260,203.962514,99.249999,0.000000,0.000000,0.000000,0
24270,203.962514,99.249999,0.000000,0.000000,0.000000,0
24280,203.962514,99.249999,0.000000,0.000000,0.000000,0
24290,203.962514,99.249999,0.000000,0.000000,0.000000,0
24300,203.962514,99.249999,0.000000,0.000000,0.000000,0
24310,203.962514,99.249999,0.000000,0.000000,0.000000,0
24320,203.962514,99.249999,0.000000,0.000000,0.000000,0
24330,203.962514,99.249999,0.000000,0.000000,0.000000,0
24340,203.962514,99.249999,0.000000,0.000000,0.000000,0
24350,203.962514,99.249999,0.000000,0.000000,0.000000,0
24360,203.962514,99.249999,0.000000,0.000000,0.000000,0
24370,203.962514,99.249999,0.000000,0.000000,0.000000,0
24380,203.962514,99.249999,0.000000,0.000000,0.000000,0
24390,203.962514,99.249999,0.000000,0.000000,0.000000,0
24400,203.962514,99.249999,0.000000,0.000000,0.000000,0
24410,203.962514,99.249999,0.000000,0.000000,0.000000,0
24420,203.962514,99.249999,0.000000,0.000000,0.000000,0
24430,203.962514,99.249999,0.000000,0.000000,0.000000,0
24440,203.962514,99.249999,0.000000,0.000000,0.000000,0
24450,203.962514,99.249999,0.000000,0.000000,0.000000,0
24460,203.962514,99.249999,0.000000,0.000000,0.000000,0
24470,203.962514,99.249999,0.000000,0.000000,0.000000,0
24480,203.962514,99.249999,0.000000,0.000000,0.000000,0
24490,203.962514,99.249999,0.000000,0.000000,0.000000,0
24500,203.962514,99.249999,0.000000,0.000000,0.000000,0
24510,203.962514,99.249999,0.000000,0.000000,0.000000,0
24520,203.962514,99.249999,0.000000,0.000000,0.000000,0
24530,203.962514,99.249999,0.000000,0.000000,0.000000,0
24540,203.962514,99.249999,0.000000,0.000000,0.000000,0
24550,203.962514,99.249999,0.000000,0.000000,0.000000,0
24560,203.962514,99.249999,0.000000,0.000000,0.000000,0
24570,203.962514,99.249999,0.000000,0.000000,0.000000,0
24580,203.962514,99.249999,0.000000,0.000000,0.000000,0
24590,203.962514,99.249999,0.000000,0.000000,0.000000,0
24600,203.962514,99.249999,0.000000,0.000000,0.000000,0
24610,203.962514,99.249999,0.000000,0.000000,0.000000,0
24620,203.962514,99.249999,0.000000,0.000000,0.000000,0
24630,203.962514,99.249999,0.000000,0.000000,0.000000,0
24640,203.962514,99.249999,0.000000,0.000000,0.000000,0
24650,203.962514,99.249999,0.000000,0.000000,0.000000,0
24660,203.962514,99.249999,0.000000,0.000000,0.000000,0
24670,203.962514,99.249999,0.000000,0.000000,0.000000,0
24680,203.962514,99.249999,0.000000,0.000000,0.000000,0
24690,203.962514,99.249999,0.000000,0.000000,0.000000,0
24700,203.962514,99.249999,0.000000,0.000000,0.000000,0
24710,203.962514,99.249999,0.000000,0.000000,0.000000,0
24720,203.962514,99.249999,0.000000,0.000000,0.000000,0
24730,203.962514,99.249999,0.000000,0.000000,0.000000,0
24740,203.962514,99.249999,0.000000,0.000000,0.000000,0
24750,203.962514,99.249999,0.000000,0.000000,0.000000,0
24760,203.962514,99.249999,0.000000,0.000000,0.000000,0
24770,203.962514,99.249999,0.000000,0.000000,0.000000,0
24780,203.962514,99.249999,0.000000,0.000000,0.000000,0
24790,203.962514,99.249999,0.000000,0.000000,0.000000,0
24800,203.962514,99.249999,0.000000,0.000000,0.000000,0
24810,203.962514,99.249999,0.000000,0.000000,0.000000,0
24820,203.962514,99.249999,0.000000,0.000000,0.000000,0
24830,203.962514,99.249999,0.000000,0.000000,0.000000,0
24840,203.962514,99.249999,0.000000,0.000000,0.000000,0
24850,203.962514,99.249999,0.000000,0.000000,0.000000,0
24860,203.962514,99.249999,0.000000,0.000000,0.000000,0
24870,203.962514,99.249999,0.000000,0.000000,0.000000,0
24880,203.962514,99.249999,0.000000,0.000000,0.000000,0
24890,203.962514,99.249999,0.000000,0.000000,0.000000,0
24900,203.962514,99.249999,0.000000,0.000000,0.000000,0
24910,203.962514,99.249999,0.000000,0.000000,0.000000,0
24920,203.962514,99.249999,0.000000,0.000000,0.000000,0
24930,183.600000,86.874996,0.000000,2382.798064,-148.711505,0
24940,184.387514,86.749998,0.000000,79.737219,-9.019032,0
24950,184.387514,86.749998,0.000000,0.000000,0.000000,0
24960,186.075014,86.625000,0.000000,169.212316,-4.236330,0
24970,186.075014,86.625000,0.000000,0.000000,0.000000,0
24980,187.987500,86.625000,0.000000,191.248627,0.000000,0
24990,187.987500,86.625000,0.000000,0.000000,0.000000,0
25000,188.212507,86.374998,0.000000,33.634661,-48.012135,0
25010,188.212507,86.374998,0.000000,0.000000,0.000000,0
25020,188.212507,86.374998,0.000000,0.000000,0.000000,0
25030,188.212507,86.374998,0.000000,0.000000,0.000000,0
25040,187.425014,86.124996,0.000000,82.622418,-162.387152,0
25050,187.425014,86.124996,0.000000,0.000000,0.000000,0
25060,186.750014,86.124996,0.000000,67.500000,180.000000,0
25070,186.750014,86.124996,0.000000,0.000000,0.000000,0
25080,185.962500,86.124996,0.000000,78.751373,180.000000,0
25090,185.175007,86.374998,0.000000,82.622418,162.387152,0
25100,185.175007,86.374998,0.000000,0.000000,0.000000,0
25110,184.387514,86.625000,0.000000,82.622418,162.387152,0
25120,183.600000,86.874996,0.000000,82.624208,162.387962,0
25130,183.600000,86.874996,0.000000,0.000000,0.000000,0
25140,183.262500,87.124998,0.000000,42.000858,143.470936,0
25150,183.262500,87.124998,0.000000,0.000000,0.000000,0
25160,183.150007,87.249999,0.000000,16.816642,131.985256,0
25170,183.150007,87.249999,0.000000,0.000000,0.000000,0
25180,183.150007,87.499998,0.000000,24.999905,90.000000,0
25190,183.150007,87.499998,0.000000,0.000000,0.000000,0
25200,183.150007,87.624999,0.000000,12.500095,90.000000,0
25210,183.150007,87.624999,0.000000,0.000000,0.000000,0
25220,183.150007,87.624999,0.000000,0.000000,0.000000,0
25230,183.150007,87.624999,0.000000,0.000000,0.000000,0
25240,182.925000,87.999999,0.000000,43.732492,120.964528,0
25250,182.925000,87.999999,0.000000,0.000000,0.000000,0
25260,182.812507,88.125000,0.000000,16.816642,131.985256,0
25270,182.812507,88.125000,0.000000,0.000000,0.000000,0
25280,182.700014,88.500000,0.194336,39.150952,106.698282,1
25290,182.700014,88.500000,0.194336,0.000000,0.000000,1
25300,182.700014,88.500000,0.194336,0.000000,0.000000,1
25310,182.700014,88.500000,0.194336,0.000000,0.000000,1
25320,182.700014,88.500000,0.194336,0.000000,0.000000,1
25330,182.700014,88.500000,0.194336,0.000000,0.000000,1
25340,183.375014,88.500000,0.870117,67.500000,0.000000,1
25350,183.375014,88.500000,0.870117,0.000000,0.000000,1
25360,183.712514,88.374999,0.902344,35.990483,-20.323279,1
25370,183.712514,88.374999,0.902344,0.000000,0.000000,1
25380,184.725014,87.499998,0.982422,133.820137,-40.833526,1
25390,185.512507,86.749998,1.000000,108.749503,-43.603068,1
25400,185.512507,86.749998,1.000000,0.000000,0.000000,1
25410,186.300000,86.124996,1.000000,100.537198,-38.437630,1
25420,186.300000,86.124996,1.000000,0.000000,0.000000,1
25430,186.975000,85.500000,1.000000,91.991588,-42.797228,1
25440,187.762514,84.624996,1.000000,117.720413,-48.012415,1
25450,187.762514,84.624996,1.000000,0.000000,0.000000,1
25460,188.100014,84.124998,1.000000,60.324484,-55.980549,1
25470,188.100014,84.124998,1.000000,0.000000,0.000000,1
25480,188.437514,83.749998,1.000000,50.451090,-48.012788,1
25490,188.550007,83.374998,1.000000,39.150952,-73.301718,1
25500,188.550007,83.374998,1.000000,0.000000,0.000000,1
25510,188.662500,83.374998,1.000000,11.249313,0.000000,1
25520,188.662500,83.374998,1.000000,0.000000,0.000000,1
25530,188.550007,83.499996,1.000000,16.816429,131.985908,1
25540,188.212507,83.874996,0.000000,50.451090,131.987212,0
25550,188.212507,83.874996,0.000000,0.000000,0.000000,0
25560,187.987500,84.624996,0.000000,78.302496,106.699725,0
25570,188.550007,85.749996,0.000000,125.779131,63.434669,0
25580,188.550007,85.749996,0.000000,0.000000,0.000000,0
25590,190.462514,86.749998,0.000000,215.816735,27.603940,0
25600,190.462514,86.749998,0.000000,0.000000,0.000000,0
25610,192.487514,86.625000,0.000000,202.885424,-3.532241,0
25620,194.287507,86.499996,0.000000,180.432847,-3.972632,0
25630,194.287507,86.499996,0.000000,0.000000,0.000000,0
25640,195.750000,86.625000,0.000000,146.782564,4.885374,0
25650,195.750000,86.625000,0.000000,0.000000,0.000000,0
25660,196.087500,87.249999,0.000000,71.030279,61.630917,0
25670,196.087500,87.249999,0.000000,0.000000,0.000000,0
25680,196.537514,87.249999,0.000000,45.001373,0.000000,0
25690,196.762500,87.249999,0.000000,22.498627,0.000000,0
25700,196.762500,87.249999,0.000000,0.000000,0.000000,0
25710,197.100000,87.375000,0.000000,35.990483,20.323279,0
25720,197.100000,87.375000,0.000000,0.000000,0.000000,0
25730,197.212514,87.874998,0.000000,51.250115,77.318072,0
25740,197.212514,88.249998,0.000000,37.500000,90.000000,0
25750,197.212514,88.249998,0.000000,0.000000,0.000000,0
25760,196.987507,88.624998,0.000000,43.732492,120.964528,0
25770,196.987507,88.624998,0.000000,0.000000,0.000000,0
25780,196.762500,88.749999,0.000000,25.739722,150.945953,0
25790,196.762500,88.999998,0.000000,24.999905,90.000000,0
25800,196.762500,88.999998,0.000000,0.000000,0.000000,0
25810,196.762500,89.124999,0.000000,12.500095,90.000000,0
25820,196.762500,89.124999,0.000000,0.000000,0.000000,0
25830,196.762500,89.124999,0.000000,0.000000,0.000000,0
25840,196.762500,89.124999,0.000000,0.000000,0.000000,0
25850,196.762500,89.124999,0.000000,0.000000,0.000000,0
25860,196.875014,89.374998,0.000000,27.415117,65.769556,0
25870,196.987507,89.499999,0.000000,16.816642,48.014744,0
25880,196.987507,89.499999,0.000000,0.000000,0.000000,0
25890,196.987507,89.749998,0.000000,24.999905,90.000000,0
25900,196.987507,89.749998,0.000000,0.000000,0.000000,0
25910,196.987507,89.874999,0.000000,12.500095,90.000000,0
25920,196.987507,89.874999,0.000000,0.000000,0.000000,0
25930,196.875014,89.874999,0.000000,11.249313,180.000000,0
25940,196.875014,89.874999,0.000000,0.000000,0.000000,0
25950,196.650007,90.000000,0.000000,25.739722,150.945953,0
25960,196.650007,90.000000,0.000000,0.000000,0.000000,0
25970,196.537514,90.000000,0.000000,11.249313,180.000000,0
25980,196.312507,90.000000,0.000000,22.500687,180.000000,0
25990,196.312507,90.000000,0.462891,0.000000,0.000000,1
26000,196.312507,90.000000,0.462891,0.000000,0.000000,1
26010,196.312507,90.000000,0.462891,0.000000,0.000000,1
26020,196.312507,90.000000,0.462891,0.000000,0.000000,1
26030,196.312507,90.000000,0.462891,0.000000,0.000000,1
26040,196.312507,90.000000,0.462891,0.000000,0.000000,1
26050,196.312507,90.000000,0.462891,0.000000,0.000000,1
26060,197.212514,90.124998,0.738281,90.864563,7.906984,1
26070,197.662507,90.124998,0.744141,44.999313,0.000000,1
26080,197.662507,90.124998,0.744141,0.000000,0.000000,1
26090,197.887514,90.124998,0.747070,22.500687,0.000000,1
26100,197.887514,90.124998,0.747070,0.000000,0.000000,1
26110,198.225014,90.124998,0.752930,33.750000,0.000000,1
26120,198.225014,90.124998,0.752930,0.000000,0.000000,1
26130,198.225014,90.124998,0.752930,0.000000,0.000000,1
26140,198.337507,90.124998,0.761719,11.249313,0.000000,1
26150,198.337507,90.124998,0.761719,0.000000,0.000000,1
26160,198.337507,90.000000,0.785156,12.499809,-90.000000,1
26170,198.450000,89.625000,0.808594,39.150952,-73.301718,1
26180,198.450000,89.625000,0.808594,0.000000,0.000000,1
26190,198.450000,88.749999,0.851563,87.500095,-90.000000,1
26200,198.450000,88.749999,0.851563,0.000000,0.000000,1
26210,198.225014,87.999999,0.868164,78.301904,-106.698282,1
26220,197.887514,87.124998,0.887695,93.783416,-111.092319,1
26230,197.887514,87.124998,0.887695,0.000000,0.000000,1
26240,197.100000,85.875000,0.916016,147.738726,-122.211418,1
26250,197.100000,85.875000,0.916016,0.000000,0.000000,1
26260,195.750000,84.249996,0.956055,211.261388,-129.718693,1
26270,193.950007,82.624998,0.988281,242.499363,-137.924903,1
26280,193.950007,82.624998,0.988281,0.000000,0.000000,1
26290,193.275007,81.999996,0.999023,91.991977,-137.202511,1
26300,193.275007,81.999996,0.999023,0.000000,0.000000,1
26310,192.937507,81.624996,1.000000,50.451090,-131.987212,1
26320,192.937507,81.624996,1.000000,0.000000,0.000000,1
26330,192.600007,81.375000,1.000000,42.000517,-143.471563,1
26340,192.487514,81.249996,0.973633,16.816854,-131.984604,1
26350,192.487514,81.249996,0.973633,0.000000,0.000000,1
26360,192.262507,81.375000,0.000000,25.739861,150.945396,0
26370,192.037500,81.624996,0.000000,33.634236,131.988517,0
26380,192.037500,81.624996,0.000000,0.000000,0.000000,0
26390,192.037500,81.624996,0.000000,0.000000,0.000000,0
26400,192.037500,81.874998,0.000000,25.000191,90.000000,0
26410,192.037500,81.874998,0.000000,0.000000,0.000000,0
26420,192.037500,81.999996,0.000000,12.499809,90.000000,0
26430,192.487514,81.999996,0.000000,45.001373,0.000000,0
26440,192.937507,81.999996,0.000000,44.999313,0.000000,0
26450,192.937507,81.999996,0.000000,0.000000,0.000000,0
26460,192.937507,81.999996,0.000000,0.000000,0.000000,0
26470,192.937507,81.999996,0.000000,0.000000,0.000000,0
26480,192.937507,81.999996,0.000000,0.000000,0.000000,0
26490,192.937507,81.999996,0.000000,0.000000,0.000000,0
26500,192.937507,81.999996,0.000000,0.000000,0.000000,0
26510,192.937507,81.999996,0.000000,0.000000,0.000000,0
26520,192.937507,81.999996,0.000000,0.000000,0.000000,0
26530,192.937507,81.999996,0.000000,0.000000,0.000000,0
26540,192.937507,81.999996,0.000000,0.000000,0.000000,0
26550,192.937507,81.999996,0.000000,0.000000,0.000000,0
26560,192.937507,81.999996,0.000000,0.000000,0.000000,0
26570,192.937507,81.999996,0.000000,0.000000,0.000000,0
26580,192.937507,81.999996,0.000000,0.000000,0.000000,0
26590,192.937507,81.999996,0.000000,0.000000,0.000000,0
26600,192.937507,81.999996,0.000000,0.000000,0.000000,0
26610,192.937507,81.999996,0.000000,0.000000,0.000000,0
26620,192.937507,81.999996,0.000000,0.000000,0.000000,0
26630,192.937507,81.999996,0.000000,0.000000,0.000000,0
26640,192.937507,81.999996,0.000000,0.000000,0.000000,0
26650,192.937507,81.999996,0.000000,0.000000,0.000000,0
26660,192.937507,81.999996,0.000000,0.000000,0.000000,0
26670,179.662514,70.249998,0.000000,1772.816679,-138.487228,0
26680,179.662514,70.249998,0.000000,0.000000,0.000000,0
26690,179.325014,70.374996,0.000000,35.990384,159.677148,0
26700,179.325014,70.374996,0.000000,0.000000,0.000000,0
26710,179.100007,70.500000,0.000000,25.739861,150.945396,0
26720,178.875000,70.749996,0.000000,33.634236,131.988517,0
26730,178.875000,70.749996,0.000000,0.000000,0.000000,0
26740,178.762507,70.875000,0.000000,16.816854,131.984604,0
26750,178.762507,70.875000,0.000000,0.000000,0.000000,0
26760,178.537500,71.374998,0.000000,54.829388,114.228481,0
26770,178.537500,71.374998,0.000000,0.000000,0.000000,0
26780,177.975014,71.874996,0.000000,75.258813,138.365875,0
26790,177.637514,72.124998,0.000000,42.000858,143.470936,0
26800,177.637514,72.124998,0.000000,0.000000,0.000000,0
26810,177.300014,72.375000,0.000000,42.000858,143.470936,0
26820,176.737507,72.624996,0.000000,61.555834,156.038095,0
26830,176.737507,72.624996,0.000000,0.000000,0.000000,0
26840,176.062507,72.874998,0.000000,71.980966,159.676721,0
26850,176.062507,72.874998,0.000000,0.000000,0.000000,0
26860,175.950014,72.874998,0.000000,11.249313,180.000000,0
26870,175.387507,72.874998,0.000000,56.250687,180.000000,0
26880,175.387507,72.874998,0.000000,0.000000,0.000000,0
26890,175.162500,72.874998,0.654297,22.500687,180.000000,1
26900,175.162500,72.874998,0.654297,0.000000,0.000000,1
26910,175.162500,72.874998,0.654297,0.000000,0.000000,1
26920,175.162500,72.874998,0.654297,0.000000,0.000000,1
26930,175.162500,72.874998,0.654297,0.000000,0.000000,1
26940,175.950014,72.999996,0.787109,79.737219,9.019032,1
26950,175.950014,72.999996,0.787109,0.000000,0.000000,1
26960,177.750007,73.500000,0.833008,186.814857,15.524280,1
26970,180.225000,74.124996,0.879883,255.268706,14.172292,1
26980,180.225000,74.124996,0.879883,0.000000,0.000000,1
26990,182.812507,74.749998,0.890625,266.192020,13.579458,1
27000,182.812507,74.749998,0.890625,0.000000,0.000000,1
27010,186.750014,75.624996,0.894531,403.355699,12.528760,1
27020,189.562507,76.125000,0.900391,285.659263,10.080697,1
27030,189.562507,76.125000,0.900391,0.000000,0.000000,1
27040,192.375000,76.749996,0.905273,288.110011,12.528763,1
27050,192.375000,76.749996,0.905273,0.000000,0.000000,1
27060,195.075000,77.374998,0.918945,277.139448,13.033395,1
27070,198.562514,78.124998,0.922852,356.724712,12.136778,1
27080,198.562514,78.124998,0.922852,0.000000,0.000000,1
27090,200.587514,78.499998,0.930664,205.942953,10.491477,1
27100,200.587514,78.499998,0.930664,0.000000,0.000000,1
27110,202.387507,78.874998,0.937500,183.864088,11.768333,1
27120,203.737507,79.125000,0.943359,137.295337,10.491555,1
27130,203.737507,79.125000,0.943359,0.000000,0.000000,1
27140,204.975014,79.374996,0.949219,126.250598,11.420955,1
27150,204.975014,79.374996,0.949219,0.000000,0.000000,1
27160,206.212500,79.500000,0.953125,124.378383,5.768127,1
27170,207.337514,79.624998,0.962891,113.193658,6.340019,1
27180,207.337514,79.624998,0.962891,0.000000,0.000000,1
27190,207.675014,79.624998,0.981445,33.750000,0.000000,1
27200,207.675014,79.624998,0.981445,0.000000,0.000000,1
27210,208.012514,79.624998,0.994141,33.750000,0.000000,1
27220,208.125007,79.624998,0.997070,11.249313,0.000000,1
27230,208.125007,79.624998,0.997070,0.000000,0.000000,1
27240,208.125007,79.624998,0.997070,0.000000,0.000000,1
27250,208.125007,79.624998,0.997070,0.000000,0.000000,1
27260,207.787507,79.374996,0.000000,42.000858,-143.470936,0
27270,207.450007,79.374996,0.000000,33.750000,180.000000,0
27280,207.450007,79.374996,0.000000,0.000000,0.000000,0
27290,207.337514,79.374996,0.000000,11.249313,180.000000,0
27300,207.337514,79.374996,0.000000,0.000000,0.000000,0
27310,207.337514,79.374996,0.000000,0.000000,0.000000,0
27320,207.000014,79.249998,0.000000,35.990384,-159.677148,0
27330,207.000014,79.249998,0.000000,0.000000,0.000000,0
27340,207.000014,79.249998,0.000000,0.000000,0.000000,0
27350,207.000014,79.249998,0.000000,0.000000,0.000000,0
27360,207.000014,79.249998,0.000000,0.000000,0.000000,0
27370,207.000014,79.249998,0.000000,0.000000,0.000000,0
27380,207.000014,79.249998,0.000000,0.000000,0.000000,0
27390,207.000014,79.249998,0.000000,0.000000,0.000000,0
27400,207.000014,79.249998,0.000000,0.000000,0.000000,0
27410,207.000014,79.249998,0.000000,0.000000,0.000000,0
27420,207.000014,79.249998,0.000000,0.000000,0.000000,0
27430,207.000014,79.249998,0.000000,0.000000,0.000000,0
27440,207.000014,79.249998,0.000000,0.000000,0.000000,0
27450,207.000014,79.249998,0.000000,0.000000,0.000000,0
27460,207.000014,79.249998,0.000000,0.000000,0.000000,0
27470,207.000014,79.249998,0.000000,0.000000,0.000000,0
27480,207.000014,79.249998,0.000000,0.000000,0.000000,0
27490,207.000014,79.249998,0.000000,0.000000,0.000000,0
27500,174.375007,63.874998,0.000000,3606.635133,-154.767173,0
27510,174.487500,63.999996,0.000000,16.816429,48.014092,0
27520,174.487500,63.999996,0.000000,0.000000,0.000000,0
27530,174.712507,64.249998,0.000000,33.634661,48.012135,0
27540,174.825000,64.374996,0.000000,16.816429,48.014092,0
27550,174.825000,64.374996,0.000000,0.000000,0.000000,0
27560,175.162500,64.500000,0.000000,35.990583,20.323706,0
27570,175.950014,65.250000,0.000000,108.750994,43.602320,0
27580,175.950014,65.250000,0.000000,0.000000,0.000000,0
27590,177.075007,66.124998,0.000000,142.521269,37.875093,0
27600,177.075007,66.124998,0.000000,0.000000,0.000000,0
27610,178.087507,67.125000,0.000000,142.308119,44.644185,0
27620,178.425007,67.749996,0.000000,71.030028,61.630807,0
27630,178.425007,67.749996,0.000000,0.000000,0.000000,0
27640,178.537500,68.374998,0.000000,63.504495,79.796666,0
27650,178.537500,68.374998,0.000000,0.000000,0.000000,0
27660,178.537500,68.874996,0.000000,49.999809,90.000000,0
27670,178.537500,69.249996,0.000000,37.500000,90.000000,0
27680,178.537500,69.249996,0.000000,0.000000,0.000000,0
27690,178.425007,69.874998,0.000000,63.504495,100.203334,0
27700,178.425007,69.874998,0.000000,0.000000,0.000000,0
27710,178.312514,70.249998,0.000000,39.150952,106.698282,0
27720,178.200000,70.374996,0.000000,16.817807,131.991125,0
27730,178.200000,70.374996,0.000000,0.000000,0.000000,0
27740,178.087507,70.749996,0.000000,39.150952,106.698282,0
27750,178.087507,70.749996,0.000000,0.000000,0.000000,0
27760,177.975014,70.749996,0.000000,11.249313,180.000000,0
27770,177.975014,71.124996,0.000000,37.500000,90.000000,0
27780,177.975014,71.124996,0.000000,0.000000,0.000000,0
27790,177.975014,71.124996,0.000000,0.000000,0.000000,0
27800,178.087507,71.374998,0.000000,27.414532,65.773727,0
27810,178.200000,71.499996,0.334961,16.816429,48.014092,1
27820,178.200000,71.499996,0.334961,0.000000,0.000000,1
27830,178.200000,71.499996,0.334961,0.000000,0.000000,1
27840,178.200000,71.499996,0.334961,0.000000,0.000000,1
27850,178.200000,71.499996,0.334961,0.000000,0.000000,1
27860,178.312514,71.499996,0.716797,11.251373,0.000000,1
27870,178.425007,71.374998,0.740234,16.816429,-48.014092,1
27880,178.425007,71.374998,0.740234,0.000000,0.000000,1
27890,178.650014,71.124996,0.823242,33.634661,-48.012135,1
27900,178.650014,71.124996,0.823242,0.000000,0.000000,1
27910,178.875000,70.624998,0.876953,54.828543,-65.773482,1
27920,179.100007,69.999996,0.951172,66.427063,-70.200622,1
27930,179.100007,69.999996,0.951172,0.000000,0.000000,1
27940,179.212500,69.375000,0.973633,63.503932,-79.796575,1
27950,179.212500,69.375000,0.973633,0.000000,0.000000,1
27960,179.212500,68.625000,1.000000,75.000000,-90.000000,1
27970,179.212500,67.875000,1.000000,75.000000,-90.000000,1
27980,179.212500,67.875000,1.000000,0.000000,0.000000,1
27990,178.987514,66.874998,1.000000,102.499885,-102.679611,1
28000,178.987514,66.874998,1.000000,0.000000,0.000000,1
28010,178.312514,64.500000,1.000000,246.905669,-105.865720,1
28020,177.862500,63.124998,1.000000,144.676971,-108.122354,1
28030,177.862500,63.124998,1.000000,0.000000,0.000000,1
28040,177.412507,61.999998,1.000000,121.165953,-111.801108,1
28050,177.412507,61.999998,1.000000,0.000000,0.000000,1
28060,176.962514,60.750000,1.000000,132.852891,-109.798626,1
28070,176.400007,59.499996,1.000000,137.073831,-114.227942,1
28080,176.400007,59.499996,1.000000,0.000000,0.000000,1
28090,175.500000,57.624996,1.000000,207.981666,-115.641176,1
28100,175.500000,57.624996,1.000000,0.000000,0.000000,1
28110,174.825000,56.499996,1.000000,131.196418,-120.963757,1
28120,174.262514,55.374996,1.000000,125.778210,-116.564492,1
28130,174.262514,55.374996,1.000000,0.000000,0.000000,1
28140,173.700007,54.249996,1.000000,125.779131,-116.565331,1
28150,173.700007,54.249996,1.000000,0.000000,0.000000,1
28160,172.687507,52.500000,1.000000,202.179200,-120.052502,1
28170,171.900003,51.375000,1.000000,137.323948,-124.992138,1
28180,171.900003,51.375000,1.000000,0.000000,0.000000,1
28190,171.112500,50.124996,1.000000,147.738661,-122.210962,1
28200,171.112500,50.124996,1.000000,0.000000,0.000000,1
28210,170.212503,48.999996,1.000000,144.070081,-128.659702,1
28220,169.200003,47.749998,1.000000,160.861788,-129.007515,1
28230,169.200003,47.749998,1.000000,0.000000,0.000000,1
28240,167.400000,45.874998,1.000000,259.916090,-133.830915,1
28250,167.400000,45.874998,1.000000,0.000000,0.000000,1
28260,165.937507,44.499996,1.000000,200.736554,-136.766097,1
28270,164.362500,43.249998,1.000000,201.075654,-141.562863,1
28280,164.362500,43.249998,1.000000,0.000000,0.000000,1
28290,162.562507,41.749998,1.000000,234.306963,-140.194321,1
28300,162.562507,41.749998,1.000000,0.000000,0.000000,1
28310,159.637500,39.499998,1.000000,369.027982,-142.431473,1
28320,157.725003,37.875000,1.000000,250.963382,-139.646318,1
28330,157.725003,37.875000,1.000000,0.000000,0.000000,1
28340,155.925000,36.499992,1.000000,226.509566,-142.624092,1
28350,155.925000,36.499992,1.000000,0.000000,0.000000,1
28360,154.462507,35.374992,1.000000,184.513175,-142.431278,1
28370,153.225000,34.374996,1.000000,159.104230,-141.059250,1
28380,153.225000,34.374996,1.000000,0.000000,0.000000,1
28390,152.662503,33.999996,1.000000,67.603801,-146.309771,1
28400,152.662503,33.999996,1.000000,0.000000,0.000000,1
28410,151.987503,33.499992,1.000000,84.001715,-143.470936,1
28420,151.650003,33.375000,1.000000,35.990185,-159.678002,1
28430,151.650003,33.375000,1.000000,0.000000,0.000000,1
28440,151.537500,33.375000,1.000000,11.250343,180.000000,1
28450,151.537500,33.375000,1.000000,0.000000,0.000000,1
28460,152.887500,34.999992,0.000000,211.260508,50.281108,0
28470,155.362503,37.374996,0.000000,343.020191,43.818817,0
28480,155.362503,37.374996,0.000000,0.000000,0.000000,0
28490,157.837507,39.624996,0.000000,334.486801,42.273649,0
28500,157.837507,39.624996,0.000000,0.000000,0.000000,0
28510,159.975000,41.499996,0.000000,284.332585,41.257103,0
28520,159.975000,41.499996,0.000000,0.000000,0.000000,0
28530,159.975000,41.499996,0.000000,0.000000,0.000000,0
28540,159.975000,41.499996,0.000000,0.000000,0.000000,0
28550,159.975000,41.499996,0.000000,0.000000,0.000000,0
28560,159.975000,41.499996,0.000000,0.000000,0.000000,0
28570,159.975000,41.499996,0.000000,0.000000,0.000000,0
28580,159.975000,41.499996,0.000000,0.000000,0.000000,0
28590,159.975000,41.499996,0.000000,0.000000,0.000000,0
28600,159.975000,41.499996,0.000000,0.000000,0.000000,0
28610,159.975000,41.499996,0.000000,0.000000,0.000000,0
28620,159.975000,41.499996,0.000000,0.000000,0.000000,0
28630,159.975000,41.499996,0.000000,0.000000,0.000000,0
28640,159.975000,41.499996,0.000000,0.000000,0.000000,0
28650,159.975000,41.499996,0.000000,0.000000,0.000000,0
28660,159.975000,41.499996,0.000000,0.000000,0.000000,0
28670,159.975000,41.499996,0.000000,0.000000,0.000000,0
28680,159.975000,41.499996,0.000000,0.000000,0.000000,0
28690,159.975000,41.499996,0.000000,0.000000,0.000000,0
28700,159.975000,41.499996,0.000000,0.000000,0.000000,0
28710,159.975000,41.499996,0.000000,0.000000,0.000000,0
28720,159.975000,41.499996,0.000000,0.000000,0.000000,0
28730,159.975000,41.499996,0.000000,0.000000,0.000000,0
28740,159.975000,41.499996,0.000000,0.000000,0.000000,0
28750,159.975000,41.499996,0.000000,0.000000,0.000000,0
28760,190.687500,62.874996,0.000000,3741.855531,34.836786,0
28770,190.687500,62.874996,0.000000,0.000000,0.000000,0
28780,190.687500,62.874996,0.000000,0.000000,0.000000,0
28790,190.687500,62.874996,0.000000,0.000000,0.000000,0
28800,190.687500,62.874996,0.000000,0.000000,0.000000,0
28810,190.912507,62.874996,0.000000,22.500687,0.000000,0
28820,191.250007,62.874996,0.000000,33.750000,0.000000,0
28830,191.250007,62.874996,0.000000,0.000000,0.000000,0
28840,191.475014,62.874996,0.000000,22.500687,0.000000,0
28850,191.475014,62.874996,0.000000,0.000000,0.000000,0
28860,191.925007,62.749998,0.000000,46.703142,-15.524111,0
28870,191.925007,62.625000,0.000000,12.499809,-90.000000,0
28880,191.925007,62.625000,0.000000,0.000000,0.000000,0
28890,192.037500,62.625000,0.000000,11.249313,0.000000,0
28900,192.037500,62.625000,0.000000,0.000000,0.000000,0
28910,192.037500,62.625000,0.000000,0.000000,0.000000,0
28920,192.037500,62.625000,0.000000,0.000000,0.000000,0
28930,192.037500,62.625000,0.000000,0.000000,0.000000,0
28940,192.262507,62.749998,0.000000,25.739583,29.053491,0
28950,192.262507,62.749998,0.000000,0.000000,0.000000,0
28960,192.262507,63.124998,0.000000,37.500000,90.000000,0
28970,192.262507,63.249996,0.000000,12.499809,90.000000,0
28980,192.262507,63.249996,0.000000,0.000000,0.000000,0
28990,192.262507,63.624996,0.000000,37.500000,90.000000,0
29000,192.262507,63.624996,0.000000,0.000000,0.000000,0
29010,192.262507,63.624996,0.000000,0.000000,0.000000,0
29020,192.262507,63.624996,0.000000,0.000000,0.000000,0
29030,192.262507,63.624996,0.000000,0.000000,0.000000,0
29040,192.262507,63.624996,0.000000,0.000000,0.000000,0
29050,192.262507,63.624996,0.392578,0.000000,0.000000,1
29060,192.262507,63.624996,0.392578,0.000000,0.000000,1
29070,192.262507,63.624996,0.392578,0.000000,0.000000,1
29080,192.262507,63.624996,0.392578,0.000000,0.000000,1
29090,192.262507,63.624996,0.392578,0.000000,0.000000,1
29100,192.262507,63.624996,0.392578,0.000000,0.000000,1
29110,192.600007,63.249996,0.686523,50.451090,-48.012788,1
29120,192.937507,62.874996,0.709961,50.451090,-48.012788,1
29130,192.937507,62.874996,0.709961,0.000000,0.000000,1
29140,193.050000,62.625000,0.751953,27.414011,-65.773236,1
29150,193.050000,62.625000,0.751953,0.000000,0.000000,1
29160,193.162514,62.499996,0.801758,16.818232,-48.010179,1
29170,193.275007,62.124996,0.850586,39.150952,-73.301718,1
29180,193.275007,62.124996,0.850586,0.000000,0.000000,1
29190,193.275007,61.624998,0.913086,49.999809,-90.000000,1
29200,193.275007,61.624998,0.913086,0.000000,0.000000,1
29210,193.275007,61.125000,0.933594,49.999809,-90.000000,1
29220,193.162514,60.624996,0.941406,51.250221,-102.679541,1
29230,193.162514,60.624996,0.941406,0.000000,0.000000,1
29240,192.937507,59.874996,0.966797,78.302496,-106.699725,1
29250,192.937507,59.874996,0.966797,0.000000,0.000000,1
29260,192.375000,58.999998,1.000000,104.020942,-122.735601,1
29270,190.800014,57.000000,1.000000,254.569718,-128.220216,1
29280,190.800014,57.000000,1.000000,0.000000,0.000000,1
29290,189.675000,55.624998,1.000000,177.659397,-129.289711,1
29300,189.675000,55.624998,1.000000,0.000000,0.000000,1
29310,188.662500,54.750000,1.000000,133.819950,-139.166567,1
29320,187.875007,54.000000,1.000000,108.749503,-136.396932,1
29330,187.875007,54.000000,1.000000,0.000000,0.000000,1
29340,187.200007,53.374998,1.000000,91.991977,-137.202511,1
29350,187.200007,53.374998,1.000000,0.000000,0.000000,1
29360,185.850007,52.249998,1.000000,175.730618,-140.194429,1
29370,185.175007,51.499998,1.000000,100.902180,-131.987212,1
29380,185.175007,51.499998,1.000000,0.000000,0.000000,1
29390,184.612500,51.124998,1.000000,67.604658,-146.310255,1
29400,184.612500,51.124998,1.000000,0.000000,0.000000,1
29410,184.387514,50.874996,1.000000,33.633283,-131.985256,1
29420,184.275000,50.749998,1.000000,16.817807,-131.991125,1
29430,184.275000,50.749998,1.000000,0.000000,0.000000,1
29440,184.275000,50.749998,0.000000,0.000000,0.000000,0
29450,184.275000,50.749998,0.000000,0.000000,0.000000,0
29460,184.387514,50.874996,0.000000,16.817807,48.008875,0
29470,184.387514,50.874996,0.000000,0.000000,0.000000,0
29480,184.500007,51.000000,0.000000,16.816854,48.015396,0
29490,184.612500,51.249996,0.000000,27.414011,65.773236,0
29500,184.612500,51.249996,0.000000,0.000000,0.000000,0
29510,186.300000,52.500000,0.000000,210.003947,36.528939,0
29520,189.112514,53.250000,0.000000,291.079602,14.931348,0
29530,189.112514,53.250000,0.000000,0.000000,0.000000,0
29540,189.112514,53.250000,0.000000,0.000000,0.000000,0
29550,189.112514,53.250000,0.000000,0.000000,0.000000,0
29560,189.112514,53.250000,0.000000,0.000000,0.000000,0
29570,189.112514,53.250000,0.000000,0.000000,0.000000,0
29580,189.112514,53.250000,0.000000,0.000000,0.000000,0
29590,189.112514,53.250000,0.000000,0.000000,0.000000,0
29600,189.112514,53.250000,0.000000,0.000000,0.000000,0
29610,189.112514,53.250000,0.000000,0.000000,0.000000,0
29620,189.112514,53.250000,0.000000,0.000000,0.000000,0
29630,189.112514,53.250000,0.000000,0.000000,0.000000,0
29640,205.087507,51.249996,0.000000,1609.970251,-7.136068,0
29650,205.200000,51.000000,0.000000,27.414011,-65.773236,0
29660,205.200000,51.000000,0.000000,0.000000,0.000000,0
29670,205.312514,50.749998,0.000000,27.415378,-65.769801,0
29680,205.312514,50.749998,0.000000,0.000000,0.000000,0
29690,205.425007,50.625000,0.000000,16.816429,-48.014092,0
29700,205.425007,50.250000,0.000000,37.500000,-90.000000,0
29710,205.425007,50.250000,0.000000,0.000000,0.000000,0
29720,205.087507,49.749996,0.000000,60.324959,-124.019147,0
29730,205.087507,49.749996,0.000000,0.000000,0.000000,0
29740,204.300014,49.500000,0.000000,82.622244,-162.387530,0
29750,204.300014,49.500000,0.000000,0.000000,0.000000,0
29760,203.962514,49.624998,0.000000,35.990384,159.677148,0
29770,203.625014,49.749996,0.000000,35.990384,159.677148,0
29780,203.625014,49.749996,0.000000,0.000000,0.000000,0
29790,203.400007,49.999998,0.000000,33.634661,131.987865,0
29800,203.400007,49.999998,0.000000,0.000000,0.000000,0
29810,202.950014,50.374998,0.000000,58.576345,140.193999,0
29820,202.837500,50.499996,0.000000,16.817807,131.991125,0
29830,202.837500,50.499996,0.000000,0.000000,0.000000,0
29840,202.725007,50.625000,0.000000,16.816854,131.984604,0
29850,202.725007,50.625000,0.000000,0.000000,0.000000,0
29860,202.725007,50.874996,0.000000,24.999619,90.000000,0
29870,202.725007,51.124998,0.000000,25.000191,90.000000,0
29880,202.725007,51.124998,0.000000,0.000000,0.000000,0
29890,202.837500,51.249996,0.000000,16.816429,48.014092,0
29900,202.837500,51.249996,0.000000,0.000000,0.000000,0
29910,203.062507,51.499998,0.000000,33.634661,48.012135,0
29920,203.175000,51.624996,0.000000,16.816429,48.014092,0
29930,203.287514,51.624996,0.360352,11.251373,0.000000,1
29940,203.287514,51.624996,0.360352,0.000000,0.000000,1
29950,203.287514,51.624996,0.360352,0.000000,0.000000,1
29960,203.287514,51.624996,0.360352,0.000000,0.000000,1
29970,203.287514,51.624996,0.360352,0.000000,0.000000,1
29980,203.287514,51.624996,0.360352,0.000000,0.000000,1
29990,203.287514,51.499998,0.695313,12.499809,-90.000000,1
30000,203.287514,51.499998,0.695313,0.000000,0.000000,1
30010,203.287514,51.249996,0.756836,25.000191,-90.000000,1
30020,203.287514,50.749998,0.791992,49.999809,-90.000000,1
30030,203.287514,50.749998,0.791992,0.000000,0.000000,1
30040,202.837500,49.749996,0.856445,109.659298,-114.228359,1
30050,202.837500,49.749996,0.856445,0.000000,0.000000,1
30060,202.275014,49.125000,0.896484,84.083948,-131.986691,1
30070,201.600014,48.249996,0.921875,110.510483,-127.647500,1
30080,201.600014,48.249996,0.921875,0.000000,0.000000,1
30090,200.812500,47.124996,0.935547,137.324538,-124.992490,1
30100,198.900014,45.000000,0.956055,285.888309,-131.987059,1
30110,198.900014,45.000000,0.956055,0.000000,0.000000,1
30120,197.550014,43.624998,0.967773,192.694843,-134.474326,1
30130,197.550014,43.624998,0.967773,0.000000,0.000000,1
30140,196.087500,42.499998,0.981445,184.514808,-142.431668,1
30150,194.737500,41.499996,0.997070,168.003090,-143.471092,1
30160,194.737500,41.499996,0.997070,0.000000,0.000000,1
30170,193.725000,40.749996,1.000000,126.002232,-143.471145,1
30180,193.725000,40.749996,1.000000,0.000000,0.000000,1
30190,193.050000,40.374996,1.000000,77.217226,-150.945396,1
30200,192.712500,40.249998,0.968750,35.990384,-159.677148,1
30210,192.712500,40.249998,0.968750,0.000000,0.000000,1
30220,192.712500,40.500000,0.000000,25.000191,90.000000,0
30230,192.712500,40.500000,0.000000,0.000000,0.000000,0
30240,192.825014,40.999998,0.000000,51.250115,77.318072,0
30250,192.825014,40.999998,0.000000,0.000000,0.000000,0
30260,193.162514,41.499996,0.000000,60.324484,55.980549,0
30270,195.300007,42.624996,0.000000,241.547136,27.758616,0
30280,195.300007,42.624996,0.000000,0.000000,0.000000,0
30290,198.112500,43.249998,0.000000,288.110135,12.528874,0
30300,198.112500,43.249998,0.000000,0.000000,0.000000,0
30310,200.812500,43.249998,0.000000,270.000000,0.000000,0
30320,202.050007,43.125000,0.000000,124.380375,-5.767770,0
30330,202.050007,43.125000,0.000000,0.000000,0.000000,0
30340,202.050007,43.125000,0.000000,0.000000,0.000000,0
30350,202.050007,43.125000,0.000000,0.000000,0.000000,0
30360,202.050007,43.125000,0.000000,0.000000,0.000000,0
30370,202.050007,43.125000,0.000000,0.000000,0.000000,0
30380,202.050007,43.125000,0.000000,0.000000,0.000000,0
30390,202.050007,43.125000,0.000000,0.000000,0.000000,0
30400,202.050007,43.125000,0.000000,0.000000,0.000000,0
30410,202.050007,43.125000,0.000000,0.000000,0.000000,0
30420,202.050007,43.125000,0.000000,0.000000,0.000000,0
30430,202.050007,43.125000,0.000000,0.000000,0.000000,0
30440,208.912500,35.874996,0.000000,998.280358,-46.572872,0
30450,208.125007,35.374992,0.000000,93.281791,-147.587270,0
30460,208.125007,35.374992,0.000000,0.000000,0.000000,0
30470,207.900000,35.250000,0.000000,25.739305,-150.947623,0
30480,207.900000,35.250000,0.000000,0.000000,0.000000,0
30490,207.787507,35.124996,0.000000,16.816854,-131.984604,0
30500,207.900000,34.999992,0.000000,16.816854,-48.015396,0
30510,207.900000,34.999992,0.000000,0.000000,0.000000,0
30520,208.462507,34.875000,0.000000,57.622658,-12.527919,0
30530,208.462507,34.875000,0.000000,0.000000,0.000000,0
30540,210.037514,34.624992,0.000000,159.472582,-9.019554,0
30550,210.037514,34.624992,0.000000,0.000000,0.000000,0
30560,212.737514,34.624992,0.000000,270.000000,0.000000,0
30570,214.875007,35.124996,0.000000,219.519491,13.165932,0
30580,214.875007,35.124996,0.000000,0.000000,0.000000,0
30590,215.212507,35.374992,0.000000,42.000517,36.528437,0
30600,215.325000,35.625000,0.000000,27.415054,65.774218,0
30610,215.325000,35.625000,0.000000,0.000000,0.000000,0
30620,215.325000,35.874996,0.000000,24.999619,90.000000,0
30630,215.325000,35.874996,0.000000,0.000000,0.000000,0
30640,214.987500,36.000000,0.000000,35.990583,159.676294,0
30650,214.425014,36.000000,0.000000,56.248627,180.000000,0
30660,214.425014,36.000000,0.000000,0.000000,0.000000,0
30670,214.200007,36.124992,0.000000,25.739305,150.947623,0
30680,214.200007,36.124992,0.000000,0.000000,0.000000,0
30690,214.087514,36.124992,0.000000,11.249313,180.000000,0
30700,214.087514,36.124992,0.000000,0.000000,0.000000,0
30710,214.087514,36.124992,0.000000,0.000000,0.000000,0
30720,214.087514,36.124992,0.000000,0.000000,0.000000,0
30730,214.087514,36.124992,0.000000,0.000000,0.000000,0
30740,214.087514,36.124992,0.000000,0.000000,0.000000,0
30750,214.087514,36.124992,0.000000,0.000000,0.000000,0
30760,213.862507,36.124992,0.000000,22.500687,180.000000,0
30770,213.862507,36.124992,0.000000,0.000000,0.000000,0
30780,213.750014,36.124992,0.000000,11.249313,180.000000,0
30790,213.750014,36.249996,0.000000,12.500381,90.000000,0
30800,213.750014,36.249996,0.000000,0.000000,0.000000,0
30810,213.525007,36.499992,0.000000,33.634236,131.988517,0
30820,213.525007,36.624996,0.000000,12.500381,90.000000,0
30830,213.525007,36.624996,0.000000,0.000000,0.000000,0
30840,213.412514,36.874992,0.000000,27.414011,114.226764,0
30850,213.300000,36.999996,0.000000,16.818232,131.989821,0
30860,213.300000,36.999996,0.000000,0.000000,0.000000,0
30870,213.187507,37.249992,0.000000,27.414011,114.226764,0
30880,213.187507,37.249992,0.000000,0.000000,0.000000,0
30890,213.075014,37.374996,0.000000,16.816854,131.984604,0
30900,213.075014,37.374996,0.000000,0.000000,0.000000,0
30910,212.962500,37.624992,0.000000,27.414856,114.230690,0
30920,212.962500,37.749996,0.000000,12.500381,90.000000,0
30930,212.962500,37.749996,0.000000,0.000000,0.000000,0
30940,212.962500,37.999992,0.000000,24.999619,90.000000,0
30950,212.962500,38.124996,0.000000,12.500381,90.000000,0
30960,212.962500,38.124996,0.000000,0.000000,0.000000,0
30970,212.962500,38.124996,0.000000,0.000000,0.000000,0
30980,212.962500,38.124996,0.000000,0.000000,0.000000,0
30990,213.075014,38.124996,0.444336,11.251373,0.000000,1
31000,213.075014,38.124996,0.444336,0.000000,0.000000,1
31010,213.075014,38.124996,0.444336,0.000000,0.000000,1
31020,213.075014,38.124996,0.444336,0.000000,0.000000,1
31030,213.075014,38.124996,0.444336,0.000000,0.000000,1
31040,213.075014,38.124996,0.444336,0.000000,0.000000,1
31050,213.075014,37.374996,0.744141,75.000000,-90.000000,1
31060,213.075014,37.374996,0.744141,0.000000,0.000000,1
31070,213.075014,36.124992,0.799805,125.000381,-90.000000,1
31080,213.075014,36.124992,0.799805,0.000000,0.000000,1
31090,212.625000,34.500000,0.857422,168.615319,-105.479157,1
31100,211.612500,32.374992,0.935547,235.389330,-115.476346,1
31110,211.612500,32.374992,0.935547,0.000000,0.000000,1
31120,210.937500,30.999996,0.967773,153.174394,-116.146904,1
31130,210.937500,30.999996,0.967773,0.000000,0.000000,1
31140,210.262500,29.625000,0.989258,153.174394,-116.146904,1
31150,209.587500,28.249992,1.000000,153.175422,-116.146715,1
31160,209.587500,28.249992,1.000000,0.000000,0.000000,1
31170,208.912500,27.000000,1.000000,142.060055,-118.369193,1
31180,208.912500,27.000000,1.000000,0.000000,0.000000,1
31190,207.675014,25.249992,1.000000,214.333828,-125.265350,1
31200,206.775007,24.000000,1.000000,154.029000,-125.754260,1
31210,206.775007,24.000000,1.000000,0.000000,0.000000,1
31220,205.875000,22.749996,1.000000,154.029929,-125.754012,1
31230,205.875000,22.749996,1.000000,0.000000,0.000000,1
31240,205.087507,21.499992,1.000000,147.738112,-122.210624,1
31250,203.625014,19.624992,1.000000,237.792161,-127.954100,1
31260,203.625014,19.624992,1.000000,0.000000,0.000000,1
31270,202.725007,18.375000,1.000000,154.029000,-125.754260,1
31280,202.725007,18.375000,1.000000,0.000000,0.000000,1
31290,201.712507,17.124996,1.000000,160.862233,-129.007387,1
31300,200.700007,15.874992,1.000000,160.862233,-129.007387,1
31310,200.700007,15.874992,1.000000,0.000000,0.000000,1
31320,199.575014,14.625000,1.000000,168.169274,-131.987212,1
31330,199.575014,14.625000,1.000000,0.000000,0.000000,1
31340,197.662507,12.624996,1.000000,276.725456,-133.718886,1
31350,195.750000,10.875000,1.000000,259.232891,-137.540632,1
31360,195.750000,10.875000,1.000000,0.000000,0.000000,1
31370,193.500014,9.375000,1.000000,270.415203,-146.309771,1
31380,193.500014,9.375000,1.000000,0.000000,0.000000,1
31390,191.250007,7.999992,1.000000,263.688773,-148.570371,1
31400,189.562507,6.750000,1.000000,210.003266,-143.471312,1
31410,189.562507,6.750000,1.000000,0.000000,0.000000,1
31420,188.100014,6.000000,1.000000,164.358942,-152.850209,1
31430,188.100014,6.000000,1.000000,0.000000,0.000000,1
31440,187.650000,5.874996,1.000000,46.705280,-164.475889,1
31450,187.312500,5.874996,0.974609,33.750000,180.000000,1
