时间（ms）,X坐标（mm）,Y坐标（mm）,压力（0-1）,速度（mm/s）,角度（度）,落笔情况（1落笔/0抬笔）
0,0.000000,87.375000,0.535156,0.000000,0.000000,1
10,0.000000,87.375000,0.535156,0.000000,0.000000,1
20,0.000000,87.375000,0.535156,0.000000,0.000000,1
30,0.000000,87.375000,0.535156,0.000000,0.000000,1
40,0.000000,87.375000,0.535156,0.000000,0.000000,1
50,0.000000,87.375000,0.535156,0.000000,0.000000,1
60,0.000000,87.375000,0.535156,0.000000,0.000000,1
70,0.337500,87.000000,0.854492,50.451090,-48.012788,1
80,0.337500,87.000000,0.854492,0.000000,0.000000,1
90,1.237500,86.874996,0.891602,90.863964,-7.907401,1
100,2.137500,87.375000,0.912109,102.956489,29.054789,1
110,2.137500,87.375000,0.912109,0.000000,0.000000,1
120,3.487500,88.125000,0.924805,154.434466,29.054601,1
130,3.487500,88.125000,0.924805,0.000000,0.000000,1
140,5.287500,89.250000,0.944336,212.264566,32.005385,1
150,7.762500,91.125000,0.956055,310.503615,37.146688,1
160,7.762500,91.125000,0.956055,0.000000,0.000000,1
170,9.787500,92.625000,0.965820,252.004464,36.528855,1
180,9.787500,92.625000,0.965820,0.000000,0.000000,1
190,11.925001,94.125000,0.970703,261.130426,35.059416,1
200,14.175000,95.625000,0.976563,270.416274,33.690078,1
210,14.175000,95.625000,0.976563,0.000000,0.000000,1
220,16.312501,96.999999,0.979492,254.156100,32.752129,1
230,16.312501,96.999999,0.979492,0.000000,0.000000,1
240,19.350001,98.749998,0.977539,350.555315,29.947594,1
250,21.150000,99.750000,0.977539,205.912658,29.054656,1
260,21.150000,99.750000,0.977539,0.000000,0.000000,1
270,22.950000,100.749999,0.985352,205.912519,29.054587,1
280,22.950000,100.749999,0.985352,0.000000,0.000000,1
290,24.300000,101.374998,0.985352,148.765715,24.842356,1
300,25.200002,101.874999,0.989258,102.956498,29.054604,1
310,25.200002,101.874999,0.989258,0.000000,0.000000,1
320,25.650000,102.124998,0.995117,51.477954,29.054604,1
330,25.650000,102.124998,0.995117,0.000000,0.000000,1
340,25.987500,102.249999,1.000000,35.990483,20.323279,1
350,25.987500,102.249999,1.000000,0.000000,0.000000,1
360,25.987500,102.249999,1.000000,0.000000,0.000000,1
370,25.987500,102.249999,1.000000,0.000000,0.000000,1
380,25.650000,102.624999,0.000000,50.451090,131.987212,0
390,25.650000,102.624999,0.000000,0.000000,0.000000,0
400,24.975000,103.249998,0.000000,91.991783,137.202642,0
410,24.975000,103.249998,0.000000,0.000000,0.000000,0
420,23.625000,104.250000,0.000000,168.003090,143.471092,0
430,23.625000,104.250000,0.000000,0.000000,0.000000,0
440,21.937500,105.624999,0.000000,217.675874,140.826361,0
450,19.912500,107.625000,0.000000,284.616036,135.355856,0
460,19.912500,107.625000,0.000000,0.000000,0.000000,0
470,19.912500,107.625000,0.000000,0.000000,0.000000,0
480,19.912500,107.625000,0.000000,0.000000,0.000000,0
490,19.912500,107.625000,0.000000,0.000000,0.000000,0
500,19.912500,107.625000,0.000000,0.000000,0.000000,0
510,19.912500,107.625000,0.000000,0.000000,0.000000,0
520,19.912500,107.625000,0.000000,0.000000,0.000000,0
530,19.912500,107.625000,0.000000,0.000000,0.000000,0
540,19.912500,107.625000,0.000000,0.000000,0.000000,0
550,12.600001,116.499999,0.000000,1149.948920,129.486600,0
560,12.600001,116.499999,0.000000,0.000000,0.000000,0
570,12.825000,117.125000,0.000000,66.426667,70.201207,0
580,12.825000,117.125000,0.000000,0.000000,0.000000,0
590,12.937501,117.125000,0.000000,11.250086,0.000000,0
600,13.050000,117.249999,0.000000,16.816966,48.012788,0
610,13.050000,117.249999,0.000000,0.000000,0.000000,0
620,13.387500,117.875000,0.000000,71.030405,61.630972,0
630,13.387500,117.875000,0.000000,0.000000,0.000000,0
640,13.725000,117.999999,0.000000,35.990434,20.323066,0
650,13.837500,117.875000,0.000000,16.816966,-48.012788,0
660,13.837500,117.875000,0.000000,0.000000,0.000000,0
670,14.062500,117.500000,0.000000,43.732161,-59.036195,0
680,14.062500,117.125000,0.000000,37.500000,-90.000000,0
690,14.062500,117.125000,0.000000,0.000000,0.000000,0
700,14.287501,116.750000,0.000000,43.732161,-59.036195,0
710,14.287501,116.750000,0.000000,0.000000,0.000000,0
720,14.287501,116.625000,0.000000,12.499952,-90.000000,0
730,14.287501,116.625000,0.000000,0.000000,0.000000,0
740,13.725000,116.250000,0.000000,67.604122,-146.309953,0
750,13.612501,116.124999,0.000000,16.817072,-131.986886,0
760,13.612501,116.124999,0.000000,0.000000,0.000000,0
770,13.275001,116.124999,0.000000,33.750000,180.000000,0
780,13.275001,116.124999,0.000000,0.000000,0.000000,0
790,13.275001,116.625000,0.000000,50.000095,90.000000,0
800,13.162500,116.874999,0.000000,27.414589,114.227991,0
810,13.162500,116.874999,0.000000,0.000000,0.000000,0
820,13.050000,117.249999,0.000000,39.151137,106.699184,0
830,13.050000,117.249999,0.000000,0.000000,0.000000,0
840,12.937501,117.375000,0.000000,16.817072,131.986886,0
850,12.937501,117.500000,0.000000,12.499952,90.000000,0
860,12.937501,117.500000,0.000000,0.000000,0.000000,0
870,12.937501,117.624999,0.000000,12.499952,90.000000,0
880,12.937501,117.624999,0.000000,0.000000,0.000000,0
890,13.050000,117.999999,0.000000,39.151137,73.300816,0
900,13.050000,118.125000,0.448242,12.500095,90.000000,1
910,13.050000,118.125000,0.448242,0.000000,0.000000,1
920,13.050000,118.125000,0.448242,0.000000,0.000000,1
930,13.050000,118.125000,0.448242,0.000000,0.000000,1
940,13.050000,118.125000,0.448242,0.000000,0.000000,1
950,13.050000,118.125000,0.448242,0.000000,0.000000,1
960,13.050000,118.125000,0.448242,0.000000,0.000000,1
970,13.387500,117.999999,0.820313,35.990483,-20.323279,1
980,13.387500,117.999999,0.820313,0.000000,0.000000,1
990,13.612501,117.750000,0.860352,33.634018,-48.012624,1
1000,14.062500,117.249999,0.920898,67.268162,-48.012869,1
1010,14.062500,117.249999,0.920898,0.000000,0.000000,1
1020,14.287501,116.625000,0.948242,66.426576,-70.201061,1
1030,14.287501,116.625000,0.948242,0.000000,0.000000,1
1040,14.512500,115.875000,0.967773,78.302274,-73.300816,1
1050,14.737500,114.999999,0.980469,90.346658,-75.579216,1
1060,14.737500,114.999999,0.980469,0.000000,0.000000,1
1070,15.075000,113.124999,1.000000,190.513287,-79.796026,1
1080,15.075000,113.124999,1.000000,0.000000,0.000000,1
1090,15.187500,111.624999,1.000000,150.421280,-85.710863,1
1100,15.412500,110.374998,1.000000,127.008959,-79.796015,1
1110,15.412500,110.374998,1.000000,0.000000,0.000000,1
1120,15.525000,109.249998,1.000000,113.061096,-84.289429,1
1130,15.525000,109.249998,1.000000,0.000000,0.000000,1
1140,15.750000,108.000000,1.000000,127.008678,-79.795992,1
1150,16.087500,105.999999,1.000000,202.827761,-80.421582,1
1160,16.087500,105.999999,1.000000,0.000000,0.000000,1
1170,16.312501,104.749998,1.000000,127.008959,-79.796015,1
1180,16.312501,104.749998,1.000000,0.000000,0.000000,1
1190,16.537500,103.374999,1.000000,139.328640,-80.706720,1
1200,16.650001,102.000000,1.000000,137.959372,-85.322543,1
1210,16.650001,102.000000,1.000000,0.000000,0.000000,1
1220,16.875000,99.750000,1.000000,226.122193,-84.289429,1
1230,16.875000,99.750000,1.000000,0.000000,0.000000,1
1240,16.875000,98.124999,1.000000,162.500095,-90.000000,1
1250,16.875000,96.624999,1.000000,150.000000,-90.000000,1
1260,16.875000,96.624999,1.000000,0.000000,0.000000,1
1270,16.875000,94.999998,1.000000,162.500095,-90.000000,1
1280,16.875000,94.999998,1.000000,0.000000,0.000000,1
1290,16.875000,93.375000,1.000000,162.499809,-90.000000,1
1300,16.875000,90.999999,1.000000,237.500095,-90.000000,1
1310,16.875000,90.999999,1.000000,0.000000,0.000000,1
1320,16.875000,89.374998,1.000000,162.500095,-90.000000,1
1330,16.875000,89.374998,1.000000,0.000000,0.000000,1
1340,16.875000,87.750000,1.000000,162.499809,-90.000000,1
1350,16.875000,86.124996,1.000000,162.500381,-90.000000,1
1360,16.875000,86.124996,1.000000,0.000000,0.000000,1
1370,16.875000,83.625000,1.000000,249.999619,-90.000000,1
1380,16.875000,81.874998,1.000000,175.000191,-90.000000,1
1390,16.875000,81.874998,1.000000,0.000000,0.000000,1
1400,16.875000,80.124996,1.000000,175.000191,-90.000000,1
1410,16.875000,80.124996,1.000000,0.000000,0.000000,1
1420,16.875000,78.249996,1.000000,187.500000,-90.000000,1
1430,16.875000,78.249996,1.000000,0.000000,0.000000,1
1440,16.987501,76.500000,1.000000,175.360859,-86.321725,1
1450,17.100000,74.749998,1.000000,175.361422,-86.321779,1
1460,17.100000,74.749998,1.000000,0.000000,0.000000,1
1470,17.212500,72.249996,1.000000,250.253186,-87.423440,1
1480,17.212500,72.249996,1.000000,0.000000,0.000000,1
1490,17.325001,70.374996,1.000000,187.837202,-86.566344,1
1500,17.437500,68.499996,1.000000,187.837194,-86.566383,1
1510,17.437500,68.499996,1.000000,0.000000,0.000000,1
1520,17.437500,66.499998,1.000000,199.999809,-90.000000,1
1530,17.662501,63.499998,1.000000,300.842570,-85.710839,1
1540,17.662501,63.499998,1.000000,0.000000,0.000000,1
1550,17.775000,61.749996,1.000000,175.361422,-86.321779,1
1560,17.775000,61.749996,1.000000,0.000000,0.000000,1
1570,17.775000,60.000000,1.000000,174.999619,-90.000000,1
1580,17.887500,57.375000,1.000000,262.740959,-87.545978,1
1590,17.887500,57.375000,1.000000,0.000000,0.000000,1
1600,17.887500,56.374998,1.000000,100.000191,-90.000000,1
1610,17.887500,56.374998,1.000000,0.000000,0.000000,1
1620,17.887500,53.749998,1.000000,262.500000,-90.000000,1
1630,17.887500,52.125000,1.000000,162.499809,-90.000000,1
1640,17.887500,52.125000,1.000000,0.000000,0.000000,1
1650,17.887500,50.625000,1.000000,150.000000,-90.000000,1
1660,17.887500,50.625000,1.000000,0.000000,0.000000,1
1670,17.887500,49.249998,1.000000,137.500191,-90.000000,1
1680,18.112500,47.374998,1.000000,188.845180,-83.157214,1
1690,18.112500,47.374998,1.000000,0.000000,0.000000,1
1700,18.225000,46.374996,1.000000,100.631008,-83.581250,1
1710,18.225000,46.374996,1.000000,0.000000,0.000000,1
1720,18.225000,45.750000,1.000000,62.499619,-90.000000,1
1730,18.225000,45.124998,1.000000,62.500191,-90.000000,1
1740,18.225000,45.124998,1.000000,0.000000,0.000000,1
1750,18.337501,44.499996,1.000000,63.504632,-79.795981,1
1760,18.337501,44.499996,1.000000,0.000000,0.000000,1
1770,18.450000,43.624998,1.000000,88.220055,-82.673605,1
1780,18.450000,43.249998,1.000000,37.500000,-90.000000,1
1790,18.450000,43.249998,1.000000,0.000000,0.000000,1
1800,18.450000,43.249998,1.000000,0.000000,0.000000,1
1810,18.450000,43.249998,1.000000,0.000000,0.000000,1
1820,18.112500,44.874996,0.000000,165.967619,101.733098,0
1830,16.987501,48.000000,0.000000,332.133601,109.798847,0
1840,16.987501,48.000000,0.000000,0.000000,0.000000,0
1850,16.087500,51.249996,0.000000,337.231018,105.478662,0
1860,16.087500,51.249996,0.000000,0.000000,0.000000,0
1870,15.187500,54.874998,0.000000,373.505550,103.943230,0
1880,14.400000,58.875000,0.000000,407.678437,101.137656,0
1890,14.400000,58.875000,0.000000,0.000000,0.000000,0
1900,14.062500,63.249996,0.000000,438.799474,94.411227,0
1910,14.062500,63.249996,0.000000,0.000000,0.000000,0
1920,13.275001,69.124998,0.000000,592.754612,97.634559,0
1930,13.275001,69.124998,0.000000,0.000000,0.000000,0
1940,12.375000,72.750000,0.000000,373.505550,103.943230,0
1950,11.925001,74.625000,0.000000,192.824392,103.495721,0
1960,11.925001,74.625000,0.000000,0.000000,0.000000,0
1970,11.925001,74.625000,0.000000,0.000000,0.000000,0
1980,11.925001,74.625000,0.000000,0.000000,0.000000,0
1990,11.925001,74.625000,0.000000,0.000000,0.000000,0
2000,11.925001,74.625000,0.000000,0.000000,0.000000,0
2010,11.925001,74.625000,0.000000,0.000000,0.000000,0
2020,11.925001,74.625000,0.000000,0.000000,0.000000,0
2030,11.925001,74.625000,0.000000,0.000000,0.000000,0
2040,11.925001,74.625000,0.000000,0.000000,0.000000,0
2050,11.700000,89.124999,0.000000,1450.174464,90.889003,0
2060,11.700000,89.124999,0.000000,0.000000,0.000000,0
2070,13.725000,89.499999,0.000000,205.942953,10.491477,0
2080,13.725000,89.499999,0.000000,0.000000,0.000000,0
2090,14.850000,89.499999,0.000000,112.499957,0.000000,0
2100,15.300001,89.499999,0.000000,45.000086,0.000000,0
2110,15.300001,89.499999,0.000000,0.000000,0.000000,0
2120,15.412500,89.499999,0.000000,11.249957,0.000000,0
2130,15.412500,89.499999,0.000000,0.000000,0.000000,0
2140,15.862500,89.499999,0.000000,44.999957,0.000000,0
2150,16.537500,89.250000,0.000000,71.980867,-20.323066,0
2160,16.537500,89.250000,0.000000,0.000000,0.000000,0
2170,16.875000,88.999998,0.000000,42.000858,-36.529064,0
2180,16.875000,88.999998,0.000000,0.000000,0.000000,0
2190,16.875000,88.875000,0.000000,12.499809,-90.000000,0
2200,16.875000,88.374999,0.000000,50.000095,-90.000000,0
2210,16.875000,88.374999,0.000000,0.000000,0.000000,0
2220,16.537500,87.874998,0.000000,60.324722,-124.019299,0
2230,16.312501,87.375000,0.000000,54.829071,-114.227745,0
2240,16.312501,87.375000,0.000000,0.000000,0.000000,0
2250,16.087500,87.000000,0.000000,43.732161,-120.963805,0
2260,16.087500,87.000000,0.000000,0.000000,0.000000,0
2270,15.975001,86.749998,0.000000,27.414797,-114.227500,0
2280,15.862500,86.625000,0.000000,16.816946,-131.987865,0
2290,15.862500,86.625000,0.000000,0.000000,0.000000,0
2300,15.750000,86.625000,0.000000,11.249957,180.000000,0
2310,15.750000,86.625000,0.000000,0.000000,0.000000,0
2320,15.750000,86.874996,0.000000,24.999619,90.000000,0
2330,15.975001,87.249999,0.000000,43.732407,59.036388,0
2340,15.975001,87.249999,0.000000,0.000000,0.000000,0
2350,16.087500,87.624999,0.000000,39.151137,73.300816,0
2360,16.087500,87.624999,0.000000,0.000000,0.000000,0
2370,16.312501,88.125000,0.000000,54.829385,65.772255,0
2380,16.425000,88.374999,0.000000,27.414536,65.772255,0
2390,16.425000,88.374999,0.000000,0.000000,0.000000,0
2400,16.425000,88.374999,0.000000,0.000000,0.000000,0
2410,16.425000,88.500000,0.457031,12.500095,90.000000,1
2420,16.425000,88.500000,0.457031,0.000000,0.000000,1
2430,16.087500,87.999999,0.694336,60.324722,-124.019299,1
2440,16.087500,87.999999,0.694336,0.000000,0.000000,1
2450,15.975001,87.249999,0.773438,75.839050,-98.530734,1
2460,15.975001,87.249999,0.773438,0.000000,0.000000,1
2470,15.862500,85.374996,0.850586,187.837488,-93.433651,1
2480,15.525000,83.749998,0.912109,165.967619,-101.733098,1
2490,15.525000,83.749998,0.912109,0.000000,0.000000,1
2500,15.300001,82.374996,0.960938,139.328922,-99.293261,1
2510,15.300001,82.374996,0.960938,0.000000,0.000000,1
2520,14.962501,81.124998,0.991211,129.475924,-105.109597,1
2530,14.962501,81.124998,0.991211,0.000000,0.000000,1
2540,14.287501,78.874998,1.000000,234.906896,-106.699244,1
2550,13.725000,77.250000,1.000000,171.960040,-109.093526,1
2560,13.725000,77.250000,1.000000,0.000000,0.000000,1
2570,13.050000,75.499998,1.000000,187.566833,-111.092319,1
2580,13.050000,75.499998,1.000000,0.000000,0.000000,1
2590,12.262501,73.875000,1.000000,180.576144,-115.855556,1
2600,11.700000,72.375000,1.000000,160.200085,-110.556060,1
2610,11.700000,72.375000,1.000000,0.000000,0.000000,1
2620,10.575000,70.125000,1.000000,251.557657,-116.565056,1
2630,9.787500,68.499996,1.000000,180.576687,-115.855496,1
2640,9.787500,68.499996,1.000000,0.000000,0.000000,1
2650,8.775000,66.999996,1.000000,180.973928,-124.019350,1
2660,8.775000,66.999996,1.000000,0.000000,0.000000,1
2670,7.987500,65.374998,1.000000,180.576144,-115.855556,1
2680,7.087500,63.874998,1.000000,174.928579,-120.963769,1
2690,7.087500,63.874998,1.000000,0.000000,0.000000,1
2700,6.862500,63.249996,1.000000,66.426823,-109.798803,1
2710,6.862500,63.249996,1.000000,0.000000,0.000000,1
2720,6.637500,62.625000,1.000000,66.426285,-109.798970,1
2730,6.637500,62.625000,1.000000,0.000000,0.000000,1
2740,6.300000,61.999998,0.994141,71.030531,-118.368973,1
2750,5.962500,61.500000,0.967773,60.324484,-124.019451,1
2760,5.962500,61.500000,0.967773,0.000000,0.000000,1
2770,5.737500,60.999996,0.912109,54.829646,-114.227623,1
2780,5.625000,60.999996,0.745117,11.249957,180.000000,1
2790,5.625000,60.999996,0.745117,0.000000,0.000000,1
2800,6.075000,61.749996,0.000000,87.464256,59.036268,0
2810,6.075000,61.749996,0.000000,0.000000,0.000000,0
2820,6.637500,64.125000,0.000000,244.070683,76.675480,0
2830,8.437500,67.875000,0.000000,415.962720,64.359000,0
2840,8.437500,67.875000,0.000000,0.000000,0.000000,0
2850,10.350000,70.749996,0.000000,345.300752,56.367417,0
2860,10.350000,70.749996,0.000000,0.000000,0.000000,0
2870,12.487500,73.875000,0.000000,378.610001,55.627910,0
2880,14.962501,76.875000,0.000000,388.916819,50.477359,0
2890,14.962501,76.875000,0.000000,0.000000,0.000000,0
2900,17.550000,79.374996,0.000000,359.793451,44.014632,0
2910,17.550000,79.374996,0.000000,0.000000,0.000000,0
2920,19.687501,81.375000,0.000000,292.727265,43.096654,0
2930,22.275000,83.625000,0.000000,342.894325,41.009096,0
2940,22.275000,83.625000,0.000000,0.000000,0.000000,0
2950,23.287500,84.499998,0.000000,133.819950,40.833433,0
2960,23.287500,84.499998,0.000000,0.000000,0.000000,0
2970,23.737501,84.999996,0.000000,67.268036,48.012624,0
2980,23.850002,85.249998,0.000000,27.414849,65.772255,0
2990,23.850002,85.249998,0.000000,0.000000,0.000000,0
3000,23.962500,85.374996,0.000000,16.816773,48.012788,0
3010,23.962500,85.374996,0.000000,0.000000,0.000000,0
3020,23.512502,85.374996,0.000000,44.999828,180.000000,0
3030,22.950000,85.374996,0.000000,56.250172,180.000000,0
3040,22.950000,85.374996,0.000000,0.000000,0.000000,0
3050,22.275000,85.125000,0.000000,71.980768,-159.677148,0
3060,22.275000,85.125000,0.000000,0.000000,0.000000,0
3070,21.600000,84.999996,0.000000,68.647721,-169.508210,0
3080,20.812500,84.874998,0.000000,79.735820,-170.980808,0
3090,20.812500,84.874998,0.000000,0.000000,0.000000,0
3100,20.475000,84.999996,0.000000,35.990384,159.677148,0
3110,20.475000,84.999996,0.000000,0.000000,0.000000,0
3120,20.250000,85.249998,0.000000,33.634231,131.987049,0
3130,20.025001,85.624998,0.000000,43.732095,120.963660,0
3140,20.025001,85.624998,0.000000,0.000000,0.000000,0
3150,19.912500,85.749996,0.000000,16.816946,131.987865,0
3160,19.912500,85.749996,0.000000,0.000000,0.000000,0
3170,19.687501,85.999998,0.000000,33.634144,131.986886,0
3180,19.687501,85.999998,0.000000,0.000000,0.000000,0
3190,19.687501,86.124996,0.492188,12.499809,90.000000,1
3200,19.687501,86.124996,0.492188,0.000000,0.000000,1
3210,19.687501,86.124996,0.492188,0.000000,0.000000,1
3220,19.687501,86.124996,0.492188,0.000000,0.000000,1
3230,20.475000,85.875000,0.812500,82.622858,-17.612335,1
3240,20.475000,85.875000,0.812500,0.000000,0.000000,1
3250,21.600000,85.374996,0.883789,123.110838,-23.962659,1
3260,21.600000,85.374996,0.883789,0.000000,0.000000,1
3270,23.062501,84.499998,0.938477,170.426830,-30.891617,1
3280,24.187502,83.749998,0.987305,135.208244,-33.690047,1
3290,24.187502,83.749998,0.987305,0.000000,0.000000,1
3300,25.200002,82.999998,1.000000,126.002232,-36.528855,1
3310,25.200002,82.999998,1.000000,0.000000,0.000000,1
3320,25.875002,82.500000,1.000000,84.001375,-36.528751,1
3330,26.437501,81.874998,1.000000,84.085235,-48.012918,1
3340,26.437501,81.874998,1.000000,0.000000,0.000000,1
3350,27.000000,81.375000,1.000000,75.259775,-41.633474,1
3360,27.000000,81.375000,1.000000,0.000000,0.000000,1
3370,27.450001,81.000000,1.000000,58.576939,-39.805517,1
3380,28.012500,80.625000,1.000000,67.604015,-33.690108,1
3390,28.012500,80.625000,1.000000,0.000000,0.000000,1
3400,28.237502,80.374998,1.000000,33.634317,-48.012788,1
3410,28.237502,80.374998,1.000000,0.000000,0.000000,1
3420,28.462501,80.250000,1.000000,25.738908,-29.054326,1
3430,28.575002,80.124996,1.000000,16.817371,-48.013440,1
3440,28.575002,80.124996,1.000000,0.000000,0.000000,1
3450,28.687500,80.124996,1.000000,11.249828,0.000000,1
3460,28.687500,80.124996,1.000000,0.000000,0.000000,1
3470,28.687500,80.124996,1.000000,0.000000,0.000000,1
3480,28.350000,80.124996,0.376953,33.750000,180.000000,1
3490,28.012500,80.250000,0.000000,35.990583,159.676294,0
3500,28.012500,80.250000,0.000000,0.000000,0.000000,0
3510,28.012500,80.250000,0.000000,0.000000,0.000000,0
3520,27.450001,81.124998,0.000000,104.020524,122.735243,0
3530,27.337500,84.124998,0.000000,300.210867,92.147602,0
3540,27.337500,84.124998,0.000000,0.000000,0.000000,0
3550,27.337500,84.124998,0.000000,0.000000,0.000000,0
3560,27.337500,84.124998,0.000000,0.000000,0.000000,0
3570,27.337500,84.124998,0.000000,0.000000,0.000000,0
3580,27.337500,84.124998,0.000000,0.000000,0.000000,0
3590,27.337500,84.124998,0.000000,0.000000,0.000000,0
3600,27.337500,84.124998,0.000000,0.000000,0.000000,0
3610,27.337500,84.124998,0.000000,0.000000,0.000000,0
3620,27.337500,84.124998,0.000000,0.000000,0.000000,0
3630,27.337500,84.124998,0.000000,0.000000,0.000000,0
3640,27.337500,84.124998,0.000000,0.000000,0.000000,0
3650,27.337500,84.124998,0.000000,0.000000,0.000000,0
3660,27.337500,84.124998,0.000000,0.000000,0.000000,0
3670,27.337500,84.124998,0.000000,0.000000,0.000000,0
3680,27.337500,84.124998,0.000000,0.000000,0.000000,0
3690,27.337500,84.124998,0.000000,0.000000,0.000000,0
3700,27.337500,84.124998,0.000000,0.000000,0.000000,0
3710,27.337500,84.124998,0.000000,0.000000,0.000000,0
3720,27.337500,84.124998,0.000000,0.000000,0.000000,0
3730,27.337500,84.124998,0.000000,0.000000,0.000000,0
3740,27.337500,84.124998,0.000000,0.000000,0.000000,0
3750,27.337500,84.124998,0.000000,0.000000,0.000000,0
3760,27.337500,84.124998,0.000000,0.000000,0.000000,0
3770,27.337500,84.124998,0.000000,0.000000,0.000000,0
3780,27.337500,84.124998,0.000000,0.000000,0.000000,0
3790,27.337500,84.124998,0.000000,0.000000,0.000000,0
3800,27.337500,84.124998,0.000000,0.000000,0.000000,0
3810,27.337500,84.124998,0.000000,0.000000,0.000000,0
3820,27.337500,84.124998,0.000000,0.000000,0.000000,0
3830,27.337500,84.124998,0.000000,0.000000,0.000000,0
3840,27.337500,84.124998,0.000000,0.000000,0.000000,0
3850,27.337500,84.124998,0.000000,0.000000,0.000000,0
3860,27.337500,84.124998,0.000000,0.000000,0.000000,0
3870,27.337500,84.124998,0.000000,0.000000,0.000000,0
3880,27.337500,84.124998,0.000000,0.000000,0.000000,0
3890,27.337500,84.124998,0.000000,0.000000,0.000000,0
3900,27.337500,84.124998,0.000000,0.000000,0.000000,0
3910,27.337500,84.124998,0.000000,0.000000,0.000000,0
3920,27.337500,84.124998,0.000000,0.000000,0.000000,0
3930,27.337500,84.124998,0.000000,0.000000,0.000000,0
3940,27.337500,84.124998,0.000000,0.000000,0.000000,0
3950,27.337500,84.124998,0.000000,0.000000,0.000000,0
3960,27.337500,84.124998,0.000000,0.000000,0.000000,0
3970,27.337500,84.124998,0.000000,0.000000,0.000000,0
3980,27.337500,84.124998,0.000000,0.000000,0.000000,0
3990,27.337500,84.124998,0.000000,0.000000,0.000000,0
4000,27.337500,84.124998,0.000000,0.000000,0.000000,0
4010,27.337500,84.124998,0.000000,0.000000,0.000000,0
4020,27.337500,84.124998,0.000000,0.000000,0.000000,0
4030,27.337500,84.124998,0.000000,0.000000,0.000000,0
4040,27.337500,84.124998,0.000000,0.000000,0.000000,0
4050,27.337500,84.124998,0.000000,0.000000,0.000000,0
4060,27.337500,84.124998,0.000000,0.000000,0.000000,0
4070,27.337500,84.124998,0.000000,0.000000,0.000000,0
4080,27.337500,84.124998,0.000000,0.000000,0.000000,0
4090,27.337500,84.124998,0.000000,0.000000,0.000000,0
4100,27.337500,84.124998,0.000000,0.000000,0.000000,0
4110,27.337500,84.124998,0.000000,0.000000,0.000000,0
4120,27.337500,84.124998,0.000000,0.000000,0.000000,0
4130,27.337500,84.124998,0.000000,0.000000,0.000000,0
4140,27.337500,84.124998,0.000000,0.000000,0.000000,0
4150,27.337500,84.124998,0.000000,0.000000,0.000000,0
4160,27.337500,84.124998,0.000000,0.000000,0.000000,0
4170,27.337500,84.124998,0.000000,0.000000,0.000000,0
4180,27.337500,84.124998,0.000000,0.000000,0.000000,0
4190,27.337500,84.124998,0.000000,0.000000,0.000000,0
4200,27.337500,84.124998,0.000000,0.000000,0.000000,0
4210,27.337500,84.124998,0.000000,0.000000,0.000000,0
4220,27.337500,84.124998,0.000000,0.000000,0.000000,0
4230,27.337500,84.124998,0.000000,0.000000,0.000000,0
4240,27.337500,84.124998,0.000000,0.000000,0.000000,0
4250,27.337500,84.124998,0.000000,0.000000,0.000000,0
4260,27.337500,84.124998,0.000000,0.000000,0.000000,0
4270,27.337500,84.124998,0.000000,0.000000,0.000000,0
4280,27.337500,84.124998,0.000000,0.000000,0.000000,0
4290,27.337500,84.124998,0.000000,0.000000,0.000000,0
4300,27.337500,84.124998,0.000000,0.000000,0.000000,0
4310,27.337500,84.124998,0.000000,0.000000,0.000000,0
4320,27.337500,84.124998,0.000000,0.000000,0.000000,0
4330,27.337500,84.124998,0.000000,0.000000,0.000000,0
4340,27.337500,84.124998,0.000000,0.000000,0.000000,0
4350,27.337500,84.124998,0.000000,0.000000,0.000000,0
4360,27.337500,84.124998,0.000000,0.000000,0.000000,0
4370,27.337500,84.124998,0.000000,0.000000,0.000000,0
4380,27.337500,84.124998,0.000000,0.000000,0.000000,0
4390,27.337500,84.124998,0.000000,0.000000,0.000000,0
4400,27.337500,84.124998,0.000000,0.000000,0.000000,0
4410,27.337500,84.124998,0.000000,0.000000,0.000000,0
4420,27.337500,84.124998,0.000000,0.000000,0.000000,0
4430,27.337500,84.124998,0.000000,0.000000,0.000000,0
4440,27.337500,84.124998,0.000000,0.000000,0.000000,0
4450,27.337500,84.124998,0.000000,0.000000,0.000000,0
4460,27.337500,84.124998,0.000000,0.000000,0.000000,0
4470,27.337500,84.124998,0.000000,0.000000,0.000000,0
4480,27.337500,84.124998,0.000000,0.000000,0.000000,0
4490,27.337500,84.124998,0.000000,0.000000,0.000000,0
4500,27.337500,84.124998,0.000000,0.000000,0.000000,0
4510,27.337500,84.124998,0.000000,0.000000,0.000000,0
4520,27.337500,84.124998,0.000000,0.000000,0.000000,0
4530,27.337500,84.124998,0.000000,0.000000,0.000000,0
4540,27.337500,84.124998,0.000000,0.000000,0.000000,0
4550,27.337500,84.124998,0.000000,0.000000,0.000000,0
4560,27.337500,84.124998,0.000000,0.000000,0.000000,0
4570,27.337500,84.124998,0.000000,0.000000,0.000000,0
4580,27.337500,84.124998,0.000000,0.000000,0.000000,0
4590,27.337500,84.124998,0.000000,0.000000,0.000000,0
4600,27.337500,84.124998,0.000000,0.000000,0.000000,0
4610,27.337500,84.124998,0.000000,0.000000,0.000000,0
4620,27.337500,84.124998,0.000000,0.000000,0.000000,0
4630,27.337500,84.124998,0.000000,0.000000,0.000000,0
4640,27.337500,84.124998,0.000000,0.000000,0.000000,0
4650,27.337500,84.124998,0.000000,0.000000,0.000000,0
4660,27.337500,84.124998,0.000000,0.000000,0.000000,0
4670,27.337500,84.124998,0.000000,0.000000,0.000000,0
4680,27.337500,84.124998,0.000000,0.000000,0.000000,0
4690,27.337500,84.124998,0.000000,0.000000,0.000000,0
4700,27.337500,84.124998,0.000000,0.000000,0.000000,0
4710,27.337500,84.124998,0.000000,0.000000,0.000000,0
4720,27.337500,84.124998,0.000000,0.000000,0.000000,0
4730,38.700002,93.624999,0.000000,1481.068747,39.898441,0
4740,38.700002,93.624999,0.000000,0.000000,0.000000,0
4750,38.587501,93.624999,0.000000,11.250086,180.000000,0
4760,38.587501,93.624999,0.000000,0.000000,0.000000,0
4770,38.025002,93.499998,0.000000,57.622090,-167.471081,0
4780,37.350002,93.375000,0.000000,68.647616,-169.508680,0
4790,37.350002,93.375000,0.000000,0.000000,0.000000,0
4800,35.550001,92.625000,0.000000,195.000079,-157.380145,0
4810,35.550001,92.625000,0.000000,0.000000,0.000000,0
4820,33.862501,91.749999,0.000000,190.086373,-152.592399,0
4830,32.175001,91.125000,0.000000,179.952217,-159.676892,0
4840,32.175001,91.125000,0.000000,0.000000,0.000000,0
4850,30.937502,90.750000,0.000000,129.306965,-163.141590,0
4860,30.937502,90.750000,0.000000,0.000000,0.000000,0
4870,30.262502,90.624999,0.000000,68.647668,-169.508445,0
4880,29.925002,90.249999,0.000000,50.451090,-131.987212,0
4890,29.925002,90.249999,0.000000,0.000000,0.000000,0
4900,29.812501,90.249999,0.000000,11.250086,180.000000,0
4910,29.812501,90.249999,0.000000,0.000000,0.000000,0
4920,29.812501,90.249999,0.000000,0.000000,0.000000,0
4930,29.812501,90.249999,0.000000,0.000000,0.000000,0
4940,29.812501,90.249999,0.000000,0.000000,0.000000,0
4950,29.587502,90.375000,0.000000,25.739047,150.945118,0
4960,29.587502,90.375000,0.000000,0.000000,0.000000,0
4970,29.475001,90.375000,0.000000,11.250086,180.000000,0
4980,29.137501,90.375000,0.000000,33.750000,180.000000,0
4990,29.137501,90.375000,0.000000,0.000000,0.000000,0
5000,28.912502,90.375000,0.000000,22.499914,180.000000,0
5010,28.912502,90.375000,0.000000,0.000000,0.000000,0
5020,28.462501,90.499998,0.000000,46.703886,164.476143,0
5030,27.900002,90.499998,0.278320,56.249914,180.000000,1
5040,27.900002,90.499998,0.278320,0.000000,0.000000,1
5050,27.337500,90.375000,0.351563,57.622279,-167.471414,1
5060,27.337500,90.375000,0.351563,0.000000,0.000000,1
5070,26.887502,90.249999,0.484375,46.703714,-164.475720,1
5080,26.550002,90.249999,0.639648,33.750000,180.000000,1
5090,26.550002,90.249999,0.639648,0.000000,0.000000,1
5100,26.550002,90.124998,0.718750,12.500095,-90.000000,1
5110,26.550002,90.124998,0.718750,0.000000,0.000000,1
5120,26.550002,90.124998,0.718750,0.000000,0.000000,1
5130,26.887502,90.249999,0.860352,35.990483,20.323279,1
5140,26.887502,90.249999,0.860352,0.000000,0.000000,1
5150,27.675000,90.750000,0.914063,93.282072,32.412413,1
5160,27.675000,90.750000,0.914063,0.000000,0.000000,1
5170,29.362500,91.749999,0.952148,196.154387,30.650644,1
5180,31.612502,93.375000,0.993164,277.545236,35.837648,1
5190,31.612502,93.375000,0.993164,0.000000,0.000000,1
5200,35.100000,95.625000,1.000000,415.031858,32.828555,1
5210,35.100000,95.625000,1.000000,0.000000,0.000000,1
5220,37.575001,97.249998,1.000000,296.078504,33.287488,1
5230,40.162500,98.874999,1.000000,305.545085,32.129639,1
5240,40.162500,98.874999,1.000000,0.000000,0.000000,1
5250,43.762502,101.250000,1.000000,431.284615,33.413721,1
5260,43.762502,101.250000,1.000000,0.000000,0.000000,1
5270,45.787502,102.499998,1.000000,237.973113,31.686329,1
5280,47.700003,103.749999,1.000000,228.476808,33.168417,1
5290,47.700003,103.749999,1.000000,0.000000,0.000000,1
5300,49.387503,104.749998,1.000000,196.154387,30.650644,1
5310,49.387503,104.749998,1.000000,0.000000,0.000000,1
5320,50.625000,105.499998,1.000000,144.703067,31.218473,1
5330,51.300000,105.874998,1.000000,77.217226,29.054604,1
5340,51.300000,105.874998,1.000000,0.000000,0.000000,1
5350,51.862502,106.249998,1.000000,67.604229,33.689987,1
5360,51.862502,106.249998,1.000000,0.000000,0.000000,1
5370,52.200002,106.374999,1.000000,35.990483,20.323279,1
5380,52.200002,106.374999,1.000000,0.000000,0.000000,1
5390,52.200002,106.374999,1.000000,0.000000,0.000000,1
5400,52.200002,106.374999,1.000000,0.000000,0.000000,1
5410,52.200002,106.374999,1.000000,0.000000,0.000000,1
5420,51.975000,106.749999,0.000000,43.732228,120.963949,0
5430,51.750003,106.999998,0.000000,33.633760,131.986886,0
5440,51.750003,106.999998,0.000000,0.000000,0.000000,0
5450,51.412503,108.000000,0.000000,105.541938,108.649506,0
5460,51.412503,108.000000,0.000000,0.000000,0.000000,0
5470,50.737503,109.749999,0.000000,187.566566,111.092350,0
5480,50.737503,111.500000,0.000000,175.000048,90.000000,0
5490,50.737503,111.500000,0.000000,0.000000,0.000000,0
5500,49.950000,114.249999,0.000000,286.053475,105.979856,0
5510,49.950000,114.249999,0.000000,0.000000,0.000000,0
5520,49.950000,114.249999,0.000000,0.000000,0.000000,0
5530,49.950000,114.249999,0.000000,0.000000,0.000000,0
5540,49.950000,114.249999,0.000000,0.000000,0.000000,0
5550,49.950000,114.249999,0.000000,0.000000,0.000000,0
5560,49.950000,114.249999,0.000000,0.000000,0.000000,0
5570,49.950000,114.249999,0.000000,0.000000,0.000000,0
5580,49.950000,114.249999,0.000000,0.000000,0.000000,0
5590,49.950000,114.249999,0.000000,0.000000,0.000000,0
5600,49.950000,114.249999,0.000000,0.000000,0.000000,0
5610,41.625001,126.375000,0.000000,1470.786384,124.473407,0
5620,41.625001,126.375000,0.000000,0.000000,0.000000,0
5630,41.625001,126.375000,0.000000,0.000000,0.000000,0
5640,41.625001,126.375000,0.000000,0.000000,0.000000,0
5650,41.400002,126.375000,0.000000,22.499914,180.000000,0
5660,41.400002,126.375000,0.000000,0.000000,0.000000,0
5670,41.400002,126.375000,0.000000,0.000000,0.000000,0
5680,41.287501,126.375000,0.000000,11.250086,180.000000,0
5690,41.287501,126.375000,0.000000,0.000000,0.000000,0
5700,41.287501,126.375000,0.000000,0.000000,0.000000,0
5710,41.175000,126.125000,0.000000,27.414719,-114.227868,0
5720,41.175000,126.000000,0.000000,12.499952,-90.000000,0
5730,41.062502,125.500000,0.000000,51.249986,-102.680190,0
5740,41.062502,125.500000,0.000000,0.000000,0.000000,0
5750,41.062502,125.250000,0.000000,24.999976,-90.000000,0
5760,41.062502,125.250000,0.000000,0.000000,0.000000,0
5770,41.400002,125.000000,0.000000,42.000772,-36.528908,0
5780,41.400002,124.875000,0.000000,12.499952,-90.000000,0
5790,41.400002,124.875000,0.000000,0.000000,0.000000,0
5800,41.400002,124.875000,0.000000,0.000000,0.000000,0
5810,41.062502,125.000000,0.000000,35.990434,159.676934,0
5820,41.062502,125.000000,0.000000,0.000000,0.000000,0
5830,40.725002,125.250000,0.000000,42.000772,143.471092,0
5840,40.725002,125.250000,0.000000,0.000000,0.000000,0
5850,40.275001,125.500000,0.000000,51.478214,150.945465,0
5860,39.825000,125.625000,0.000000,46.703943,164.475889,0
5870,39.825000,125.625000,0.000000,0.000000,0.000000,0
5880,39.150000,125.875000,0.000000,71.980892,159.676881,0
5890,39.150000,125.875000,0.000000,0.000000,0.000000,0
5900,38.812500,126.000000,0.000000,35.990458,159.676828,0
5910,38.812500,126.000000,0.000000,0.000000,0.000000,0
5920,38.587501,126.125000,0.000000,25.738977,150.945396,0
5930,38.362502,126.250000,0.497070,25.739012,150.945257,1
5940,38.362502,126.250000,0.497070,0.000000,0.000000,1
5950,38.362502,126.250000,0.497070,0.000000,0.000000,1
5960,38.362502,126.250000,0.497070,0.000000,0.000000,1
5970,38.362502,126.250000,0.497070,0.000000,0.000000,1
5980,38.362502,126.250000,0.497070,0.000000,0.000000,1
5990,38.362502,126.250000,0.497070,0.000000,0.000000,1
6000,38.812500,126.250000,0.774414,44.999828,0.000000,1
6010,39.825000,126.250000,0.825195,101.250000,0.000000,1
6020,39.825000,126.250000,0.825195,0.000000,0.000000,1
6030,40.500000,126.250000,0.858398,67.500000,0.000000,1
6040,40.500000,126.250000,0.858398,0.000000,0.000000,1
6050,41.287501,126.250000,0.876953,78.750086,0.000000,1
6060,41.287501,126.250000,0.876953,0.000000,0.000000,1
6070,41.850000,125.875000,0.882813,67.604015,-33.690108,1
6080,42.300001,125.500000,0.889648,58.576939,-39.805517,1
6090,42.300001,125.500000,0.889648,0.000000,0.000000,1
6100,42.525000,124.875000,0.909180,66.426600,-70.201186,1
6110,42.975001,123.750000,0.939453,121.166240,-68.198553,1
6120,42.975001,123.750000,0.939453,0.000000,0.000000,1
6130,43.087502,122.874999,0.955078,88.220355,-82.673546,1
6140,43.087502,122.874999,0.955078,0.000000,0.000000,1
6150,43.312503,121.875000,0.963867,102.499945,-77.319511,1
6160,43.425002,120.249999,0.979492,162.889041,-86.039751,1
6170,43.425002,120.249999,0.979492,0.000000,0.000000,1
6180,43.537500,119.375000,0.981445,88.220181,-82.673700,1
6190,43.537500,119.375000,0.981445,0.000000,0.000000,1
6200,43.650003,118.374999,0.988281,100.630909,-83.581022,1
6210,43.762502,117.249999,0.995117,113.061084,-84.289493,1
6220,43.762502,117.249999,0.995117,0.000000,0.000000,1
6230,43.987503,116.000000,1.000000,127.008841,-79.795946,1
6240,43.987503,116.000000,1.000000,0.000000,0.000000,1
6250,43.987503,114.624999,1.000000,137.500048,-90.000000,1
6260,44.100002,112.875000,1.000000,175.361128,-86.321815,1
6270,44.100002,112.875000,1.000000,0.000000,0.000000,1
6280,44.100002,111.750000,1.000000,112.500000,-90.000000,1
6290,44.100002,111.750000,1.000000,0.000000,0.000000,1
6300,44.100002,110.499999,1.000000,125.000095,-90.000000,1
6310,43.987503,108.624999,1.000000,187.837187,-93.433578,1
6320,43.987503,108.624999,1.000000,0.000000,0.000000,1
6330,43.875000,107.374998,1.000000,125.505355,-95.142917,1
6340,43.875000,107.374998,1.000000,0.000000,0.000000,1
6350,43.762502,105.874998,1.000000,150.421271,-94.289088,1
6360,43.762502,104.499999,1.000000,137.499905,-90.000000,1
6370,43.762502,104.499999,1.000000,0.000000,0.000000,1
6380,43.650003,102.999999,1.000000,150.421271,-94.289088,1
6390,43.650003,102.999999,1.000000,0.000000,0.000000,1
6400,43.650003,101.625000,1.000000,137.499905,-90.000000,1
6410,43.650003,99.375000,1.000000,225.000000,-90.000000,1
6420,43.650003,99.375000,1.000000,0.000000,0.000000,1
6430,43.650003,97.875000,1.000000,150.000000,-90.000000,1
6440,43.650003,97.875000,1.000000,0.000000,0.000000,1
6450,43.537500,96.375000,1.000000,150.421309,-94.289284,1
6460,43.537500,94.749999,1.000000,162.500095,-90.000000,1
6470,43.537500,94.749999,1.000000,0.000000,0.000000,1
6480,43.425002,92.499999,1.000000,225.281066,-92.862362,1
6490,43.425002,92.499999,1.000000,0.000000,0.000000,1
6500,43.312503,90.874998,1.000000,162.889041,-93.960249,1
6510,43.200000,89.250000,1.000000,162.888791,-93.960437,1
6520,43.200000,89.250000,1.000000,0.000000,0.000000,1
6530,43.087502,87.499998,1.000000,175.361414,-93.678179,1
6540,43.087502,87.499998,1.000000,0.000000,0.000000,1
6550,43.087502,85.624998,1.000000,187.500000,-90.000000,1
6560,42.975001,82.749996,1.000000,287.720218,-92.240881,1
6570,42.975001,82.749996,1.000000,0.000000,0.000000,1
6580,42.862500,80.749998,1.000000,200.315971,-93.219522,1
6590,42.862500,80.749998,1.000000,0.000000,0.000000,1
6600,42.862500,78.874998,1.000000,187.500000,-90.000000,1
6610,42.862500,76.875000,1.000000,199.999809,-90.000000,1
6620,42.862500,76.875000,1.000000,0.000000,0.000000,1
6630,42.862500,73.999998,1.000000,287.500191,-90.000000,1
6640,42.862500,73.999998,1.000000,0.000000,0.000000,1
6650,42.862500,71.874996,1.000000,212.500191,-90.000000,1
6660,42.862500,69.750000,1.000000,212.499619,-90.000000,1
6670,42.862500,69.750000,1.000000,0.000000,0.000000,1
6680,42.862500,67.624998,1.000000,212.500191,-90.000000,1
6690,42.862500,67.624998,1.000000,0.000000,0.000000,1
6700,42.862500,65.499996,1.000000,212.500191,-90.000000,1
6710,42.975001,62.250000,1.000000,325.194275,-88.017459,1
6720,42.975001,62.250000,1.000000,0.000000,0.000000,1
6730,43.087502,60.249996,1.000000,200.316542,-86.780487,1
6740,43.087502,60.249996,1.000000,0.000000,0.000000,1
6750,43.087502,58.125000,1.000000,212.499619,-90.000000,1
6760,43.200000,56.124996,1.000000,200.316528,-86.780560,1
6770,43.200000,56.124996,1.000000,0.000000,0.000000,1
6780,43.312503,53.124996,1.000000,300.210876,-87.852349,1
6790,43.312503,53.124996,1.000000,0.000000,0.000000,1
6800,43.312503,51.249996,1.000000,187.500000,-90.000000,1
6810,43.312503,49.374996,1.000000,187.500000,-90.000000,1
6820,43.312503,49.374996,1.000000,0.000000,0.000000,1
6830,43.425002,47.499996,1.000000,187.837187,-86.566422,1
6840,43.425002,47.499996,1.000000,0.000000,0.000000,1
6850,43.537500,45.750000,1.000000,175.360843,-86.321809,1
6860,43.650003,43.249998,1.000000,250.253203,-87.423352,1
6870,43.650003,43.249998,1.000000,0.000000,0.000000,1
6880,43.650003,41.625000,1.000000,162.499809,-90.000000,1
6890,43.650003,41.625000,1.000000,0.000000,0.000000,1
6900,43.762502,40.125000,1.000000,150.421271,-85.710912,1
6910,43.875000,38.749992,1.000000,137.960206,-85.322679,1
6920,43.875000,38.749992,1.000000,0.000000,0.000000,1
6930,43.987503,36.999996,1.000000,175.360876,-86.321641,1
6940,43.987503,36.999996,1.000000,0.000000,0.000000,1
6950,44.100002,35.874996,1.000000,113.061084,-84.289493,1
6960,44.212500,35.250000,1.000000,63.504023,-79.796118,1
6970,44.212500,35.250000,1.000000,0.000000,0.000000,1
6980,44.212500,34.624992,1.000000,62.500763,-90.000000,1
6990,44.212500,34.624992,1.000000,0.000000,0.000000,1
7000,44.212500,33.999996,1.000000,62.499619,-90.000000,1
7010,44.325003,33.249996,1.000000,75.839107,-81.468978,1
7020,44.325003,33.249996,1.000000,0.000000,0.000000,1
7030,44.325003,33.000000,1.000000,24.999619,-90.000000,1
7040,44.325003,33.000000,1.000000,0.000000,0.000000,1
7050,44.325003,32.874996,1.000000,12.500381,-90.000000,1
7060,44.325003,32.749992,1.000000,12.500381,-90.000000,1
7070,44.325003,32.749992,1.000000,0.000000,0.000000,1
7080,44.325003,33.124992,0.649414,37.500000,90.000000,1
7090,44.212500,33.624996,0.000000,51.250448,102.680664,0
7100,44.212500,33.624996,0.000000,0.000000,0.000000,0
7110,44.100002,34.249992,0.000000,63.504023,100.203882,0
7120,44.100002,34.249992,0.000000,0.000000,0.000000,0
7130,43.762502,35.499996,0.000000,129.476476,105.109531,0
7140,43.762502,35.499996,0.000000,0.000000,0.000000,0
7150,43.537500,37.624992,0.000000,213.687495,96.044149,0
7160,43.650003,39.999996,0.000000,237.766695,87.287938,0
7170,43.650003,39.999996,0.000000,0.000000,0.000000,0
7180,43.762502,42.874998,0.000000,287.720208,87.759170,0
7190,43.762502,42.874998,0.000000,0.000000,0.000000,0
7200,43.762502,43.875000,0.000000,100.000191,90.000000,0
7210,43.762502,43.875000,0.000000,0.000000,0.000000,0
7220,43.762502,43.875000,0.000000,0.000000,0.000000,0
7230,43.762502,43.875000,0.000000,0.000000,0.000000,0
7240,43.762502,43.875000,0.000000,0.000000,0.000000,0
7250,43.762502,43.875000,0.000000,0.000000,0.000000,0
7260,43.762502,43.875000,0.000000,0.000000,0.000000,0
7270,43.762502,43.875000,0.000000,0.000000,0.000000,0
7280,43.762502,43.875000,0.000000,0.000000,0.000000,0
7290,43.762502,43.875000,0.000000,0.000000,0.000000,0
7300,43.762502,43.875000,0.000000,0.000000,0.000000,0
7310,43.762502,43.875000,0.000000,0.000000,0.000000,0
7320,43.762502,43.875000,0.000000,0.000000,0.000000,0
7330,43.762502,43.875000,0.000000,0.000000,0.000000,0
7340,43.762502,43.875000,0.000000,0.000000,0.000000,0
7350,43.762502,43.875000,0.000000,0.000000,0.000000,0
7360,43.762502,43.875000,0.000000,0.000000,0.000000,0
7370,43.762502,43.875000,0.000000,0.000000,0.000000,0
7380,43.762502,43.875000,0.000000,0.000000,0.000000,0
7390,43.762502,43.875000,0.000000,0.000000,0.000000,0
7400,43.762502,43.875000,0.000000,0.000000,0.000000,0
7410,43.762502,43.875000,0.000000,0.000000,0.000000,0
7420,43.762502,43.875000,0.000000,0.000000,0.000000,0
7430,43.762502,43.875000,0.000000,0.000000,0.000000,0
7440,43.762502,43.875000,0.000000,0.000000,0.000000,0
7450,43.762502,43.875000,0.000000,0.000000,0.000000,0
7460,43.762502,43.875000,0.000000,0.000000,0.000000,0
7470,43.762502,43.875000,0.000000,0.000000,0.000000,0
7480,43.762502,43.875000,0.000000,0.000000,0.000000,0
7490,43.762502,43.875000,0.000000,0.000000,0.000000,0
7500,43.762502,43.875000,0.000000,0.000000,0.000000,0
7510,43.762502,43.875000,0.000000,0.000000,0.000000,0
7520,43.762502,43.875000,0.000000,0.000000,0.000000,0
7530,43.762502,43.875000,0.000000,0.000000,0.000000,0
7540,43.762502,43.875000,0.000000,0.000000,0.000000,0
7550,43.762502,43.875000,0.000000,0.000000,0.000000,0
7560,43.762502,43.875000,0.000000,0.000000,0.000000,0
7570,43.762502,43.875000,0.000000,0.000000,0.000000,0
7580,43.762502,43.875000,0.000000,0.000000,0.000000,0
7590,43.762502,43.875000,0.000000,0.000000,0.000000,0
7600,43.762502,43.875000,0.000000,0.000000,0.000000,0
7610,43.762502,43.875000,0.000000,0.000000,0.000000,0
7620,43.762502,43.875000,0.000000,0.000000,0.000000,0
7630,43.762502,43.875000,0.000000,0.000000,0.000000,0
7640,43.762502,43.875000,0.000000,0.000000,0.000000,0
7650,43.762502,43.875000,0.000000,0.000000,0.000000,0
7660,43.762502,43.875000,0.000000,0.000000,0.000000,0
7670,43.762502,43.875000,0.000000,0.000000,0.000000,0
7680,43.762502,43.875000,0.000000,0.000000,0.000000,0
7690,43.762502,43.875000,0.000000,0.000000,0.000000,0
7700,43.762502,43.875000,0.000000,0.000000,0.000000,0
7710,43.762502,43.875000,0.000000,0.000000,0.000000,0
7720,43.762502,43.875000,0.000000,0.000000,0.000000,0
7730,41.287501,91.624998,0.000000,4781.409779,92.967127,0
7740,41.287501,91.624998,0.000000,0.000000,0.000000,0
7750,41.625001,91.624998,0.000000,33.750000,0.000000,0
7760,41.850000,91.500000,0.000000,25.738908,-29.054326,0
7770,41.850000,91.500000,0.000000,0.000000,0.000000,0
7780,43.650003,91.249998,0.000000,181.728185,-7.907207,0
7790,43.650003,91.249998,0.000000,0.000000,0.000000,0
7800,44.662503,91.125000,0.000000,102.018664,-7.037834,0
7810,46.237500,90.999999,0.000000,157.994918,-4.537817,0
7820,46.237500,90.999999,0.000000,0.000000,0.000000,0
7830,48.037503,90.874998,0.000000,180.433855,-3.972519,0
7840,48.037503,90.874998,0.000000,0.000000,0.000000,0
7850,49.725003,90.499998,0.000000,172.866459,-12.528808,0
7860,49.950000,90.375000,0.000000,25.738683,-29.054604,0
7870,49.950000,90.375000,0.000000,0.000000,0.000000,0
7880,50.737503,90.000000,0.000000,87.223085,-25.463248,0
7890,50.737503,90.000000,0.000000,0.000000,0.000000,0
7900,51.525002,89.874999,0.000000,79.735738,-9.019409,0
7910,52.762503,89.625000,0.000000,126.250149,-11.421128,0
7920,52.762503,89.625000,0.000000,0.000000,0.000000,0
7930,53.437503,89.625000,0.000000,67.500000,0.000000,0
7940,53.437503,89.625000,0.000000,0.000000,0.000000,0
7950,53.662500,89.625000,0.000000,22.499657,0.000000,0
7960,53.662500,89.625000,0.000000,0.000000,0.000000,0
7970,53.662500,89.749998,0.000000,12.499809,90.000000,0
7980,53.662500,89.749998,0.000000,0.000000,0.000000,0
7990,53.662500,90.000000,0.000000,25.000191,90.000000,0
8000,53.212502,90.124998,0.000000,46.703638,164.476058,0
8010,51.187502,90.750000,0.000000,211.925751,162.847529,0
8020,51.187502,90.750000,0.000000,0.000000,0.000000,0
8030,46.912500,91.249998,0.000000,430.414193,173.329075,0
8040,46.912500,91.249998,0.000000,0.000000,0.000000,0
8050,43.987503,91.249998,0.000000,292.499657,180.000000,0
8060,40.050002,91.249998,0.000000,393.750172,180.000000,0
8070,40.050002,91.249998,0.000000,0.000000,0.000000,0
8080,37.575001,91.500000,0.000000,248.759526,174.232069,0
8090,37.575001,91.500000,0.000000,0.000000,0.000000,0
8100,36.000002,91.500000,0.000000,157.499914,180.000000,0
8110,36.337502,91.374999,0.000000,35.990483,-20.323279,0
8120,36.337502,91.374999,0.000000,0.000000,0.000000,0
8130,36.562501,91.125000,0.000000,33.633932,-48.012788,0
8140,36.562501,91.125000,0.000000,0.000000,0.000000,0
8150,35.775000,89.874999,0.000000,147.738282,-122.210936,0
8160,36.225001,89.124999,0.000000,87.464323,-59.036195,0
8170,36.225001,89.124999,0.000000,0.000000,0.000000,0
8180,38.025002,88.374999,0.000000,195.000079,-22.619855,0
8190,38.025002,88.374999,0.000000,0.000000,0.000000,0
8200,39.937501,87.999999,0.000000,194.891713,-11.093728,0
8210,40.500000,87.999999,0.000000,56.249914,0.000000,0
8220,40.500000,87.999999,0.000000,0.000000,0.000000,0
8230,40.500000,87.999999,0.000000,0.000000,0.000000,0
8240,40.500000,87.999999,0.000000,0.000000,0.000000,0
8250,40.500000,87.999999,0.000000,0.000000,0.000000,0
8260,40.275001,88.125000,0.000000,25.739047,150.945118,0
8270,40.275001,88.125000,0.000000,0.000000,0.000000,0
8280,39.600001,87.874998,0.000000,71.980966,-159.676721,0
8290,39.600001,87.874998,0.000000,0.000000,0.000000,0
8300,39.037502,87.750000,0.000000,57.622028,-167.471359,0
8310,38.475000,87.499998,0.000000,61.555596,-156.037414,0
8320,38.475000,87.499998,0.000000,0.000000,0.000000,0
8330,38.250001,87.499998,0.000000,22.499914,180.000000,0
8340,38.250001,87.499998,0.000000,0.000000,0.000000,0
8350,38.025002,87.499998,0.000000,22.499914,180.000000,0
8360,37.912501,87.499998,0.000000,11.250086,180.000000,0
8370,37.912501,87.499998,0.000000,0.000000,0.000000,0
8380,37.800000,87.624999,0.000000,16.817158,131.987212,0
8390,37.800000,87.624999,0.000000,0.000000,0.000000,0
8400,37.800000,87.874998,0.000000,24.999905,90.000000,0
8410,38.025002,88.249998,0.000000,43.732228,59.036051,0
8420,38.025002,88.249998,0.000000,0.000000,0.000000,0
8430,38.250001,88.624998,0.000000,43.732095,59.036340,0
8440,38.250001,88.624998,0.000000,0.000000,0.000000,0
8450,38.475000,88.999998,0.000000,43.732095,59.036340,0
8460,38.700002,89.499999,0.000000,54.829438,65.772132,0
8470,38.700002,89.625000,0.178711,12.500095,90.000000,1
8480,38.700002,89.625000,0.178711,0.000000,0.000000,1
8490,38.700002,89.625000,0.178711,0.000000,0.000000,1
8500,38.700002,89.625000,0.178711,0.000000,0.000000,1
8510,38.700002,89.625000,0.178711,0.000000,0.000000,1
8520,38.700002,89.625000,0.178711,0.000000,0.000000,1
8530,38.587501,89.499999,0.776367,16.817158,-131.987212,1
8540,38.587501,89.499999,0.776367,0.000000,0.000000,1
8550,38.137500,88.624998,0.836914,98.393467,-117.216131,1
8560,37.687502,87.249999,0.875000,144.676219,-108.121807,1
8570,37.687502,87.249999,0.875000,0.000000,0.000000,1
8580,37.125000,85.624998,0.916992,171.960352,-109.093536,1
8590,37.125000,85.624998,0.916992,0.000000,0.000000,1
8600,36.562501,84.124998,0.958984,160.200040,-110.556016,1
8610,35.775000,81.874998,0.982422,238.383254,-109.290066,1
8620,35.775000,81.874998,0.982422,0.000000,0.000000,1
8630,35.212501,80.250000,1.000000,171.959998,-109.093486,1
8640,35.212501,80.250000,1.000000,0.000000,0.000000,1
8650,34.537501,78.499998,1.000000,187.566833,-111.092319,1
8660,33.637502,76.875000,1.000000,185.758371,-118.979713,1
8670,33.637502,76.875000,1.000000,0.000000,0.000000,1
8680,32.850001,75.249996,1.000000,180.576715,-115.855514,1
8690,32.850001,75.249996,1.000000,0.000000,0.000000,1
8700,31.725000,73.249998,1.000000,229.469373,-119.357796,1
8710,30.937502,71.874996,1.000000,158.454529,-119.800856,1
8720,30.937502,71.874996,1.000000,0.000000,0.000000,1
8730,30.150001,70.500000,1.000000,158.454161,-119.801039,1
8740,30.150001,70.500000,1.000000,0.000000,0.000000,1
8750,29.137501,68.874996,1.000000,191.462624,-121.926021,1
8760,27.562502,66.624996,1.000000,274.647452,-124.992006,1
8770,27.562502,66.624996,1.000000,0.000000,0.000000,1
8780,26.550002,65.124996,1.000000,180.973928,-124.019350,1
8790,26.550002,65.124996,1.000000,0.000000,0.000000,1
8800,25.537502,63.624996,1.000000,180.973928,-124.019350,1
8810,24.525002,62.124996,1.000000,180.973928,-124.019350,1
8820,24.525002,62.124996,1.000000,0.000000,0.000000,1
8830,23.625000,60.624996,1.000000,174.928645,-120.963805,1
8840,23.625000,60.624996,1.000000,0.000000,0.000000,1
8850,22.050001,58.500000,1.000000,264.503896,-126.545007,1
8860,21.262500,57.624996,1.000000,117.719551,-131.987119,1
8870,21.262500,57.624996,1.000000,0.000000,0.000000,1
8880,20.700001,57.000000,1.000000,84.084809,-131.987343,1
8890,20.700001,57.000000,1.000000,0.000000,0.000000,1
8900,20.137500,56.499996,1.000000,75.260252,-138.366265,1
8910,19.125000,55.875000,0.984375,118.986406,-148.313789,1
8920,19.125000,55.875000,0.984375,0.000000,0.000000,1
8930,18.562500,55.500000,0.926758,67.604122,-146.309953,1
8940,18.562500,55.500000,0.926758,0.000000,0.000000,1
8950,18.000001,55.125000,0.860352,67.604015,-146.309892,1
8960,17.887500,55.125000,0.785156,11.250086,180.000000,1
8970,17.887500,55.624998,0.000000,49.999809,90.000000,0
8980,17.887500,55.624998,0.000000,0.000000,0.000000,0
8990,17.887500,55.624998,0.000000,0.000000,0.000000,0
9000,19.125000,58.749996,0.000000,336.110404,68.396415,0
9010,20.250000,60.999996,0.000000,251.557628,63.434958,0
9020,20.250000,60.999996,0.000000,0.000000,0.000000,0
9030,22.050001,63.750000,0.000000,328.671935,56.793454,0
9040,22.050001,63.750000,0.000000,0.000000,0.000000,0
9050,24.300000,66.375000,0.000000,345.732861,49.398716,0
9060,24.300000,66.375000,0.000000,0.000000,0.000000,0
9070,24.300000,66.375000,0.000000,0.000000,0.000000,0
9080,24.300000,66.375000,0.000000,0.000000,0.000000,0
9090,24.300000,66.375000,0.000000,0.000000,0.000000,0
9100,24.300000,66.375000,0.000000,0.000000,0.000000,0
9110,24.300000,66.375000,0.000000,0.000000,0.000000,0
9120,24.300000,66.375000,0.000000,0.000000,0.000000,0
9130,24.300000,66.375000,0.000000,0.000000,0.000000,0
9140,24.300000,66.375000,0.000000,0.000000,0.000000,0
9150,24.300000,66.375000,0.000000,0.000000,0.000000,0
9160,24.300000,66.375000,0.000000,0.000000,0.000000,0
9170,24.300000,66.375000,0.000000,0.000000,0.000000,0
9180,24.300000,66.375000,0.000000,0.000000,0.000000,0
9190,24.300000,66.375000,0.000000,0.000000,0.000000,0
9200,24.300000,66.375000,0.000000,0.000000,0.000000,0
9210,24.300000,66.375000,0.000000,0.000000,0.000000,0
9220,24.300000,66.375000,0.000000,0.000000,0.000000,0
9230,24.300000,66.375000,0.000000,0.000000,0.000000,0
9240,24.300000,66.375000,0.000000,0.000000,0.000000,0
9250,24.300000,66.375000,0.000000,0.000000,0.000000,0
9260,24.300000,66.375000,0.000000,0.000000,0.000000,0
9270,24.300000,66.375000,0.000000,0.000000,0.000000,0
9280,43.987503,91.500000,0.000000,3191.963998,51.918382,0
9290,43.987503,91.500000,0.000000,0.000000,0.000000,0
9300,43.762502,90.624999,0.000000,90.346690,-104.420863,0
9310,43.650003,88.999998,0.000000,162.889041,-93.960249,0
9320,43.650003,88.999998,0.000000,0.000000,0.000000,0
9330,43.762502,87.999999,0.000000,100.630709,-83.581304,0
9340,43.762502,87.999999,0.000000,0.000000,0.000000,0
9350,43.762502,87.874998,0.000000,12.500095,-90.000000,0
9360,43.875000,87.874998,0.000000,11.249828,0.000000,0
9370,43.875000,87.874998,0.000000,0.000000,0.000000,0
9380,44.550000,86.874996,0.000000,120.649443,-55.980701,0
9390,45.000003,86.625000,0.000000,51.478266,-29.054047,0
9400,45.000003,86.625000,0.000000,0.000000,0.000000,0
9410,45.225000,86.499996,0.000000,25.738960,-29.055718,0
9420,45.225000,86.499996,0.000000,0.000000,0.000000,0
9430,45.337503,86.374998,0.000000,16.817118,-48.011483,0
9440,45.337503,86.374998,0.000000,0.000000,0.000000,0
9450,45.450002,86.374998,0.000000,11.249828,0.000000,0
9460,45.450002,86.374998,0.000000,0.000000,0.000000,0
9470,45.450002,86.499996,0.000000,12.499809,90.000000,0
9480,45.225000,86.625000,0.000000,25.739411,150.944839,0
9490,45.225000,86.625000,0.000000,0.000000,0.000000,0
9500,44.775002,86.749998,0.000000,46.703638,164.476058,0
9510,44.437502,86.874996,0.000000,35.990384,159.677148,0
9520,44.437502,86.874996,0.000000,0.000000,0.000000,0
9530,43.875000,87.000000,0.000000,57.622403,167.470859,0
9540,43.875000,87.000000,0.000000,0.000000,0.000000,0
9550,43.537500,87.124998,0.000000,35.990384,159.677148,0
9560,43.312503,87.124998,0.000000,22.499657,180.000000,0
9570,43.312503,87.124998,0.000000,0.000000,0.000000,0
9580,42.975001,87.249999,0.000000,35.990725,159.676863,0
9590,42.975001,87.249999,0.000000,0.000000,0.000000,0
9600,42.750002,87.499998,0.000000,33.633932,131.987212,0
9610,42.750002,87.499998,0.000000,0.000000,0.000000,0
9620,42.750002,87.624999,0.000000,12.500095,90.000000,0
9630,42.637501,87.624999,0.000000,11.250086,180.000000,0
9640,42.637501,87.624999,0.000000,0.000000,0.000000,0
9650,42.637501,87.624999,0.000000,0.000000,0.000000,0
9660,42.637501,87.624999,0.000000,0.000000,0.000000,0
9670,42.637501,87.624999,0.000000,0.000000,0.000000,0
9680,42.525000,87.874998,0.000000,27.414589,114.227991,0
9690,42.525000,87.874998,0.000000,0.000000,0.000000,0
9700,42.300001,87.874998,0.000000,22.499914,180.000000,0
9710,42.075002,87.874998,0.000000,22.499914,180.000000,0
9720,42.075002,87.874998,0.000000,0.000000,0.000000,0
9730,41.962501,87.874998,0.000000,11.250086,180.000000,0
9740,41.625001,87.874998,0.000000,33.750000,180.000000,0
9750,41.625001,87.874998,0.000000,0.000000,0.000000,0
9760,41.625001,87.874998,0.000000,0.000000,0.000000,0
9770,41.400002,87.874998,0.000000,22.499914,180.000000,0
9780,41.400002,87.999999,0.000000,12.500095,90.000000,0
9790,41.400002,87.999999,0.000000,0.000000,0.000000,0
9800,41.400002,87.999999,0.000000,0.000000,0.000000,0
9810,41.400002,88.249998,0.298828,24.999905,90.000000,1
9820,41.400002,88.249998,0.298828,0.000000,0.000000,1
9830,41.400002,88.249998,0.298828,0.000000,0.000000,1
9840,41.400002,88.249998,0.298828,0.000000,0.000000,1
9850,41.400002,88.249998,0.298828,0.000000,0.000000,1
9860,41.400002,88.249998,0.298828,0.000000,0.000000,1
9870,41.400002,88.249998,0.298828,0.000000,0.000000,1
9880,41.625001,88.125000,0.684570,25.738908,-29.054326,1
9890,41.625001,88.125000,0.684570,0.000000,0.000000,1
9900,42.187500,87.624999,0.758789,75.259965,-41.633637,1
9910,42.750002,87.124998,0.800781,75.260158,-41.633507,1
9920,42.750002,87.124998,0.800781,0.000000,0.000000,1
9930,43.312503,86.749998,0.831055,67.604229,-33.689987,1
9940,43.875000,86.374998,0.850586,67.603801,-33.690229,1
9950,43.875000,86.374998,0.850586,0.000000,0.000000,1
9960,44.550000,85.999998,0.876953,77.217226,-29.054604,1
9970,44.550000,85.999998,0.876953,0.000000,0.000000,1
9980,45.112502,85.500000,0.915039,75.259968,-41.633344,1
9990,45.112502,85.500000,0.915039,0.000000,0.000000,1
10000,45.900000,84.624996,0.957031,117.719379,-48.012974,1
10010,46.350003,84.000000,0.979492,77.014500,-54.245740,1
10020,46.350003,84.000000,0.979492,0.000000,0.000000,1
10030,46.800002,83.374998,0.997070,77.014663,-54.246299,1
10040,47.587500,82.500000,1.000000,117.718954,-48.012788,1
10050,47.587500,82.500000,1.000000,0.000000,0.000000,1
10060,48.150002,81.874998,1.000000,84.085407,-48.012788,1
10070,48.150002,81.874998,1.000000,0.000000,0.000000,1
10080,48.600000,81.249996,1.000000,77.014663,-54.246299,1
10090,49.162502,80.499996,1.000000,93.750103,-53.130018,1
10100,49.162502,80.499996,1.000000,0.000000,0.000000,1
10110,49.725003,79.875000,1.000000,84.084982,-48.012527,1
10120,49.725003,79.875000,1.000000,0.000000,0.000000,1
10130,50.287500,79.249998,1.000000,84.085062,-48.013048,1
10140,50.287500,79.249998,1.000000,0.000000,0.000000,1
10150,51.075003,78.124998,1.000000,137.323948,-55.007862,1
10160,51.750003,77.499996,1.000000,91.991977,-42.797489,1
10170,51.750003,77.499996,1.000000,0.000000,0.000000,1
10180,52.312500,76.875000,1.000000,84.084637,-48.012788,1
10190,52.312500,76.875000,1.000000,0.000000,0.000000,1
10200,53.325000,75.624996,1.000000,160.862233,-50.992613,1
10210,53.662500,75.249996,1.000000,50.451090,-48.012788,1
10220,53.662500,75.249996,1.000000,0.000000,0.000000,1
10230,54.787503,73.999998,1.000000,168.170388,-48.012657,1
10240,55.575002,73.125000,1.000000,117.718954,-48.012788,1
10250,55.575002,73.125000,1.000000,0.000000,0.000000,1
10260,56.362500,72.249996,1.000000,117.719379,-48.012974,1
10270,56.362500,72.249996,1.000000,0.000000,0.000000,1
10280,57.150003,71.374998,1.000000,117.719298,-48.012601,1
10290,58.275002,70.249998,1.000000,159.098904,-45.000044,1
10300,58.275002,70.249998,1.000000,0.000000,0.000000,1
10310,58.950002,69.375000,1.000000,110.510030,-52.352319,1
10320,58.950002,69.375000,1.000000,0.000000,0.000000,1
10330,59.625002,68.625000,1.000000,100.902180,-48.012788,1
10340,60.412500,67.749996,1.000000,117.719379,-48.012974,1
10350,60.412500,67.749996,1.000000,0.000000,0.000000,1
10360,61.537503,66.499998,1.000000,168.170388,-48.012657,1
10370,61.537503,66.499998,1.000000,0.000000,0.000000,1
10380,62.212503,65.749998,1.000000,100.902180,-48.012788,1
10390,63.112500,64.999998,1.000000,117.153481,-39.805679,1
10400,63.112500,64.999998,1.000000,0.000000,0.000000,1
10410,63.900003,64.374996,1.000000,100.538005,-38.437265,1
10420,63.900003,64.374996,1.000000,0.000000,0.000000,1
10430,64.687502,63.750000,1.000000,100.537246,-38.437192,1
10440,65.812500,62.874996,1.000000,142.522027,-37.875147,1
10450,65.812500,62.874996,1.000000,0.000000,0.000000,1
10460,66.487500,62.374998,1.000000,84.001375,-36.528751,1
10470,66.487500,62.374998,1.000000,0.000000,0.000000,1
10480,67.162500,61.875000,1.000000,84.001375,-36.528751,1
10490,67.725002,61.500000,1.000000,67.604229,-33.689987,1
10500,67.725002,61.500000,1.000000,0.000000,0.000000,1
10510,68.512500,60.874998,1.000000,100.537601,-38.437447,1
10520,68.512500,60.874998,1.000000,0.000000,0.000000,1
10530,68.962503,60.624996,1.000000,51.478543,-29.054604,1
10540,69.300003,60.375000,1.000000,42.000517,-36.528437,1
10550,69.300003,60.375000,1.000000,0.000000,0.000000,1
10560,69.412502,60.249996,0.000000,16.817199,-48.014092,0
10570,69.412502,60.249996,0.000000,0.000000,0.000000,0
10580,69.075002,60.375000,0.000000,35.990583,159.676294,0
10590,69.075002,60.375000,0.000000,0.000000,0.000000,0
10600,68.062502,61.999998,0.000000,191.462139,121.926111,0
10610,68.062502,61.999998,0.000000,0.000000,0.000000,0
10620,68.062502,61.999998,0.000000,0.000000,0.000000,0
10630,68.062502,61.999998,0.000000,0.000000,0.000000,0
10640,68.062502,61.999998,0.000000,0.000000,0.000000,0
10650,68.062502,61.999998,0.000000,0.000000,0.000000,0
10660,68.062502,61.999998,0.000000,0.000000,0.000000,0
10670,68.062502,61.999998,0.000000,0.000000,0.000000,0
10680,68.062502,61.999998,0.000000,0.000000,0.000000,0
10690,68.062502,61.999998,0.000000,0.000000,0.000000,0
10700,68.062502,61.999998,0.000000,0.000000,0.000000,0
10710,68.062502,61.999998,0.000000,0.000000,0.000000,0
10720,68.062502,61.999998,0.000000,0.000000,0.000000,0
10730,68.062502,61.999998,0.000000,0.000000,0.000000,0
10740,68.062502,61.999998,0.000000,0.000000,0.000000,0
10750,68.062502,61.999998,0.000000,0.000000,0.000000,0
10760,68.062502,61.999998,0.000000,0.000000,0.000000,0
10770,68.062502,61.999998,0.000000,0.000000,0.000000,0
10780,68.062502,61.999998,0.000000,0.000000,0.000000,0
10790,68.062502,61.999998,0.000000,0.000000,0.000000,0
10800,68.062502,61.999998,0.000000,0.000000,0.000000,0
10810,68.062502,61.999998,0.000000,0.000000,0.000000,0
10820,68.062502,61.999998,0.000000,0.000000,0.000000,0
10830,68.062502,61.999998,0.000000,0.000000,0.000000,0
10840,68.062502,61.999998,0.000000,0.000000,0.000000,0
10850,68.062502,61.999998,0.000000,0.000000,0.000000,0
10860,68.062502,61.999998,0.000000,0.000000,0.000000,0
10870,68.062502,61.999998,0.000000,0.000000,0.000000,0
10880,68.062502,61.999998,0.000000,0.000000,0.000000,0
10890,68.062502,61.999998,0.000000,0.000000,0.000000,0
10900,68.062502,61.999998,0.000000,0.000000,0.000000,0
10910,68.062502,61.999998,0.000000,0.000000,0.000000,0
10920,68.062502,61.999998,0.000000,0.000000,0.000000,0
10930,68.062502,61.999998,0.000000,0.000000,0.000000,0
10940,68.062502,61.999998,0.000000,0.000000,0.000000,0
10950,68.062502,61.999998,0.000000,0.000000,0.000000,0
10960,68.062502,61.999998,0.000000,0.000000,0.000000,0
10970,68.062502,61.999998,0.000000,0.000000,0.000000,0
10980,68.062502,61.999998,0.000000,0.000000,0.000000,0
10990,68.062502,61.999998,0.000000,0.000000,0.000000,0
11000,68.062502,61.999998,0.000000,0.000000,0.000000,0
11010,68.062502,61.999998,0.000000,0.000000,0.000000,0
11020,68.062502,61.999998,0.000000,0.000000,0.000000,0
11030,68.062502,61.999998,0.000000,0.000000,0.000000,0
11040,68.062502,61.999998,0.000000,0.000000,0.000000,0
11050,68.062502,61.999998,0.000000,0.000000,0.000000,0
11060,68.062502,61.999998,0.000000,0.000000,0.000000,0
11070,68.062502,61.999998,0.000000,0.000000,0.000000,0
11080,68.062502,61.999998,0.000000,0.000000,0.000000,0
11090,68.062502,61.999998,0.000000,0.000000,0.000000,0
11100,68.062502,61.999998,0.000000,0.000000,0.000000,0
11110,68.062502,61.999998,0.000000,0.000000,0.000000,0
11120,68.062502,61.999998,0.000000,0.000000,0.000000,0
11130,91.575003,79.875000,0.000000,2953.562984,37.243329,0
11140,91.687507,79.875000,0.000000,11.250343,0.000000,0
11150,91.687507,79.875000,0.000000,0.000000,0.000000,0
11160,91.687507,79.875000,0.000000,0.000000,0.000000,0
11170,91.687507,79.999998,0.000000,12.499809,90.000000,0
11180,91.687507,79.999998,0.000000,0.000000,0.000000,0
11190,91.687507,79.999998,0.000000,0.000000,0.000000,0
11200,91.687507,79.999998,0.000000,0.000000,0.000000,0
11210,91.687507,79.999998,0.000000,0.000000,0.000000,0
11220,91.687507,80.124996,0.000000,12.499809,90.000000,0
11230,91.687507,80.124996,0.000000,0.000000,0.000000,0
11240,91.687507,80.124996,0.000000,0.000000,0.000000,0
11250,91.687507,80.124996,0.000000,0.000000,0.000000,0
11260,91.687507,80.374998,0.000000,25.000191,90.000000,0
11270,91.687507,80.374998,0.000000,0.000000,0.000000,0
11280,91.687507,80.499996,0.000000,12.499809,90.000000,0
11290,91.687507,81.375000,0.000000,87.500381,90.000000,0
11300,91.687507,81.375000,0.000000,0.000000,0.000000,0
11310,91.687507,82.749996,0.000000,137.499619,90.000000,0
11320,91.687507,82.749996,0.000000,0.000000,0.000000,0
11330,91.800000,85.374996,0.000000,262.740931,87.546118,0
11340,92.250003,88.125000,0.000000,278.657928,80.706634,0
11350,92.250003,88.125000,0.000000,0.000000,0.000000,0
11360,93.600003,91.875000,0.000000,398.559908,70.201124,0
11370,93.600003,91.875000,0.000000,0.000000,0.000000,0
11380,95.062507,94.125000,0.000000,268.354547,56.976071,0
11390,95.512500,95.874999,0.000000,180.692847,75.579430,0
11400,95.512500,95.874999,0.000000,0.000000,0.000000,0
11410,95.400007,96.999999,0.000000,113.061032,95.710247,0
11420,95.400007,96.999999,0.000000,0.000000,0.000000,0
11430,95.400007,97.374999,0.000000,37.500000,90.000000,0
11440,95.625003,97.374999,0.000000,22.499657,0.000000,0
11450,95.625003,97.374999,0.000000,0.000000,0.000000,0
11460,95.625003,97.999998,0.000000,62.499905,90.000000,0
11470,95.625003,97.999998,0.000000,0.000000,0.000000,0
11480,95.512500,98.374998,0.000000,39.151248,106.699725,0
11490,95.400007,98.499999,0.000000,16.816642,131.985256,0
11500,95.400007,98.499999,0.000000,0.000000,0.000000,0
11510,95.400007,98.499999,0.000000,0.000000,0.000000,0
11520,95.400007,98.374998,0.000000,12.500095,-90.000000,0
11530,95.400007,98.250000,0.000000,12.499809,-90.000000,0
11540,95.512500,97.875000,0.000000,39.150952,-73.301718,0
11550,95.512500,97.875000,0.000000,0.000000,0.000000,0
11560,95.512500,97.875000,0.000000,0.000000,0.000000,0
11570,95.737507,97.749999,0.000000,25.739722,-29.054047,0
11580,95.850000,97.749999,0.000000,11.249313,0.000000,0
11590,96.187500,97.749999,0.000000,33.750000,0.000000,0
11600,96.187500,97.749999,0.000000,0.000000,0.000000,0
11610,96.525000,97.999998,0.000000,42.000687,36.528751,0
11620,96.525000,97.999998,0.000000,0.000000,0.000000,0
11630,96.637503,98.124999,0.000000,16.817331,48.012135,0
11640,96.637503,98.124999,0.000000,0.000000,0.000000,0
11650,96.637503,98.374998,0.000000,24.999905,90.000000,0
11660,96.637503,98.374998,0.000000,0.000000,0.000000,0
11670,96.637503,98.499999,0.000000,12.500095,90.000000,0
11680,96.637503,98.749998,0.000000,24.999905,90.000000,0
11690,96.637503,98.749998,0.000000,0.000000,0.000000,0
11700,96.525000,98.874999,0.000000,16.817331,131.987865,0
11710,96.525000,98.874999,0.000000,0.000000,0.000000,0
11720,96.412507,99.124998,0.000000,27.414272,114.226518,0
11730,96.187500,99.124998,0.000000,22.500687,180.000000,0
11740,96.075007,99.124998,0.000000,11.249313,180.000000,0
11750,95.850000,99.124998,0.496094,22.500687,180.000000,1
11760,95.850000,99.124998,0.496094,0.000000,0.000000,1
11770,95.850000,99.124998,0.496094,0.000000,0.000000,1
11780,95.850000,99.124998,0.496094,0.000000,0.000000,1
11790,95.850000,99.124998,0.496094,0.000000,0.000000,1
11800,95.850000,99.124998,0.496094,0.000000,0.000000,1
11810,95.962503,98.874999,0.759766,27.414694,-65.771519,1
11820,95.962503,98.874999,0.759766,0.000000,0.000000,1
11830,96.525000,98.250000,0.809570,84.084850,-48.012918,1
11840,96.862500,97.624998,0.831055,71.030531,-61.631027,1
11850,96.862500,97.624998,0.831055,0.000000,0.000000,1
11860,96.975003,96.999999,0.847656,63.504396,-79.795706,1
11870,96.975003,96.999999,0.847656,0.000000,0.000000,1
11880,96.975003,96.249999,0.876953,75.000000,-90.000000,1
11890,96.750007,95.499999,0.900391,78.302200,-106.699004,1
11900,96.750007,95.499999,0.900391,0.000000,0.000000,1
11910,95.625003,93.874998,0.928711,197.642628,-124.695220,1
11920,95.625003,93.874998,0.928711,0.000000,0.000000,1
11930,94.162500,92.250000,0.937500,218.621479,-131.987313,1
11940,92.812500,90.874998,0.940430,192.694843,-134.474326,1
11950,92.812500,90.874998,0.940430,0.000000,0.000000,1
11960,91.462500,89.625000,0.943359,183.983565,-137.202642,1
11970,91.462500,89.625000,0.943359,0.000000,0.000000,1
11980,89.550003,87.750000,0.942383,267.829575,-135.567215,1
11990,88.087500,86.374998,0.946289,200.737304,-136.766298,1
12000,88.087500,86.374998,0.946289,0.000000,0.000000,1
12010,86.625007,84.874998,0.950195,209.496687,-134.274641,1
12020,86.625007,84.874998,0.950195,0.000000,0.000000,1
12030,85.162503,83.374998,0.956055,209.497406,-134.274843,1
12040,83.925002,82.125000,0.956055,175.895018,-134.712167,1
12050,83.925002,82.125000,0.956055,0.000000,0.000000,1
12060,82.800003,81.000000,0.957031,159.098904,-134.999956,1
12070,82.800003,81.000000,0.957031,0.000000,0.000000,1
12080,82.350000,80.374998,0.957031,77.014964,-125.754012,1
12090,81.675000,79.749996,0.946289,91.991977,-137.202511,1
12100,81.675000,79.749996,0.946289,0.000000,0.000000,1
12110,81.112503,79.374996,0.896484,67.603801,-146.309771,1
12120,81.112503,79.374996,0.896484,0.000000,0.000000,1
12130,81.675000,80.625000,0.000000,137.073408,65.772451,0
12140,81.675000,80.625000,0.000000,0.000000,0.000000,0
12150,81.675000,80.625000,0.000000,0.000000,0.000000,0
12160,82.462503,81.750000,0.000000,137.323948,55.007862,0
12170,82.462503,81.750000,0.000000,0.000000,0.000000,0
12180,83.700000,82.749996,0.000000,159.103429,38.940983,0
12190,85.387500,84.000000,0.000000,210.003947,36.528939,0
12200,85.387500,84.000000,0.000000,0.000000,0.000000,0
12210,89.100000,85.999998,0.000000,421.694778,28.312236,0
12220,89.100000,85.999998,0.000000,0.000000,0.000000,0
12230,91.912503,87.000000,0.000000,298.499236,19.573138,0
12240,95.062507,87.750000,0.000000,323.805831,13.392484,0
12250,95.062507,87.750000,0.000000,0.000000,0.000000,0
12260,97.762507,87.624999,0.000000,270.289201,-2.650710,0
12270,97.762507,87.624999,0.000000,0.000000,0.000000,0
12280,99.900000,87.499998,0.000000,214.114505,-3.346855,0
12290,101.137507,87.624999,0.000000,124.380404,5.767901,0
12300,101.137507,87.624999,0.000000,0.000000,0.000000,0
12310,100.800007,87.624999,0.000000,33.750000,180.000000,0
12320,100.800007,87.624999,0.000000,0.000000,0.000000,0
12330,100.912500,87.375000,0.000000,27.414272,-65.773482,0
12340,101.250000,86.499996,0.000000,93.783683,-68.907744,0
12350,101.250000,86.499996,0.000000,0.000000,0.000000,0
12360,100.575000,86.124996,0.000000,77.217226,-150.945396,0
12370,100.575000,86.124996,0.000000,0.000000,0.000000,0
12380,98.662503,85.875000,0.000000,192.876676,-172.552682,0
12390,95.962503,85.624998,0.000000,271.154955,-174.709879,0
12400,95.962503,85.624998,0.000000,0.000000,0.000000,0
12410,94.837500,85.249998,0.000000,118.585738,-161.565104,0
12420,94.837500,85.249998,0.000000,0.000000,0.000000,0
12430,94.612503,85.249998,0.000000,22.499657,180.000000,0
12440,94.275003,85.249998,0.000000,33.750000,180.000000,0
12450,94.275003,85.249998,0.000000,0.000000,0.000000,0
12460,94.162500,85.374996,0.000000,16.817118,131.988517,0
12470,94.162500,85.374996,0.000000,0.000000,0.000000,0
12480,94.275003,85.749996,0.000000,39.151248,73.300275,0
12490,94.387507,85.749996,0.000000,11.250343,0.000000,0
12500,94.387507,85.749996,0.000000,0.000000,0.000000,0
12510,94.387507,85.999998,0.000000,25.000191,90.000000,0
12520,94.387507,85.999998,0.000000,0.000000,0.000000,0
12530,94.387507,86.124996,0.000000,12.499809,90.000000,0
12540,94.387507,86.124996,0.000000,0.000000,0.000000,0
12550,94.500000,86.250000,0.000000,16.816854,48.015396,0
12560,94.500000,86.374998,0.000000,12.499809,90.000000,0
12570,94.500000,86.374998,0.000000,0.000000,0.000000,0
12580,94.500000,86.499996,0.000000,12.499809,90.000000,0
12590,94.275003,86.499996,0.000000,22.499657,180.000000,0
12600,94.275003,86.499996,0.000000,0.000000,0.000000,0
12610,93.937503,86.625000,0.000000,35.990583,159.676294,0
12620,93.937503,86.625000,0.000000,0.000000,0.000000,0
12630,93.825000,86.874996,0.000000,27.414433,114.228727,0
12640,93.600003,87.124998,0.000000,33.633972,131.986560,0
12650,93.600003,87.124998,0.000000,0.000000,0.000000,0
12660,93.600003,87.249999,0.000000,12.500095,90.000000,0
12670,93.600003,87.249999,0.000000,0.000000,0.000000,0
12680,93.375007,87.499998,0.431641,33.633760,131.986886,1
12690,93.375007,87.499998,0.431641,0.000000,0.000000,1
12700,93.375007,87.499998,0.431641,0.000000,0.000000,1
12710,93.375007,87.499998,0.431641,0.000000,0.000000,1
12720,93.375007,87.499998,0.431641,0.000000,0.000000,1
12730,93.375007,87.499998,0.431641,0.000000,0.000000,1
12740,93.600003,87.375000,0.751953,25.738683,-29.054604,1
12750,93.600003,87.375000,0.751953,0.000000,0.000000,1
12760,94.050007,87.124998,0.797852,51.478543,-29.054604,1
12770,94.050007,87.124998,0.797852,0.000000,0.000000,1
12780,94.725007,86.625000,0.824219,84.001375,-36.528751,1
12790,95.287503,86.124996,0.848633,75.259963,-41.633930,1
12800,95.287503,86.124996,0.848633,0.000000,0.000000,1
12810,95.850000,85.624998,0.870117,75.259583,-41.633604,1
12820,95.850000,85.624998,0.870117,0.000000,0.000000,1
12830,96.412507,84.874998,0.903320,93.750412,-53.129767,1
12840,96.637503,84.375000,0.929688,54.828966,-65.772500,1
12850,96.637503,84.375000,0.929688,0.000000,0.000000,1
12860,96.862500,83.749998,0.963867,66.426714,-70.201458,1
12870,96.975003,82.999998,0.999023,75.839107,-81.468978,1
12880,96.975003,82.999998,0.999023,0.000000,0.000000,1
12890,97.200000,81.874998,1.000000,114.727872,-78.690236,1
12900,97.200000,81.874998,1.000000,0.000000,0.000000,1
12910,97.200000,80.749998,1.000000,112.500000,-90.000000,1
12920,97.200000,80.749998,1.000000,0.000000,0.000000,1
12930,97.200000,79.249998,1.000000,150.000000,-90.000000,1
12940,97.200000,78.000000,1.000000,124.999809,-90.000000,1
12950,97.200000,78.000000,1.000000,0.000000,0.000000,1
12960,97.200000,76.749996,1.000000,125.000381,-90.000000,1
12970,97.200000,76.749996,1.000000,0.000000,0.000000,1
12980,97.087507,75.375000,1.000000,137.959023,-94.677147,1
12990,97.087507,74.749998,1.000000,62.500191,-90.000000,1
13000,97.087507,74.749998,1.000000,0.000000,0.000000,1
13010,97.087507,73.749996,1.000000,100.000191,-90.000000,1
13020,97.087507,73.749996,1.000000,0.000000,0.000000,1
13030,97.200000,72.249996,1.000000,150.421232,-85.711107,1
13040,97.200000,70.875000,1.000000,137.499619,-90.000000,1
13050,97.200000,70.875000,1.000000,0.000000,0.000000,1
13060,97.200000,68.874996,1.000000,200.000381,-90.000000,1
13070,97.200000,68.874996,1.000000,0.000000,0.000000,1
13080,97.200000,67.624998,1.000000,124.999809,-90.000000,1
13090,97.200000,66.375000,1.000000,124.999809,-90.000000,1
13100,97.200000,66.375000,1.000000,0.000000,0.000000,1
13110,97.200000,65.124996,1.000000,125.000381,-90.000000,1
13120,97.200000,65.124996,1.000000,0.000000,0.000000,1
13130,97.200000,63.124998,1.000000,199.999809,-90.000000,1
13140,97.087507,61.749996,1.000000,137.959594,-94.677127,1
13150,97.087507,61.749996,1.000000,0.000000,0.000000,1
13160,97.087507,60.124998,1.000000,162.499809,-90.000000,1
13170,97.087507,60.124998,1.000000,0.000000,0.000000,1
13180,97.087507,58.500000,1.000000,162.499809,-90.000000,1
13190,97.200000,56.874996,1.000000,162.889291,-86.039938,1
13200,97.200000,56.874996,1.000000,0.000000,0.000000,1
13210,97.537500,54.499998,1.000000,239.885852,-81.912114,1
13220,97.537500,54.499998,1.000000,0.000000,0.000000,1
13230,97.762507,52.999998,1.000000,151.678215,-81.468978,1
13240,97.987503,51.375000,1.000000,164.050061,-82.116970,1
13250,97.987503,51.375000,1.000000,0.000000,0.000000,1
13260,98.100007,49.624998,1.000000,175.361447,-86.321653,1
13270,98.100007,49.624998,1.000000,0.000000,0.000000,1
13280,98.325003,47.250000,1.000000,238.563186,-84.588209,1
13290,98.437507,46.249998,1.000000,100.631051,-83.581031,1
13300,98.437507,46.249998,1.000000,0.000000,0.000000,1
13310,98.437507,45.750000,1.000000,49.999809,-90.000000,1
13320,98.437507,45.750000,1.000000,0.000000,0.000000,1
13330,98.437507,45.499998,0.977539,25.000191,-90.000000,1
13340,98.212500,46.125000,0.000000,66.427063,109.799378,0
13350,98.212500,46.125000,0.000000,0.000000,0.000000,0
13360,97.537500,47.874996,0.000000,187.566299,111.092381,0
13370,97.537500,47.874996,0.000000,0.000000,0.000000,0
13380,97.200000,50.374998,0.000000,252.268028,97.688442,0
13390,97.312503,53.625000,0.000000,325.194856,88.017417,0
13400,97.537500,55.374996,0.000000,176.440078,82.673688,0
13410,97.537500,55.374996,0.000000,0.000000,0.000000,0
13420,97.537500,55.374996,0.000000,0.000000,0.000000,0
13430,97.537500,55.374996,0.000000,0.000000,0.000000,0
13440,97.537500,55.374996,0.000000,0.000000,0.000000,0
13450,97.537500,55.374996,0.000000,0.000000,0.000000,0
13460,97.537500,55.374996,0.000000,0.000000,0.000000,0
13470,97.537500,55.374996,0.000000,0.000000,0.000000,0
13480,97.537500,55.374996,0.000000,0.000000,0.000000,0
13490,97.537500,55.374996,0.000000,0.000000,0.000000,0
13500,97.537500,55.374996,0.000000,0.000000,0.000000,0
13510,97.537500,55.374996,0.000000,0.000000,0.000000,0
13520,97.537500,55.374996,0.000000,0.000000,0.000000,0
13530,97.537500,55.374996,0.000000,0.000000,0.000000,0
13540,97.537500,55.374996,0.000000,0.000000,0.000000,0
13550,97.537500,55.374996,0.000000,0.000000,0.000000,0
13560,97.537500,55.374996,0.000000,0.000000,0.000000,0
13570,97.537500,55.374996,0.000000,0.000000,0.000000,0
13580,97.537500,55.374996,0.000000,0.000000,0.000000,0
13590,97.537500,55.374996,0.000000,0.000000,0.000000,0
13600,97.537500,55.374996,0.000000,0.000000,0.000000,0
13610,97.537500,55.374996,0.000000,0.000000,0.000000,0
13620,97.537500,55.374996,0.000000,0.000000,0.000000,0
13630,97.537500,55.374996,0.000000,0.000000,0.000000,0
13640,97.537500,55.374996,0.000000,0.000000,0.000000,0
13650,97.537500,55.374996,0.000000,0.000000,0.000000,0
13660,97.537500,55.374996,0.000000,0.000000,0.000000,0
13670,97.537500,55.374996,0.000000,0.000000,0.000000,0
13680,97.537500,55.374996,0.000000,0.000000,0.000000,0
13690,97.537500,55.374996,0.000000,0.000000,0.000000,0
13700,97.537500,55.374996,0.000000,0.000000,0.000000,0
13710,97.537500,55.374996,0.000000,0.000000,0.000000,0
13720,97.537500,55.374996,0.000000,0.000000,0.000000,0
13730,97.537500,55.374996,0.000000,0.000000,0.000000,0
13740,97.537500,55.374996,0.000000,0.000000,0.000000,0
13750,97.537500,55.374996,0.000000,0.000000,0.000000,0
13760,97.537500,55.374996,0.000000,0.000000,0.000000,0
13770,97.537500,55.374996,0.000000,0.000000,0.000000,0
13780,97.537500,55.374996,0.000000,0.000000,0.000000,0
13790,97.537500,55.374996,0.000000,0.000000,0.000000,0
13800,97.537500,55.374996,0.000000,0.000000,0.000000,0
13810,97.537500,55.374996,0.000000,0.000000,0.000000,0
13820,97.537500,55.374996,0.000000,0.000000,0.000000,0
13830,97.537500,55.374996,0.000000,0.000000,0.000000,0
13840,97.537500,55.374996,0.000000,0.000000,0.000000,0
13850,97.537500,55.374996,0.000000,0.000000,0.000000,0
13860,97.537500,55.374996,0.000000,0.000000,0.000000,0
13870,97.537500,55.374996,0.000000,0.000000,0.000000,0
13880,97.537500,55.374996,0.000000,0.000000,0.000000,0
13890,97.537500,55.374996,0.000000,0.000000,0.000000,0
13900,97.537500,55.374996,0.000000,0.000000,0.000000,0
13910,97.537500,55.374996,0.000000,0.000000,0.000000,0
13920,97.537500,55.374996,0.000000,0.000000,0.000000,0
13930,97.537500,55.374996,0.000000,0.000000,0.000000,0
13940,97.537500,55.374996,0.000000,0.000000,0.000000,0
13950,97.537500,55.374996,0.000000,0.000000,0.000000,0
13960,97.537500,55.374996,0.000000,0.000000,0.000000,0
13970,97.537500,55.374996,0.000000,0.000000,0.000000,0
13980,97.537500,55.374996,0.000000,0.000000,0.000000,0
13990,97.537500,55.374996,0.000000,0.000000,0.000000,0
14000,97.537500,55.374996,0.000000,0.000000,0.000000,0
14010,97.537500,55.374996,0.000000,0.000000,0.000000,0
14020,97.537500,55.374996,0.000000,0.000000,0.000000,0
14030,97.537500,55.374996,0.000000,0.000000,0.000000,0
14040,97.537500,55.374996,0.000000,0.000000,0.000000,0
14050,97.537500,55.374996,0.000000,0.000000,0.000000,0
14060,97.537500,55.374996,0.000000,0.000000,0.000000,0
14070,97.537500,55.374996,0.000000,0.000000,0.000000,0
14080,97.537500,55.374996,0.000000,0.000000,0.000000,0
14090,97.537500,55.374996,0.000000,0.000000,0.000000,0
14100,97.537500,55.374996,0.000000,0.000000,0.000000,0
14110,97.537500,55.374996,0.000000,0.000000,0.000000,0
14120,97.537500,55.374996,0.000000,0.000000,0.000000,0
14130,97.537500,55.374996,0.000000,0.000000,0.000000,0
14140,97.537500,55.374996,0.000000,0.000000,0.000000,0
14150,97.537500,55.374996,0.000000,0.000000,0.000000,0
14160,97.537500,55.374996,0.000000,0.000000,0.000000,0
14170,97.537500,55.374996,0.000000,0.000000,0.000000,0
14180,97.537500,55.374996,0.000000,0.000000,0.000000,0
14190,97.537500,55.374996,0.000000,0.000000,0.000000,0
14200,97.537500,55.374996,0.000000,0.000000,0.000000,0
14210,97.537500,55.374996,0.000000,0.000000,0.000000,0
14220,97.537500,55.374996,0.000000,0.000000,0.000000,0
14230,97.537500,55.374996,0.000000,0.000000,0.000000,0
14240,97.537500,55.374996,0.000000,0.000000,0.000000,0
14250,97.537500,55.374996,0.000000,0.000000,0.000000,0
14260,97.537500,55.374996,0.000000,0.000000,0.000000,0
14270,97.537500,55.374996,0.000000,0.000000,0.000000,0
14280,97.537500,55.374996,0.000000,0.000000,0.000000,0
14290,97.537500,55.374996,0.000000,0.000000,0.000000,0
14300,97.537500,55.374996,0.000000,0.000000,0.000000,0
14310,97.537500,55.374996,0.000000,0.000000,0.000000,0
14320,97.537500,55.374996,0.000000,0.000000,0.000000,0
14330,97.537500,55.374996,0.000000,0.000000,0.000000,0
14340,97.537500,55.374996,0.000000,0.000000,0.000000,0
14350,97.537500,55.374996,0.000000,0.000000,0.000000,0
14360,97.537500,55.374996,0.000000,0.000000,0.000000,0
14370,97.537500,55.374996,0.000000,0.000000,0.000000,0
14380,97.537500,55.374996,0.000000,0.000000,0.000000,0
14390,97.537500,55.374996,0.000000,0.000000,0.000000,0
14400,97.537500,55.374996,0.000000,0.000000,0.000000,0
14410,97.537500,55.374996,0.000000,0.000000,0.000000,0
14420,97.537500,55.374996,0.000000,0.000000,0.000000,0
14430,97.537500,55.374996,0.000000,0.000000,0.000000,0
14440,97.537500,55.374996,0.000000,0.000000,0.000000,0
14450,97.537500,55.374996,0.000000,0.000000,0.000000,0
14460,97.537500,55.374996,0.000000,0.000000,0.000000,0
14470,97.537500,55.374996,0.000000,0.000000,0.000000,0
14480,97.537500,55.374996,0.000000,0.000000,0.000000,0
14490,97.537500,55.374996,0.000000,0.000000,0.000000,0
14500,97.537500,55.374996,0.000000,0.000000,0.000000,0
14510,97.537500,55.374996,0.000000,0.000000,0.000000,0
14520,97.537500,55.374996,0.000000,0.000000,0.000000,0
14530,97.537500,55.374996,0.000000,0.000000,0.000000,0
14540,97.537500,55.374996,0.000000,0.000000,0.000000,0
14550,97.537500,55.374996,0.000000,0.000000,0.000000,0
14560,97.537500,55.374996,0.000000,0.000000,0.000000,0
14570,97.537500,55.374996,0.000000,0.000000,0.000000,0
14580,97.537500,55.374996,0.000000,0.000000,0.000000,0
14590,97.537500,55.374996,0.000000,0.000000,0.000000,0
14600,97.537500,55.374996,0.000000,0.000000,0.000000,0
14610,97.537500,55.374996,0.000000,0.000000,0.000000,0
14620,97.537500,55.374996,0.000000,0.000000,0.000000,0
14630,97.537500,55.374996,0.000000,0.000000,0.000000,0
14640,97.537500,55.374996,0.000000,0.000000,0.000000,0
14650,97.537500,55.374996,0.000000,0.000000,0.000000,0
14660,97.537500,55.374996,0.000000,0.000000,0.000000,0
14670,97.537500,55.374996,0.000000,0.000000,0.000000,0
14680,97.537500,55.374996,0.000000,0.000000,0.000000,0
14690,97.537500,55.374996,0.000000,0.000000,0.000000,0
14700,97.537500,55.374996,0.000000,0.000000,0.000000,0
14710,97.537500,55.374996,0.000000,0.000000,0.000000,0
14720,97.537500,55.374996,0.000000,0.000000,0.000000,0
14730,97.537500,55.374996,0.000000,0.000000,0.000000,0
14740,97.537500,55.374996,0.000000,0.000000,0.000000,0
14750,97.537500,55.374996,0.000000,0.000000,0.000000,0
14760,97.537500,55.374996,0.000000,0.000000,0.000000,0
14770,97.537500,55.374996,0.000000,0.000000,0.000000,0
14780,97.537500,55.374996,0.000000,0.000000,0.000000,0
14790,97.537500,55.374996,0.000000,0.000000,0.000000,0
14800,97.537500,55.374996,0.000000,0.000000,0.000000,0
14810,97.537500,55.374996,0.000000,0.000000,0.000000,0
14820,97.537500,55.374996,0.000000,0.000000,0.000000,0
14830,97.537500,55.374996,0.000000,0.000000,0.000000,0
14840,97.537500,55.374996,0.000000,0.000000,0.000000,0
14850,97.537500,55.374996,0.000000,0.000000,0.000000,0
14860,97.537500,55.374996,0.000000,0.000000,0.000000,0
14870,111.825003,90.750000,0.000000,3815.132566,68.006859,0
14880,111.825003,90.750000,0.000000,0.000000,0.000000,0
14890,111.825003,90.750000,0.000000,0.000000,0.000000,0
14900,111.825003,90.750000,0.000000,0.000000,0.000000,0
14910,111.825003,90.750000,0.000000,0.000000,0.000000,0
14920,111.262507,90.750000,0.000000,56.249657,180.000000,0
14930,111.262507,90.750000,0.000000,0.000000,0.000000,0
14940,109.462503,90.499998,0.000000,181.728185,-172.092793,0
14950,109.462503,90.499998,0.000000,0.000000,0.000000,0
14960,106.875007,90.124998,0.000000,261.452930,-171.753668,0
14970,105.975000,90.000000,0.000000,90.864563,-172.093016,0
14980,105.975000,90.000000,0.000000,0.000000,0.000000,0
14990,105.525007,89.874999,0.000000,46.703218,-164.475551,0
15000,105.525007,89.874999,0.000000,0.000000,0.000000,0
15010,104.850007,89.874999,0.000000,67.500000,180.000000,0
15020,104.512507,89.874999,0.000000,33.750000,180.000000,0
15030,104.512507,89.874999,0.000000,0.000000,0.000000,0
15040,104.400003,89.874999,0.000000,11.250343,180.000000,0
15050,104.400003,89.874999,0.000000,0.000000,0.000000,0
15060,104.400003,90.124998,0.000000,24.999905,90.000000,0
15070,104.625000,90.124998,0.000000,22.499657,0.000000,0
15080,104.625000,90.124998,0.000000,0.000000,0.000000,0
15090,104.737503,90.249999,0.000000,16.817331,48.012135,0
15100,104.737503,90.249999,0.000000,0.000000,0.000000,0
15110,104.850007,90.249999,0.000000,11.250343,0.000000,0
15120,104.850007,90.249999,0.000000,0.000000,0.000000,0
15130,104.850007,90.249999,0.000000,0.000000,0.000000,0
15140,104.737503,90.375000,0.000000,16.817331,131.987865,0
15150,104.625000,90.499998,0.000000,16.817118,131.988517,0
15160,104.625000,90.499998,0.000000,0.000000,0.000000,0
15170,104.625000,90.624999,0.330078,12.500095,90.000000,1
15180,104.625000,90.624999,0.330078,0.000000,0.000000,1
15190,104.625000,90.624999,0.330078,0.000000,0.000000,1
15200,104.625000,90.624999,0.330078,0.000000,0.000000,1
15210,104.625000,90.624999,0.330078,0.000000,0.000000,1
15220,104.625000,90.499998,0.670898,12.500095,-90.000000,1
15230,104.625000,90.499998,0.670898,0.000000,0.000000,1
15240,104.962500,90.249999,0.735352,42.000687,-36.528751,1
15250,104.962500,90.249999,0.735352,0.000000,0.000000,1
15260,105.637500,89.874999,0.801758,77.217226,-29.054604,1
15270,106.312500,89.749998,0.840820,68.647668,-10.491555,1
15280,106.312500,89.749998,0.840820,0.000000,0.000000,1
15290,107.100003,89.749998,0.861328,78.750343,0.000000,1
15300,107.100003,89.749998,0.861328,0.000000,0.000000,1
15310,108.225007,90.124998,0.875000,118.585738,18.434896,1
15320,110.362500,90.999999,0.880859,230.965443,22.262156,1
15330,110.362500,90.999999,0.880859,0.000000,0.000000,1
15340,111.825003,91.500000,0.881836,154.561226,18.874542,1
15350,111.825003,91.500000,0.881836,0.000000,0.000000,1
15360,113.175003,92.124999,0.883789,148.765715,24.842356,1
15370,114.525003,92.874999,0.888672,154.434452,29.054604,1
15380,114.525003,92.874999,0.888672,0.000000,0.000000,1
15390,116.100000,93.750000,0.894531,180.173274,29.054684,1
15400,116.100000,93.750000,0.894531,0.000000,0.000000,1
15410,118.237503,94.749999,0.895508,235.985572,25.071841,1
15420,119.587503,95.250000,0.893555,143.961834,20.323172,1
15430,119.587503,95.250000,0.893555,0.000000,0.000000,1
15440,120.712507,95.749998,0.893555,123.110959,23.962343,1
15450,120.712507,95.749998,0.893555,0.000000,0.000000,1
15460,121.837500,96.249999,0.893555,123.110134,23.962659,1
15470,123.525000,96.874998,0.895508,179.952217,20.323108,1
15480,123.525000,96.874998,0.895508,0.000000,0.000000,1
15490,124.650003,97.249998,0.894531,118.585738,18.434896,1
15500,124.650003,97.249998,0.894531,0.000000,0.000000,1
15510,125.662503,97.624998,0.893555,107.971350,20.323137,1
15520,126.450007,97.875000,0.894531,82.623399,17.612632,1
15530,126.450007,97.875000,0.894531,0.000000,0.000000,1
15540,127.125007,98.124999,0.896484,71.980867,20.323066,1
15550,127.125007,98.124999,0.896484,0.000000,0.000000,1
15560,128.250000,98.374998,0.894531,115.243615,12.528835,1
15570,129.037503,98.625000,0.895508,82.623399,17.612632,1
15580,129.037503,98.625000,0.895508,0.000000,0.000000,1
15590,129.825007,98.874999,0.895508,82.623313,17.612443,1
15600,129.825007,98.874999,0.895508,0.000000,0.000000,1
15610,130.387503,99.124998,0.894531,61.555009,23.962538,1
15620,130.950000,99.249999,0.892578,57.621838,12.528974,1
15630,130.950000,99.249999,0.892578,0.000000,0.000000,1
15640,131.175007,99.249999,0.895508,22.500687,0.000000,1
15650,131.175007,99.249999,0.895508,0.000000,0.000000,1
15660,131.287500,99.375000,0.895508,16.816642,48.014744,1
15670,131.400003,99.375000,0.894531,11.250343,0.000000,1
15680,131.400003,99.375000,0.894531,0.000000,0.000000,1
15690,131.400003,99.375000,0.894531,0.000000,0.000000,1
15700,131.400003,99.375000,0.894531,0.000000,0.000000,1
15710,131.625000,99.375000,0.895508,22.499657,0.000000,1
15720,131.625000,99.375000,0.895508,0.000000,0.000000,1
15730,131.625000,99.375000,0.895508,0.000000,0.000000,1
15740,131.625000,99.375000,0.895508,0.000000,0.000000,1
15750,131.625000,99.375000,0.895508,0.000000,0.000000,1
15760,131.625000,99.249999,0.893555,12.500095,-90.000000,1
15770,131.625000,99.000000,0.895508,24.999905,-90.000000,1
15780,131.625000,99.000000,0.895508,0.000000,0.000000,1
15790,131.512507,98.749998,0.897461,27.414532,-114.226273,1
15800,131.512507,98.749998,0.897461,0.000000,0.000000,1
15810,131.175007,98.250000,0.907227,60.324484,-124.019451,1
15820,130.725003,97.624998,0.929688,77.014964,-125.754012,1
15830,130.725003,97.624998,0.929688,0.000000,0.000000,1
15840,130.050003,96.750000,0.942383,110.510030,-127.647681,1
15850,130.050003,96.750000,0.942383,0.000000,0.000000,1
15860,129.262500,95.874999,0.958008,117.719511,-131.987306,1
15870,128.137507,94.624998,0.971680,168.169912,-131.987017,1
15880,128.137507,94.624998,0.971680,0.000000,0.000000,1
15890,127.575000,93.750000,0.974609,104.020942,-122.735601,1
15900,127.575000,93.750000,0.974609,0.000000,0.000000,1
15910,127.012503,93.000000,0.979492,93.749794,-126.869730,1
15920,126.112507,91.624998,0.979492,164.335756,-123.206434,1
15930,126.112507,91.624998,0.979492,0.000000,0.000000,1
15940,125.550000,90.874998,0.983398,93.750412,-126.870233,1
15950,125.550000,90.874998,0.983398,0.000000,0.000000,1
15960,124.987503,90.000000,0.985352,104.020385,-122.735124,1
15970,124.425007,89.124999,0.987305,104.020626,-122.735039,1
15980,124.425007,89.124999,0.987305,0.000000,0.000000,1
15990,124.087507,88.374999,0.991211,82.243921,-114.227745,1
16000,124.087507,88.374999,0.991211,0.000000,0.000000,1
16010,123.750007,87.375000,1.000000,105.541667,-108.649555,1
16020,123.525000,86.625000,1.000000,78.302496,-106.699725,1
16030,123.525000,86.625000,1.000000,0.000000,0.000000,1
16040,123.412507,85.999998,1.000000,63.504495,-100.203334,1
16050,123.412507,85.999998,1.000000,0.000000,0.000000,1
16060,123.300003,85.374996,1.000000,63.504678,-100.204248,1
16070,123.300003,84.499998,1.000000,87.499809,-90.000000,1
16080,123.300003,84.499998,1.000000,0.000000,0.000000,1
16090,123.300003,84.000000,1.000000,49.999809,-90.000000,1
16100,123.300003,84.000000,1.000000,0.000000,0.000000,1
16110,123.412507,83.499996,1.000000,51.250448,-77.319336,1
16120,123.637503,83.124996,1.000000,43.731963,-59.036629,1
16130,123.637503,83.124996,1.000000,0.000000,0.000000,1
16140,123.862500,82.624998,1.000000,54.828966,-65.772500,1
16150,123.862500,82.624998,1.000000,0.000000,0.000000,1
16160,124.200000,82.125000,1.000000,60.324484,-55.980549,1
16170,124.537500,81.375000,1.000000,82.243921,-65.772255,1
16180,124.537500,81.375000,1.000000,0.000000,0.000000,1
16190,124.875000,80.749998,1.000000,71.030531,-61.631027,1
16200,124.875000,80.749998,1.000000,0.000000,0.000000,1
16210,125.212500,79.999998,1.000000,82.243921,-65.772255,1
16220,125.775007,78.999996,1.000000,114.735251,-60.641994,1
16230,125.775007,78.999996,1.000000,0.000000,0.000000,1
16240,126.112507,78.375000,1.000000,71.030028,-61.630807,1
16250,126.112507,78.375000,1.000000,0.000000,0.000000,1
16260,126.562500,77.749998,1.000000,77.014363,-54.246610,1
16270,126.900000,77.124996,1.000000,71.030531,-61.631027,1
16280,126.900000,77.124996,1.000000,0.000000,0.000000,1
16290,127.462507,76.624998,1.000000,75.260353,-41.633084,1
16300,127.462507,76.624998,1.000000,0.000000,0.000000,1
16310,127.800007,75.999996,1.000000,71.030531,-61.631027,1
16320,128.475007,75.249996,1.000000,100.902180,-48.012788,1
16330,128.475007,75.249996,1.000000,0.000000,0.000000,1
16340,128.812507,74.749998,1.000000,60.324484,-55.980549,1
16350,128.812507,74.749998,1.000000,0.000000,0.000000,1
16360,129.262500,74.250000,1.000000,67.267519,-48.013114,1
16370,129.600000,73.749996,1.000000,60.324959,-55.980853,1
16380,129.600000,73.749996,1.000000,0.000000,0.000000,1
16390,130.162507,73.125000,1.000000,84.085326,-48.012266,1
16400,130.162507,73.125000,1.000000,0.000000,0.000000,1
16410,130.500007,72.624996,1.000000,60.324959,-55.980853,1
16420,130.725003,72.124998,1.000000,54.828966,-65.772500,1
16430,130.725003,72.124998,1.000000,0.000000,0.000000,1
16440,130.950000,71.374998,1.000000,78.302200,-73.300996,1
16450,130.950000,71.374998,1.000000,0.000000,0.000000,1
16460,131.175007,70.749996,1.000000,66.427063,-70.200622,1
16470,131.400003,69.499998,1.000000,127.008609,-79.796163,1
16480,131.400003,69.499998,1.000000,0.000000,0.000000,1
16490,131.400003,68.625000,1.000000,87.499809,-90.000000,1
16500,131.400003,68.625000,1.000000,0.000000,0.000000,1
16510,131.400003,67.374996,1.000000,125.000381,-90.000000,1
16520,131.400003,66.000000,1.000000,137.499619,-90.000000,1
16530,131.400003,66.000000,1.000000,0.000000,0.000000,1
16540,130.950000,64.125000,1.000000,192.824482,-103.495832,1
16550,130.950000,64.125000,1.000000,0.000000,0.000000,1
16560,130.500007,62.874996,1.000000,132.853429,-109.798542,1
16570,130.050003,61.749996,1.000000,121.166336,-111.801560,1
16580,130.050003,61.749996,1.000000,0.000000,0.000000,1
16590,129.375003,60.499998,1.000000,142.060559,-118.369083,1
16600,129.375003,60.499998,1.000000,0.000000,0.000000,1
16610,128.812507,59.250000,1.000000,137.072886,-114.227647,1
16620,127.687503,57.499998,1.000000,208.041808,-122.735277,1
16630,127.687503,57.499998,1.000000,0.000000,0.000000,1
16640,126.900000,56.374998,1.000000,137.323948,-124.992138,1
16650,126.900000,56.374998,1.000000,0.000000,0.000000,1
16660,126.225000,55.624998,1.000000,100.902180,-131.987212,1
16670,125.662503,54.999996,1.000000,84.085062,-131.986952,1
16680,125.662503,54.999996,1.000000,0.000000,0.000000,1
16690,124.312503,53.749998,1.000000,183.983565,-137.202642,1
16700,124.312503,53.749998,1.000000,0.000000,0.000000,1
16710,123.412507,52.875000,1.000000,125.523523,-135.806883,1
16720,122.400007,52.125000,1.000000,126.002232,-143.471145,1
16730,122.400007,52.125000,1.000000,0.000000,0.000000,1
16740,121.500000,51.375000,1.000000,117.154273,-140.194644,1
16750,121.500000,51.375000,1.000000,0.000000,0.000000,1
16760,120.712507,51.000000,0.983398,87.222155,-154.536461,1
16770,120.150000,50.749998,0.940430,61.556066,-156.037608,1
16780,120.150000,50.749998,0.940430,0.000000,0.000000,1
16790,119.925003,51.249996,0.765625,54.828966,114.227500,1
16800,120.037507,51.874998,0.000000,63.504678,79.795752,0
16810,120.037507,51.874998,0.000000,0.000000,0.000000,0
16820,120.262503,52.624998,0.000000,78.302200,73.300996,0
16830,120.262503,52.624998,0.000000,0.000000,0.000000,0
16840,120.712507,54.499998,0.000000,192.824482,76.504168,0
16850,120.712507,54.499998,0.000000,0.000000,0.000000,0
16860,120.712507,57.375000,0.000000,287.500191,90.000000,0
16870,120.712507,60.499998,0.000000,312.499809,90.000000,0
16880,120.712507,60.499998,0.000000,0.000000,0.000000,0
16890,120.712507,62.625000,0.000000,212.500191,90.000000,0
16900,120.712507,62.625000,0.000000,0.000000,0.000000,0
16910,120.712507,64.125000,0.000000,150.000000,90.000000,0
16920,120.150000,65.250000,0.000000,125.779131,116.565331,0
16930,120.150000,65.250000,0.000000,0.000000,0.000000,0
16940,120.150000,65.250000,0.000000,0.000000,0.000000,0
16950,120.150000,65.250000,0.000000,0.000000,0.000000,0
16960,120.150000,65.250000,0.000000,0.000000,0.000000,0
16970,120.150000,65.250000,0.000000,0.000000,0.000000,0
16980,120.150000,65.250000,0.000000,0.000000,0.000000,0
16990,108.562507,67.249998,0.000000,1175.882603,170.207248,0
17000,108.562507,67.249998,0.000000,0.000000,0.000000,0
17010,107.887507,67.249998,0.000000,67.500000,180.000000,0
17020,107.775003,67.125000,0.000000,16.817118,-131.988517,0
17030,107.775003,67.125000,0.000000,0.000000,0.000000,0
17040,107.550007,67.125000,0.000000,22.499657,180.000000,0
17050,107.100003,67.125000,0.000000,45.000343,180.000000,0
17060,107.100003,67.125000,0.000000,0.000000,0.000000,0
17070,106.762503,67.125000,0.000000,33.750000,180.000000,0
17080,106.762503,67.125000,0.000000,0.000000,0.000000,0
17090,106.425003,67.749996,0.000000,71.030028,118.369193,0
17100,106.425003,67.749996,0.000000,0.000000,0.000000,0
17110,106.200007,68.124996,0.000000,43.731963,120.963371,0
17120,106.087503,68.374998,0.000000,27.414955,114.228236,0
17130,106.087503,68.374998,0.000000,0.000000,0.000000,0
17140,105.750003,68.374998,0.000000,33.750000,180.000000,0
17150,105.750003,68.374998,0.000000,0.000000,0.000000,0
17160,105.075003,68.499996,0.000000,68.647616,169.508680,0
17170,104.400003,68.499996,0.000000,67.500000,180.000000,0
17180,104.400003,68.499996,0.000000,0.000000,0.000000,0
17190,103.725003,68.499996,0.000000,67.500000,180.000000,0
17200,103.162507,68.499996,0.000000,56.249657,180.000000,0
17210,103.162507,68.499996,0.000000,0.000000,0.000000,0
17220,102.712503,68.499996,0.000000,45.000343,180.000000,0
17230,102.712503,68.499996,0.000000,0.000000,0.000000,0
17240,102.375003,68.499996,0.000000,33.750000,180.000000,0
17250,102.262500,68.499996,0.582031,11.250343,180.000000,1
17260,102.262500,68.499996,0.582031,0.000000,0.000000,1
17270,102.262500,68.499996,0.582031,0.000000,0.000000,1
17280,102.262500,68.499996,0.582031,0.000000,0.000000,1
17290,102.262500,68.499996,0.582031,0.000000,0.000000,1
17300,102.262500,68.499996,0.582031,0.000000,0.000000,1
17310,103.725003,68.499996,0.796875,146.250343,0.000000,1
17320,105.300000,68.625000,0.828125,157.994941,4.537920,1
17330,105.300000,68.625000,0.828125,0.000000,0.000000,1
17340,106.875007,68.874996,0.869141,159.472403,9.019148,1
17350,108.450003,69.249996,0.897461,161.902415,13.392526,1
17360,108.450003,69.249996,0.897461,0.000000,0.000000,1
17370,111.150003,70.125000,0.920898,283.824447,17.956238,1
17380,111.150003,70.125000,0.920898,0.000000,0.000000,1
17390,113.062500,70.624998,0.929688,197.677546,14.651330,1
17400,113.062500,70.624998,0.929688,0.000000,0.000000,1
17410,114.975007,71.250000,0.932617,201.204123,18.097247,1
17420,116.887503,71.874996,0.938477,201.202966,18.097184,1
17430,116.887503,71.874996,0.938477,0.000000,0.000000,1
17440,119.025007,72.499998,0.945313,222.700434,16.298819,1
17450,119.025007,72.499998,0.945313,0.000000,0.000000,1
17460,121.950003,73.374996,0.945313,305.306839,16.654291,1
17470,123.750007,73.875000,0.948242,186.815850,15.524196,1
17480,123.750007,73.875000,0.948242,0.000000,0.000000,1
17490,125.550000,74.374998,0.950195,186.814704,15.524111,1
17500,125.550000,74.374998,0.950195,0.000000,0.000000,1
17510,127.125007,74.874996,0.950195,165.246625,17.612443,1
17520,128.812507,75.375000,0.950195,176.001706,16.504480,1
17530,128.812507,75.375000,0.950195,0.000000,0.000000,1
17540,131.287500,76.249998,0.957031,262.511194,19.470313,1
17550,131.287500,76.249998,0.957031,0.000000,0.000000,1
17560,132.975000,76.749996,0.959961,176.001544,16.504302,1
17570,134.662500,77.124996,0.960938,172.866459,12.528808,1
17580,134.662500,77.124996,0.960938,0.000000,0.000000,1
17590,136.237507,77.625000,0.964844,165.246799,17.612632,1
17600,138.487503,78.124998,0.971680,230.488235,12.528780,1
17610,138.487503,78.124998,0.971680,0.000000,0.000000,1
17620,140.062500,78.499998,0.977539,161.902415,13.392526,1
17630,140.062500,78.499998,0.977539,0.000000,0.000000,1
17640,141.637507,78.874998,0.977539,161.903417,13.392441,1
17650,143.212503,79.125000,0.982422,159.471475,9.019409,1
17660,143.212503,79.125000,0.982422,0.000000,0.000000,1
17670,144.562503,79.249998,0.990234,135.577451,5.290001,1
17680,144.562503,79.249998,0.990234,0.000000,0.000000,1
17690,146.700007,79.500000,1.000000,215.207386,6.670992,1
17700,146.700007,79.500000,1.000000,0.000000,0.000000,1
17710,148.162500,79.624998,1.000000,146.782516,4.885151,1
17720,149.512500,79.749996,1.000000,135.577451,5.290001,1
17730,149.512500,79.749996,1.000000,0.000000,0.000000,1
17740,150.862500,79.749996,1.000000,135.000000,0.000000,1
17750,152.775007,79.749996,1.000000,191.250687,0.000000,1
17760,152.775007,79.749996,1.000000,0.000000,0.000000,1
17770,153.900000,79.624998,1.000000,113.191611,-6.340134,1
17780,153.900000,79.624998,1.000000,0.000000,0.000000,1
17790,154.912500,79.624998,1.000000,101.250000,0.000000,1
17800,154.912500,79.624998,1.000000,0.000000,0.000000,1
17810,155.587500,79.500000,1.000000,68.647616,-10.491320,1
17820,156.262500,79.374996,1.000000,68.647721,-10.491790,1
17830,156.262500,79.374996,1.000000,0.000000,0.000000,1
17840,156.937500,79.374996,1.000000,67.500000,0.000000,1
17850,156.937500,79.374996,1.000000,0.000000,0.000000,1
17860,157.612500,79.249998,1.000000,68.647616,-10.491320,1
17870,157.725003,79.374996,0.996094,16.817118,48.011483,1
17880,157.387503,79.624998,0.000000,42.000858,143.470936,0
17890,157.387503,79.624998,0.000000,0.000000,0.000000,0
17900,155.025003,81.124998,0.000000,279.846498,147.587693,0
17910,155.025003,81.124998,0.000000,0.000000,0.000000,0
17920,154.462507,81.624996,0.000000,75.259583,138.366396,0
17930,154.462507,81.624996,0.000000,0.000000,0.000000,0
17940,154.462507,81.624996,0.000000,0.000000,0.000000,0
17950,154.462507,81.624996,0.000000,0.000000,0.000000,0
17960,154.462507,81.624996,0.000000,0.000000,0.000000,0
17970,154.462507,81.624996,0.000000,0.000000,0.000000,0
17980,154.462507,81.624996,0.000000,0.000000,0.000000,0
17990,154.462507,81.624996,0.000000,0.000000,0.000000,0
18000,154.462507,81.624996,0.000000,0.000000,0.000000,0
18010,154.462507,81.624996,0.000000,0.000000,0.000000,0
18020,154.462507,81.624996,0.000000,0.000000,0.000000,0
18030,154.462507,81.624996,0.000000,0.000000,0.000000,0
18040,154.462507,81.624996,0.000000,0.000000,0.000000,0
18050,154.462507,81.624996,0.000000,0.000000,0.000000,0
18060,154.462507,81.624996,0.000000,0.000000,0.000000,0
18070,154.462507,81.624996,0.000000,0.000000,0.000000,0
18080,154.462507,81.624996,0.000000,0.000000,0.000000,0
18090,154.462507,81.624996,0.000000,0.000000,0.000000,0
18100,154.462507,81.624996,0.000000,0.000000,0.000000,0
18110,154.462507,81.624996,0.000000,0.000000,0.000000,0
18120,154.462507,81.624996,0.000000,0.000000,0.000000,0
18130,154.462507,81.624996,0.000000,0.000000,0.000000,0
18140,154.462507,81.624996,0.000000,0.000000,0.000000,0
18150,154.462507,81.624996,0.000000,0.000000,0.000000,0
18160,154.462507,81.624996,0.000000,0.000000,0.000000,0
18170,154.462507,81.624996,0.000000,0.000000,0.000000,0
18180,154.462507,81.624996,0.000000,0.000000,0.000000,0
18190,154.462507,81.624996,0.000000,0.000000,0.000000,0
18200,154.462507,81.624996,0.000000,0.000000,0.000000,0
18210,154.462507,81.624996,0.000000,0.000000,0.000000,0
18220,154.462507,81.624996,0.000000,0.000000,0.000000,0
18230,154.462507,81.624996,0.000000,0.000000,0.000000,0
18240,154.462507,81.624996,0.000000,0.000000,0.000000,0
18250,154.462507,81.624996,0.000000,0.000000,0.000000,0
18260,154.462507,81.624996,0.000000,0.000000,0.000000,0
18270,154.462507,81.624996,0.000000,0.000000,0.000000,0
18280,154.462507,81.624996,0.000000,0.000000,0.000000,0
18290,154.462507,81.624996,0.000000,0.000000,0.000000,0
18300,154.462507,81.624996,0.000000,0.000000,0.000000,0
18310,154.462507,81.624996,0.000000,0.000000,0.000000,0
18320,154.462507,81.624996,0.000000,0.000000,0.000000,0
18330,154.462507,81.624996,0.000000,0.000000,0.000000,0
18340,154.462507,81.624996,0.000000,0.000000,0.000000,0
18350,154.462507,81.624996,0.000000,0.000000,0.000000,0
18360,154.462507,81.624996,0.000000,0.000000,0.000000,0
18370,154.462507,81.624996,0.000000,0.000000,0.000000,0
18380,154.462507,81.624996,0.000000,0.000000,0.000000,0
18390,154.462507,81.624996,0.000000,0.000000,0.000000,0
18400,154.462507,81.624996,0.000000,0.000000,0.000000,0
18410,154.462507,81.624996,0.000000,0.000000,0.000000,0
18420,154.462507,81.624996,0.000000,0.000000,0.000000,0
18430,154.462507,81.624996,0.000000,0.000000,0.000000,0
18440,154.462507,81.624996,0.000000,0.000000,0.000000,0
18450,154.462507,81.624996,0.000000,0.000000,0.000000,0
18460,154.462507,81.624996,0.000000,0.000000,0.000000,0
18470,154.462507,81.624996,0.000000,0.000000,0.000000,0
18480,154.462507,81.624996,0.000000,0.000000,0.000000,0
18490,154.462507,81.624996,0.000000,0.000000,0.000000,0
18500,154.462507,81.624996,0.000000,0.000000,0.000000,0
18510,154.462507,81.624996,0.000000,0.000000,0.000000,0
18520,154.462507,81.624996,0.000000,0.000000,0.000000,0
18530,154.462507,81.624996,0.000000,0.000000,0.000000,0
18540,154.462507,81.624996,0.000000,0.000000,0.000000,0
18550,154.462507,81.624996,0.000000,0.000000,0.000000,0
18560,154.462507,81.624996,0.000000,0.000000,0.000000,0
18570,154.462507,81.624996,0.000000,0.000000,0.000000,0
18580,154.462507,81.624996,0.000000,0.000000,0.000000,0
18590,154.462507,81.624996,0.000000,0.000000,0.000000,0
18600,154.462507,81.624996,0.000000,0.000000,0.000000,0
18610,154.462507,81.624996,0.000000,0.000000,0.000000,0
18620,154.462507,81.624996,0.000000,0.000000,0.000000,0
18630,154.462507,81.624996,0.000000,0.000000,0.000000,0
18640,154.462507,81.624996,0.000000,0.000000,0.000000,0
18650,154.462507,81.624996,0.000000,0.000000,0.000000,0
18660,154.462507,81.624996,0.000000,0.000000,0.000000,0
18670,154.462507,81.624996,0.000000,0.000000,0.000000,0
18680,154.462507,81.624996,0.000000,0.000000,0.000000,0
18690,154.462507,81.624996,0.000000,0.000000,0.000000,0
18700,154.462507,81.624996,0.000000,0.000000,0.000000,0
18710,154.462507,81.624996,0.000000,0.000000,0.000000,0
18720,154.462507,81.624996,0.000000,0.000000,0.000000,0
18730,154.462507,81.624996,0.000000,0.000000,0.000000,0
18740,154.462507,81.624996,0.000000,0.000000,0.000000,0
18750,154.462507,81.624996,0.000000,0.000000,0.000000,0
18760,154.462507,81.624996,0.000000,0.000000,0.000000,0
18770,154.462507,81.624996,0.000000,0.000000,0.000000,0
18780,154.462507,81.624996,0.000000,0.000000,0.000000,0
18790,154.462507,81.624996,0.000000,0.000000,0.000000,0
18800,154.462507,81.624996,0.000000,0.000000,0.000000,0
18810,154.462507,81.624996,0.000000,0.000000,0.000000,0
18820,154.462507,81.624996,0.000000,0.000000,0.000000,0
18830,154.462507,81.624996,0.000000,0.000000,0.000000,0
18840,154.462507,81.624996,0.000000,0.000000,0.000000,0
18850,154.462507,81.624996,0.000000,0.000000,0.000000,0
18860,154.462507,81.624996,0.000000,0.000000,0.000000,0
18870,154.462507,81.624996,0.000000,0.000000,0.000000,0
18880,154.462507,81.624996,0.000000,0.000000,0.000000,0
18890,154.462507,81.624996,0.000000,0.000000,0.000000,0
18900,154.462507,81.624996,0.000000,0.000000,0.000000,0
18910,154.462507,81.624996,0.000000,0.000000,0.000000,0
18920,154.462507,81.624996,0.000000,0.000000,0.000000,0
18930,154.462507,81.624996,0.000000,0.000000,0.000000,0
18940,154.462507,81.624996,0.000000,0.000000,0.000000,0
18950,154.462507,81.624996,0.000000,0.000000,0.000000,0
18960,154.462507,81.624996,0.000000,0.000000,0.000000,0
18970,154.462507,81.624996,0.000000,0.000000,0.000000,0
18980,154.462507,81.624996,0.000000,0.000000,0.000000,0
18990,154.462507,81.624996,0.000000,0.000000,0.000000,0
19000,154.462507,81.624996,0.000000,0.000000,0.000000,0
19010,154.462507,81.624996,0.000000,0.000000,0.000000,0
19020,154.462507,81.624996,0.000000,0.000000,0.000000,0
19030,154.462507,81.624996,0.000000,0.000000,0.000000,0
19040,195.412500,117.000000,0.000000,5411.370282,40.822376,0
19050,195.637507,117.000000,0.000000,22.500687,0.000000,0
19060,195.637507,117.000000,0.000000,0.000000,0.000000,0
19070,196.425000,116.874999,0.000000,79.735229,-9.019467,0
19080,196.425000,116.874999,0.000000,0.000000,0.000000,0
19090,197.437500,116.874999,0.000000,101.250000,0.000000,0
19100,198.112500,116.750000,0.000000,68.647642,-10.491438,0
19110,198.112500,116.750000,0.000000,0.000000,0.000000,0
19120,199.012507,116.375000,0.000000,97.500634,-22.619710,0
19130,199.012507,116.375000,0.000000,0.000000,0.000000,0
19140,199.237514,116.375000,0.000000,22.500687,0.000000,0
19150,199.237514,116.250000,0.000000,12.499952,-90.000000,0
19160,199.237514,116.250000,0.000000,0.000000,0.000000,0
19170,199.012507,116.124999,0.000000,25.739722,-150.945953,0
19180,199.012507,116.124999,0.000000,0.000000,0.000000,0
19190,198.450000,116.124999,0.000000,56.250687,180.000000,0
19200,197.775000,116.124999,0.000000,67.500000,180.000000,0
19210,197.775000,116.124999,0.000000,0.000000,0.000000,0
19220,196.537514,116.250000,0.000000,124.378354,174.232004,0
19230,196.537514,116.250000,0.000000,0.000000,0.000000,0
19240,195.862514,116.375000,0.000000,68.647642,169.508562,0
19250,195.187514,116.499999,0.000000,68.647642,169.508562,0
19260,195.187514,116.499999,0.000000,0.000000,0.000000,0
19270,194.625007,116.625000,0.000000,57.622844,167.471248,0
19280,194.625007,116.625000,0.000000,0.000000,0.000000,0
19290,194.175014,116.625000,0.000000,44.999313,180.000000,0
19300,193.950007,116.750000,0.000000,25.739652,150.946231,0
19310,193.950007,116.750000,0.000000,0.000000,0.000000,0
19320,193.950007,116.750000,0.000000,0.000000,0.000000,0
19330,194.062500,116.750000,0.000000,11.249313,0.000000,0
19340,194.062500,116.750000,0.000000,0.000000,0.000000,0
19350,194.175014,116.874999,0.000000,16.817913,48.009201,0
19360,194.287507,116.874999,0.000000,11.249313,0.000000,0
19370,194.400000,116.874999,0.000000,11.249313,0.000000,0
19380,194.400000,116.874999,0.000000,0.000000,0.000000,0
19390,194.625007,116.874999,0.000000,22.500687,0.000000,0
19400,194.737500,117.000000,0.000000,16.816642,48.014744,0
19410,194.737500,117.000000,0.000000,0.000000,0.000000,0
19420,194.737500,117.000000,0.000000,0.000000,0.000000,0
19430,194.737500,117.000000,0.000000,0.000000,0.000000,0
19440,194.737500,117.000000,0.000000,0.000000,0.000000,0
19450,194.737500,117.000000,0.000000,0.000000,0.000000,0
19460,194.625007,117.000000,0.000000,11.249313,180.000000,0
19470,194.512514,117.125000,0.000000,16.816535,131.985582,0
19480,194.512514,117.125000,0.000000,0.000000,0.000000,0
19490,194.287507,117.125000,0.000000,22.500687,180.000000,0
19500,194.175014,117.249999,0.000000,16.816535,131.985582,0
19510,194.175014,117.249999,0.000000,0.000000,0.000000,0
19520,194.062500,117.500000,0.000000,27.415247,114.230322,0
19530,194.062500,117.500000,0.000000,0.000000,0.000000,0
19540,193.950007,117.624999,0.000000,16.816535,131.985582,0
19550,193.950007,117.624999,0.000000,0.000000,0.000000,0
19560,193.950007,117.500000,0.468750,12.499952,-90.000000,1
19570,193.950007,117.500000,0.468750,0.000000,0.000000,1
19580,193.950007,117.500000,0.468750,0.000000,0.000000,1
19590,193.950007,117.500000,0.468750,0.000000,0.000000,1
19600,193.950007,117.500000,0.468750,0.000000,0.000000,1
19610,193.950007,117.500000,0.468750,0.000000,0.000000,1
19620,194.175014,117.500000,0.774414,22.500687,0.000000,1
19630,194.175014,117.500000,0.774414,0.000000,0.000000,1
19640,194.400000,117.375000,0.803711,25.737852,-29.055996,1
19650,194.737500,117.249999,0.855469,35.990483,-20.323279,1
19660,194.737500,117.249999,0.855469,0.000000,0.000000,1
19670,195.300007,116.625000,0.935547,84.085539,-48.012396,1
19680,195.300007,116.625000,0.935547,0.000000,0.000000,1
19690,195.637507,116.250000,0.963867,50.451090,-48.012788,1
19700,196.087500,115.875000,0.989258,58.576345,-39.806001,1
19710,196.087500,115.875000,0.989258,0.000000,0.000000,1
19720,196.425000,115.374999,0.989258,60.324722,-55.980701,1
19730,196.425000,115.374999,0.989258,0.000000,0.000000,1
19740,196.762500,114.750000,1.000000,71.030279,-61.630917,1
19750,197.325007,113.625000,1.000000,125.779131,-63.434669,1
19760,197.325007,113.625000,1.000000,0.000000,0.000000,1
19770,197.550014,112.749999,1.000000,90.346818,-75.578820,1
19780,197.550014,112.749999,1.000000,0.000000,0.000000,1
19790,197.662507,111.875000,1.000000,88.220115,-82.674032,1
19800,197.662507,111.000000,1.000000,87.499952,-90.000000,1
19810,197.662507,111.000000,1.000000,0.000000,0.000000,1
19820,197.775000,109.999998,1.000000,100.630936,-83.581614,1
19830,197.775000,109.999998,1.000000,0.000000,0.000000,1
19840,197.775000,109.624998,1.000000,37.500000,-90.000000,1
19850,197.775000,109.374999,1.000000,24.999905,-90.000000,1
19860,197.775000,109.374999,1.000000,0.000000,0.000000,1
19870,197.775000,109.374999,1.000000,0.000000,0.000000,1
19880,197.775000,109.374999,1.000000,0.000000,0.000000,1
19890,197.437500,109.374999,0.000000,33.750000,180.000000,0
19900,197.212514,109.624998,0.000000,33.633071,131.985582,0
19910,197.212514,109.624998,0.000000,0.000000,0.000000,0
19920,197.212514,109.749999,0.000000,12.500095,90.000000,0
19930,197.212514,109.749999,0.000000,0.000000,0.000000,0
19940,197.212514,109.749999,0.000000,0.000000,0.000000,0
19950,197.325007,109.875000,0.000000,16.816642,48.014744,0
19960,197.325007,109.999998,0.000000,12.499809,90.000000,0
19970,197.550014,109.999998,0.000000,22.500687,0.000000,0
19980,197.550014,109.999998,0.000000,0.000000,0.000000,0
19990,197.550014,109.999998,0.000000,0.000000,0.000000,0
20000,197.550014,109.999998,0.000000,0.000000,0.000000,0
20010,197.550014,109.999998,0.000000,0.000000,0.000000,0
20020,197.550014,109.999998,0.000000,0.000000,0.000000,0
20030,197.550014,109.999998,0.000000,0.000000,0.000000,0
20040,197.550014,109.999998,0.000000,0.000000,0.000000,0
20050,197.550014,109.999998,0.000000,0.000000,0.000000,0
20060,197.550014,109.999998,0.000000,0.000000,0.000000,0
20070,197.550014,109.999998,0.000000,0.000000,0.000000,0
20080,197.550014,109.999998,0.000000,0.000000,0.000000,0
20090,197.550014,109.999998,0.000000,0.000000,0.000000,0
20100,197.550014,109.999998,0.000000,0.000000,0.000000,0
20110,197.550014,109.999998,0.000000,0.000000,0.000000,0
20120,197.550014,109.999998,0.000000,0.000000,0.000000,0
20130,197.550014,109.999998,0.000000,0.000000,0.000000,0
20140,197.550014,109.999998,0.000000,0.000000,0.000000,0
20150,197.550014,109.999998,0.000000,0.000000,0.000000,0
20160,197.550014,109.999998,0.000000,0.000000,0.000000,0
20170,197.550014,109.999998,0.000000,0.000000,0.000000,0
20180,197.550014,109.999998,0.000000,0.000000,0.000000,0
20190,197.550014,109.999998,0.000000,0.000000,0.000000,0
20200,197.550014,109.999998,0.000000,0.000000,0.000000,0
20210,197.550014,109.999998,0.000000,0.000000,0.000000,0
20220,197.550014,109.999998,0.000000,0.000000,0.000000,0
20230,197.550014,109.999998,0.000000,0.000000,0.000000,0
20240,197.550014,109.999998,0.000000,0.000000,0.000000,0
20250,197.550014,109.999998,0.000000,0.000000,0.000000,0
20260,197.550014,109.999998,0.000000,0.000000,0.000000,0
20270,197.550014,109.999998,0.000000,0.000000,0.000000,0
20280,197.550014,109.999998,0.000000,0.000000,0.000000,0
20290,197.550014,109.999998,0.000000,0.000000,0.000000,0
20300,197.550014,109.999998,0.000000,0.000000,0.000000,0
20310,197.550014,109.999998,0.000000,0.000000,0.000000,0
20320,197.550014,109.999998,0.000000,0.000000,0.000000,0
20330,197.550014,109.999998,0.000000,0.000000,0.000000,0
20340,197.550014,109.999998,0.000000,0.000000,0.000000,0
20350,197.550014,109.999998,0.000000,0.000000,0.000000,0
20360,197.550014,109.999998,0.000000,0.000000,0.000000,0
20370,197.550014,109.999998,0.000000,0.000000,0.000000,0
20380,197.550014,109.999998,0.000000,0.000000,0.000000,0
20390,197.550014,109.999998,0.000000,0.000000,0.000000,0
20400,197.550014,109.999998,0.000000,0.000000,0.000000,0
20410,197.550014,109.999998,0.000000,0.000000,0.000000,0
20420,197.550014,109.999998,0.000000,0.000000,0.000000,0
20430,197.550014,109.999998,0.000000,0.000000,0.000000,0
20440,197.550014,109.999998,0.000000,0.000000,0.000000,0
20450,197.550014,109.999998,0.000000,0.000000,0.000000,0
20460,197.550014,109.999998,0.000000,0.000000,0.000000,0
20470,197.550014,109.999998,0.000000,0.000000,0.000000,0
20480,197.550014,109.999998,0.000000,0.000000,0.000000,0
20490,197.550014,109.999998,0.000000,0.000000,0.000000,0
20500,197.550014,109.999998,0.000000,0.000000,0.000000,0
20510,197.550014,109.999998,0.000000,0.000000,0.000000,0
20520,197.550014,109.999998,0.000000,0.000000,0.000000,0
20530,197.550014,109.999998,0.000000,0.000000,0.000000,0
20540,197.550014,109.999998,0.000000,0.000000,0.000000,0
20550,197.550014,109.999998,0.000000,0.000000,0.000000,0
20560,197.550014,109.999998,0.000000,0.000000,0.000000,0
20570,197.550014,109.999998,0.000000,0.000000,0.000000,0
20580,197.550014,109.999998,0.000000,0.000000,0.000000,0
20590,197.550014,109.999998,0.000000,0.000000,0.000000,0
20600,197.550014,109.999998,0.000000,0.000000,0.000000,0
20610,197.550014,109.999998,0.000000,0.000000,0.000000,0
20620,197.550014,109.999998,0.000000,0.000000,0.000000,0
20630,197.550014,109.999998,0.000000,0.000000,0.000000,0
20640,197.550014,109.999998,0.000000,0.000000,0.000000,0
20650,197.550014,109.999998,0.000000,0.000000,0.000000,0
20660,197.550014,109.999998,0.000000,0.000000,0.000000,0
20670,197.550014,109.999998,0.000000,0.000000,0.000000,0
20680,197.550014,109.999998,0.000000,0.000000,0.000000,0
20690,197.550014,109.999998,0.000000,0.000000,0.000000,0
20700,197.550014,109.999998,0.000000,0.000000,0.000000,0
20710,197.550014,109.999998,0.000000,0.000000,0.000000,0
20720,197.550014,109.999998,0.000000,0.000000,0.000000,0
20730,197.550014,109.999998,0.000000,0.000000,0.000000,0
20740,197.550014,109.999998,0.000000,0.000000,0.000000,0
20750,197.550014,109.999998,0.000000,0.000000,0.000000,0
20760,197.550014,109.999998,0.000000,0.000000,0.000000,0
20770,197.550014,109.999998,0.000000,0.000000,0.000000,0
20780,197.550014,109.999998,0.000000,0.000000,0.000000,0
20790,197.550014,109.999998,0.000000,0.000000,0.000000,0
20800,197.550014,109.999998,0.000000,0.000000,0.000000,0
20810,197.550014,109.999998,0.000000,0.000000,0.000000,0
20820,197.550014,109.999998,0.000000,0.000000,0.000000,0
20830,175.162500,97.249998,0.000000,2576.360361,-150.337886,0
20840,175.275014,97.125000,0.000000,16.817807,-48.008875,0
20850,175.387507,97.125000,0.000000,11.249313,0.000000,0
20860,175.387507,97.125000,0.000000,0.000000,0.000000,0
20870,175.500000,97.125000,0.000000,11.249313,0.000000,0
20880,175.500000,97.125000,0.000000,0.000000,0.000000,0
20890,175.500000,97.125000,0.000000,0.000000,0.000000,0
20900,175.725007,97.125000,0.000000,22.500687,0.000000,0
20910,175.725007,97.125000,0.000000,0.000000,0.000000,0
20920,175.500000,97.125000,0.000000,22.500687,180.000000,0
20930,175.050007,97.125000,0.000000,44.999313,180.000000,0
20940,174.825000,97.125000,0.000000,22.500687,180.000000,0
20950,174.150000,97.125000,0.000000,67.500000,180.000000,0
20960,174.150000,97.125000,0.000000,0.000000,0.000000,0
20970,173.362507,97.249998,0.000000,79.735184,170.980736,0
20980,173.362507,97.249998,0.000000,0.000000,0.000000,0
20990,172.687507,97.374999,0.000000,68.647668,169.508445,0
21000,171.787500,97.624998,0.000000,93.408345,164.476058,0
21010,171.787500,97.624998,0.000000,0.000000,0.000000,0
21020,171.562503,97.749999,0.000000,25.738822,150.944839,0
21030,171.562503,97.749999,0.000000,0.000000,0.000000,0
21040,171.337507,97.999998,0.000000,33.633760,131.986886,0
21050,171.225003,98.124999,0.000000,16.817331,131.987865,0
21060,171.225003,98.124999,0.000000,0.000000,0.000000,0
21070,171.000007,98.250000,0.000000,25.738822,150.944839,0
21080,171.000007,98.250000,0.000000,0.000000,0.000000,0
21090,170.887503,98.374998,0.000000,16.817118,131.988517,0
21100,170.775000,98.499999,0.000000,16.817331,131.987865,0
21110,170.775000,98.499999,0.000000,0.000000,0.000000,0
21120,170.662507,98.499999,0.000000,11.249313,180.000000,0
21130,170.662507,98.499999,0.000000,0.000000,0.000000,0
21140,170.550003,98.749998,0.000000,27.414694,114.228481,0
21150,170.437500,98.874999,0.000000,16.817331,131.987865,0
21160,170.437500,98.874999,0.000000,0.000000,0.000000,0
21170,170.325007,99.249999,0.000000,39.150952,106.698282,0
21180,170.325007,99.249999,0.000000,0.000000,0.000000,0
21190,170.325007,99.624999,0.000000,37.500000,90.000000,0
21200,170.550003,99.874998,0.000000,33.633760,48.013114,0
21210,170.550003,99.999999,0.383789,12.500095,90.000000,1
21220,170.550003,99.999999,0.383789,0.000000,0.000000,1
21230,170.550003,99.999999,0.383789,0.000000,0.000000,1
21240,170.550003,99.999999,0.383789,0.000000,0.000000,1
21250,170.550003,99.999999,0.383789,0.000000,0.000000,1
21260,170.550003,99.999999,0.383789,0.000000,0.000000,1
21270,170.550003,99.999999,0.383789,0.000000,0.000000,1
21280,170.550003,99.999999,0.383789,0.000000,0.000000,1
21290,169.875003,99.124998,0.675781,110.510256,-127.647590,1
21300,169.537503,98.499999,0.734375,71.030279,-118.369083,1
21310,169.537503,98.499999,0.734375,0.000000,0.000000,1
21320,169.425000,98.124999,0.758789,39.151248,-106.699725,1
21330,169.425000,98.124999,0.758789,0.000000,0.000000,1
21340,169.425000,97.749999,0.763672,37.500000,-90.000000,1
21350,169.650007,97.374999,0.775391,43.732492,-59.035472,1
21360,169.650007,97.374999,0.775391,0.000000,0.000000,1
21370,170.662507,97.249998,0.811523,102.018699,-7.037994,1
21380,170.662507,97.249998,0.811523,0.000000,0.000000,1
21390,172.012507,97.374999,0.841797,135.577477,5.290121,1
21400,173.587514,97.749999,0.848633,161.903417,13.392441,1
21410,173.587514,97.749999,0.848633,0.000000,0.000000,1
21420,174.937514,98.124999,0.848633,140.111563,15.524111,1
21430,174.937514,98.124999,0.848633,0.000000,0.000000,1
21440,176.175000,98.374998,0.852539,126.248635,11.421267,1
21450,178.537500,98.874999,0.854492,241.483068,11.949779,1
21460,178.537500,98.874999,0.854492,0.000000,0.000000,1
21470,180.225000,99.375000,0.859375,176.001625,16.504391,1
21480,182.137507,99.874998,0.859375,197.678542,14.651255,1
21490,182.137507,99.874998,0.859375,0.000000,0.000000,1
21500,184.162507,100.500000,0.863281,211.925751,17.152471,1
21510,184.162507,100.500000,0.863281,0.000000,0.000000,1
21520,187.537507,101.499999,0.868164,352.003169,16.504346,1
21530,187.537507,101.499999,0.868164,0.000000,0.000000,1
21540,190.012500,102.249999,0.868164,258.613438,16.858443,1
21550,192.712500,102.999999,0.868164,280.223125,15.524111,1
21560,192.712500,102.999999,0.868164,0.000000,0.000000,1
21570,195.412500,103.749999,0.868164,280.223125,15.524111,1
21580,195.412500,103.749999,0.868164,0.000000,0.000000,1
21590,198.112500,104.625000,0.867188,283.824359,17.956183,1
21600,201.712507,105.499998,0.864258,370.481728,13.661100,1
21610,201.712507,105.499998,0.864258,0.000000,0.000000,1
21620,203.850000,105.999999,0.868164,219.519426,13.165860,1
21630,203.850000,105.999999,0.868164,0.000000,0.000000,1
21640,206.100007,106.500000,0.868164,230.489302,12.528794,1
21650,208.350014,106.999998,0.866211,230.489240,12.528724,1
21660,208.350014,106.999998,0.866211,0.000000,0.000000,1
21670,211.500007,107.749998,0.867188,323.804829,13.392526,1
21680,211.500007,107.749998,0.867188,0.000000,0.000000,1
21690,213.750014,108.249999,0.867188,230.489302,12.528794,1
21700,215.437514,108.624999,0.871094,172.866459,12.528808,1
21710,215.437514,108.624999,0.871094,0.000000,0.000000,1
21720,215.887507,108.874998,0.872070,51.477504,29.054882,1
21730,215.887507,108.874998,0.872070,0.000000,0.000000,1
21740,215.887507,109.249998,0.876953,37.500000,90.000000,1
21750,215.887507,109.624998,0.882813,37.500000,90.000000,1
21760,215.887507,109.624998,0.882813,0.000000,0.000000,1
21770,215.887507,109.875000,0.893555,25.000191,90.000000,1
21780,215.887507,109.999998,0.893555,12.499809,90.000000,1
21790,215.887507,109.999998,0.893555,0.000000,0.000000,1
21800,215.887507,109.999998,0.893555,0.000000,0.000000,1
21810,215.887507,109.999998,0.893555,0.000000,0.000000,1
21820,215.887507,109.500000,0.713867,49.999809,-90.000000,1
21830,215.887507,108.999999,0.000000,50.000095,-90.000000,0
21840,215.887507,108.999999,0.000000,0.000000,0.000000,0
21850,215.887507,108.874998,0.000000,12.500095,-90.000000,0
21860,215.887507,108.874998,0.000000,0.000000,0.000000,0
21870,215.662500,108.874998,0.000000,22.500687,180.000000,0
21880,215.662500,108.874998,0.000000,0.000000,0.000000,0
21890,215.662500,108.874998,0.000000,0.000000,0.000000,0
21900,215.662500,108.874998,0.000000,0.000000,0.000000,0
21910,215.662500,108.874998,0.000000,0.000000,0.000000,0
21920,215.662500,108.874998,0.000000,0.000000,0.000000,0
21930,215.662500,108.874998,0.000000,0.000000,0.000000,0
21940,215.662500,108.874998,0.000000,0.000000,0.000000,0
21950,215.662500,108.874998,0.000000,0.000000,0.000000,0
21960,215.662500,108.874998,0.000000,0.000000,0.000000,0
21970,215.662500,108.874998,0.000000,0.000000,0.000000,0
21980,215.662500,108.874998,0.000000,0.000000,0.000000,0
21990,215.662500,108.874998,0.000000,0.000000,0.000000,0
22000,215.662500,108.874998,0.000000,0.000000,0.000000,0
22010,195.300007,93.124998,0.000000,2574.283641,-142.278732,0
22020,195.187514,93.000000,0.000000,16.816429,-131.985908,0
22030,194.850014,92.625000,0.000000,50.451090,-131.987212,0
22040,194.850014,92.625000,0.000000,0.000000,0.000000,0
22050,194.625007,92.499999,0.000000,25.739722,-150.945953,0
22060,194.625007,92.499999,0.000000,0.000000,0.000000,0
22070,194.512514,92.250000,0.000000,27.414272,-114.226518,0
22080,194.287507,92.250000,0.000000,22.500687,180.000000,0
22090,194.287507,92.250000,0.000000,0.000000,0.000000,0
22100,194.512514,93.000000,0.000000,78.302496,73.300275,0
22110,194.512514,93.000000,0.000000,0.000000,0.000000,0
22120,195.075000,93.624999,0.000000,84.084161,48.013440,0
22130,195.637507,94.374999,0.000000,93.750412,53.129767,0
22140,195.637507,94.374999,0.000000,0.000000,0.000000,0
22150,195.637507,94.624998,0.000000,24.999905,90.000000,0
22160,195.637507,94.624998,0.000000,0.000000,0.000000,0
22170,195.637507,94.749999,0.000000,12.500095,90.000000,0
22180,195.637507,94.749999,0.000000,0.000000,0.000000,0
22190,195.300007,94.875000,0.000000,35.990483,159.676721,0
22200,194.962507,94.875000,0.000000,33.750000,180.000000,0
22210,194.962507,94.875000,0.000000,0.000000,0.000000,0
22220,194.175014,94.875000,0.000000,78.749313,180.000000,0
22230,194.175014,94.875000,0.000000,0.000000,0.000000,0
22240,193.837514,94.875000,0.000000,33.750000,180.000000,0
22250,193.500014,94.999998,0.000000,35.990384,159.677148,0
22260,193.500014,94.999998,0.000000,0.000000,0.000000,0
22270,193.162514,94.999998,0.000000,33.750000,180.000000,0
22280,192.712500,95.124999,0.000000,46.705203,164.476227,0
22290,192.712500,95.124999,0.000000,0.000000,0.000000,0
22300,192.375000,95.250000,0.000000,35.990483,159.676721,0
22310,192.375000,95.250000,0.000000,0.000000,0.000000,0
22320,191.925007,95.374998,0.000000,46.703142,164.475889,0
22330,191.587507,95.499999,0.000000,35.990483,159.676721,0
22340,191.587507,95.499999,0.000000,0.000000,0.000000,0
22350,191.362500,95.749998,0.000000,33.634449,131.988191,0
22360,191.362500,95.749998,0.000000,0.000000,0.000000,0
22370,191.137514,96.249999,0.000000,54.828804,114.226396,0
22380,191.137514,96.499998,0.000000,24.999905,90.000000,0
22390,191.137514,96.624999,0.041016,12.500095,90.000000,1
22400,191.137514,96.624999,0.041016,0.000000,0.000000,1
22410,191.137514,96.624999,0.041016,0.000000,0.000000,1
22420,191.137514,96.624999,0.041016,0.000000,0.000000,1
22430,191.137514,96.624999,0.041016,0.000000,0.000000,1
22440,191.137514,96.624999,0.041016,0.000000,0.000000,1
22450,191.587507,96.124998,0.787109,67.267732,-48.013277,1
22460,191.587507,96.124998,0.787109,0.000000,0.000000,1
22470,193.387500,94.249998,0.932617,259.915376,-46.169249,1
22480,194.737500,93.000000,0.984375,183.983565,-42.797358,1
22490,194.737500,93.000000,0.984375,0.000000,0.000000,1
22500,195.525014,92.124999,1.000000,117.720200,-48.012322,1
22510,195.525014,92.124999,1.000000,0.000000,0.000000,1
22520,196.087500,91.624998,0.997070,75.259003,-41.634288,1
22530,196.425000,91.374999,0.920898,42.000687,-36.528751,1
22540,196.425000,91.374999,0.920898,0.000000,0.000000,1
22550,196.087500,91.125000,0.233398,42.000687,-143.471249,1
22560,195.862514,91.125000,0.000000,22.498627,180.000000,0
22570,195.862514,91.125000,0.000000,0.000000,0.000000,0
22580,195.862514,91.624998,0.000000,49.999809,90.000000,0
22590,195.862514,91.624998,0.000000,0.000000,0.000000,0
22600,197.100000,92.625000,0.000000,159.102988,38.941377,0
22610,197.100000,92.625000,0.000000,0.000000,0.000000,0
22620,199.350007,94.374999,0.000000,285.044340,37.874884,0
22630,199.350007,94.374999,0.000000,0.000000,0.000000,0
22640,201.937514,95.874999,0.000000,299.085135,30.101239,0
22650,204.075007,96.874998,0.000000,235.984639,25.071947,0
22660,204.075007,96.874998,0.000000,0.000000,0.000000,0
22670,205.425007,97.374999,0.000000,143.961834,20.323172,0
22680,206.212500,97.374999,0.000000,78.749313,0.000000,0
22690,206.212500,97.374999,0.000000,0.000000,0.000000,0
22700,206.550000,97.875000,0.000000,60.324722,55.980701,0
22710,206.550000,97.875000,0.000000,0.000000,0.000000,0
22720,206.550000,97.999998,0.000000,12.499809,90.000000,0
22730,206.325014,98.250000,0.000000,33.633283,131.985256,0
22740,206.325014,98.250000,0.000000,0.000000,0.000000,0
22750,205.312514,98.499999,0.000000,104.290737,166.130364,0
22760,205.312514,98.499999,0.000000,0.000000,0.000000,0
22770,204.525000,98.749998,0.000000,82.624294,162.387773,0
22780,203.850000,99.000000,0.000000,71.980966,159.676721,0
22790,203.850000,99.000000,0.000000,0.000000,0.000000,0
22800,203.400007,99.249999,0.000000,51.477504,150.945118,0
22810,203.400007,99.249999,0.000000,0.000000,0.000000,0
22820,203.400007,99.624999,0.000000,37.500000,90.000000,0
22830,203.625014,100.249998,0.000000,66.426794,70.200539,0
22840,203.625014,100.249998,0.000000,0.000000,0.000000,0
22850,204.075007,100.624998,0.000000,58.576345,39.806001,0
22860,204.075007,100.624998,0.000000,0.000000,0.000000,0
22870,204.637514,101.124999,0.000000,75.260543,41.633246,0
22880,205.312514,101.625000,0.000000,84.001545,36.528908,0
22890,205.312514,101.625000,0.000000,0.000000,0.000000,0
22900,206.550000,102.249999,0.000000,138.636073,26.796302,0
22910,206.550000,102.249999,0.000000,0.000000,0.000000,0
22920,207.000014,102.375000,0.118164,46.705203,15.523773,1
22930,207.000014,102.375000,0.118164,0.000000,0.000000,1
22940,207.000014,102.375000,0.118164,0.000000,0.000000,1
22950,207.000014,102.375000,0.118164,0.000000,0.000000,1
22960,207.000014,102.375000,0.118164,0.000000,0.000000,1
22970,207.000014,102.375000,0.118164,0.000000,0.000000,1
22980,206.550000,101.124999,0.715820,132.853857,-109.799420,1
22990,206.550000,101.124999,0.715820,0.000000,0.000000,1
23000,205.875000,100.125000,0.767578,120.649206,-124.019375,1
23010,205.875000,100.125000,0.767578,0.000000,0.000000,1
23020,204.862500,98.625000,0.794922,180.973928,-124.019350,1
23030,203.737507,97.125000,0.822266,187.499588,-126.869730,1
23040,203.737507,97.125000,0.822266,0.000000,0.000000,1
23050,202.387507,94.999998,0.858398,251.756492,-122.427532,1
23060,202.387507,94.999998,0.858398,0.000000,0.000000,1
23070,201.375007,93.624999,0.883789,170.756512,-126.366599,1
23080,200.362507,92.374998,0.902344,160.862010,-129.007451,1
23090,200.362507,92.374998,0.902344,0.000000,0.000000,1
23100,199.237514,90.999999,0.909180,177.657871,-129.289255,1
23110,199.237514,90.999999,0.909180,0.000000,0.000000,1
23120,198.225014,89.874999,0.915039,151.353271,-131.987212,1
23130,196.987507,88.374999,0.936523,194.458819,-129.522787,1
23140,196.987507,88.374999,0.936523,0.000000,0.000000,1
23150,196.537514,87.874998,0.944336,67.267732,-131.986723,1
23160,196.537514,87.874998,0.944336,0.000000,0.000000,1
23170,196.087500,87.375000,0.936523,67.268897,-131.988191,1
23180,195.750000,87.124998,0.828125,42.000858,-143.470936,1
23190,195.750000,87.124998,0.000000,0.000000,0.000000,0
23200,195.750000,87.124998,0.000000,0.000000,0.000000,0
23210,195.750000,87.124998,0.000000,0.000000,0.000000,0
23220,195.750000,87.499998,0.000000,37.500000,90.000000,0
23230,195.975007,87.624999,0.000000,25.739722,29.054047,0
23240,195.975007,87.624999,0.000000,0.000000,0.000000,0
23250,196.425000,87.624999,0.000000,44.999313,0.000000,0
23260,196.425000,87.624999,0.000000,0.000000,0.000000,0
23270,196.762500,87.750000,0.000000,35.990483,20.323279,0
23280,197.100000,87.750000,0.000000,33.750000,0.000000,0
23290,197.100000,87.750000,0.000000,0.000000,0.000000,0
23300,197.100000,87.750000,0.000000,0.000000,0.000000,0
23310,197.100000,87.750000,0.000000,0.000000,0.000000,0
23320,197.100000,87.750000,0.000000,0.000000,0.000000,0
23330,197.100000,87.750000,0.000000,0.000000,0.000000,0
23340,197.100000,87.750000,0.000000,0.000000,0.000000,0
23350,197.100000,87.750000,0.000000,0.000000,0.000000,0
23360,197.100000,87.750000,0.000000,0.000000,0.000000,0
23370,197.100000,87.750000,0.000000,0.000000,0.000000,0
23380,197.100000,87.750000,0.000000,0.000000,0.000000,0
23390,197.100000,87.750000,0.000000,0.000000,0.000000,0
23400,197.100000,87.750000,0.000000,0.000000,0.000000,0
23410,184.050014,79.749996,0.000000,1530.693315,-148.490547,0
23420,184.050014,79.749996,0.000000,0.000000,0.000000,0
23430,184.050014,79.749996,0.000000,0.000000,0.000000,0
23440,184.050014,79.749996,0.000000,0.000000,0.000000,0
23450,184.050014,79.749996,0.000000,0.000000,0.000000,0
23460,184.050014,79.749996,0.000000,0.000000,0.000000,0
23470,184.275000,79.875000,0.000000,25.738060,29.056831,0
23480,184.837507,80.124996,0.000000,61.555834,23.961905,0
23490,184.837507,80.124996,0.000000,0.000000,0.000000,0
23500,185.737514,80.625000,0.000000,102.957087,29.054604,0
23510,185.737514,80.625000,0.000000,0.000000,0.000000,0
23520,186.075014,80.874996,0.000000,42.000517,36.528437,0
23530,186.525007,81.249996,0.000000,58.576345,39.806001,0
23540,186.525007,81.249996,0.000000,0.000000,0.000000,0
23550,186.525007,81.249996,0.000000,0.000000,0.000000,0
23560,186.637500,81.375000,0.000000,16.816854,48.015396,0
23570,186.637500,81.499998,0.000000,12.499809,90.000000,0
23580,186.637500,81.624996,0.000000,12.499809,90.000000,0
23590,186.637500,81.624996,0.000000,0.000000,0.000000,0
23600,186.412514,81.624996,0.000000,22.498627,180.000000,0
23610,186.412514,81.624996,0.000000,0.000000,0.000000,0
23620,185.962500,81.624996,0.000000,45.001373,180.000000,0
23630,185.400014,81.624996,0.000000,56.248627,180.000000,0
23640,185.400014,81.624996,0.000000,0.000000,0.000000,0
23650,184.837507,81.624996,0.000000,56.250687,180.000000,0
23660,184.837507,81.624996,0.000000,0.000000,0.000000,0
23670,184.725014,81.624996,0.000000,11.249313,180.000000,0
23680,184.725014,81.624996,0.000000,0.000000,0.000000,0
23690,184.612500,81.624996,0.592773,11.251373,180.000000,1
23700,184.612500,81.624996,0.592773,0.000000,0.000000,1
23710,184.612500,81.624996,0.592773,0.000000,0.000000,1
23720,184.612500,81.624996,0.592773,0.000000,0.000000,1
23730,185.175007,81.750000,0.728516,57.622906,12.529030,1
23740,185.175007,81.750000,0.728516,0.000000,0.000000,1
23750,186.300000,82.125000,0.794922,118.584761,18.435054,1
23760,186.300000,82.125000,0.794922,0.000000,0.000000,1
23770,187.875007,82.374996,0.828125,159.472403,9.019148,1
23780,189.900007,82.999998,0.868164,211.925751,17.152471,1
23790,189.900007,82.999998,0.868164,0.000000,0.000000,1
23800,193.275007,83.874996,0.891602,348.658094,14.534425,1
23810,193.275007,83.874996,0.891602,0.000000,0.000000,1
23820,195.862514,84.499998,0.901367,266.192020,13.579458,1
23830,198.337507,85.125000,0.903320,255.268846,14.172417,1
23840,198.337507,85.125000,0.903320,0.000000,0.000000,1
23850,200.700007,85.624998,0.912109,241.483009,11.949713,1
23860,200.700007,85.624998,0.912109,0.000000,0.000000,1
23870,203.062507,85.999998,0.915039,239.207677,9.019322,1
23880,205.312514,86.499996,0.920898,230.489240,12.528724,1
23890,205.312514,86.499996,0.920898,0.000000,0.000000,1
23900,208.687514,87.249999,0.921875,345.732979,12.528854,1
23910,208.687514,87.249999,0.921875,0.000000,0.000000,1
23920,210.712514,87.750000,0.923828,208.581542,13.869712,1
23930,212.850007,88.125000,0.927734,217.013868,9.950658,1
23940,212.850007,88.125000,0.927734,0.000000,0.000000,1
23950,214.875007,88.624998,0.924805,208.581473,13.869636,1
23960,214.875007,88.624998,0.924805,0.000000,0.000000,1
23970,215.887507,89.374998,0.930664,126.002232,36.528855,1
23980,215.887507,89.874999,0.935547,50.000095,90.000000,1
23990,215.887507,89.874999,0.935547,0.000000,0.000000,1
24000,215.887507,90.249999,0.945313,37.500000,90.000000,1
24010,215.887507,90.249999,0.945313,0.000000,0.000000,1
24020,215.887507,90.499998,0.947266,24.999905,90.000000,1
24030,215.887507,90.499998,0.947266,0.000000,0.000000,1
24040,215.887507,90.499998,0.947266,0.000000,0.000000,1
24050,215.887507,90.499998,0.947266,0.000000,0.000000,1
24060,215.887507,90.499998,0.947266,0.000000,0.000000,1
24070,215.887507,90.249999,0.000000,24.999905,-90.000000,0
24080,215.887507,90.124998,0.000000,12.500095,-90.000000,0
24090,215.887507,90.124998,0.000000,0.000000,0.000000,0
24100,215.887507,89.749998,0.000000,37.500000,-90.000000,0
24110,215.887507,89.499999,0.000000,24.999905,-90.000000,0
24120,215.887507,89.499999,0.000000,0.000000,0.000000,0
24130,215.887507,89.499999,0.000000,0.000000,0.000000,0
24140,215.887507,89.499999,0.000000,0.000000,0.000000,0
24150,215.887507,89.499999,0.000000,0.000000,0.000000,0
24160,215.887507,89.499999,0.000000,0.000000,0.000000,0
24170,215.887507,89.499999,0.000000,0.000000,0.000000,0
24180,215.887507,89.499999,0.000000,0.000000,0.000000,0
24190,215.887507,89.499999,0.000000,0.000000,0.000000,0
24200,215.887507,89.499999,0.000000,0.000000,0.000000,0
24210,215.887507,89.499999,0.000000,0.000000,0.000000,0
24220,215.887507,89.499999,0.000000,0.000000,0.000000,0
24230,215.887507,89.499999,0.000000,0.000000,0.000000,0
24240,215.887507,89.499999,0.000000,0.000000,0.000000,0
24250,215.887507,89.499999,0.000000,0.000000,0.000000,0
24260,215.887507,89.499999,0.000000,0.000000,0.000000,0
24270,215.887507,89.499999,0.000000,0.000000,0.000000,0
24280,215.887507,89.499999,0.000000,0.000000,0.000000,0
24290,215.887507,89.499999,0.000000,0.000000,0.000000,0
24300,215.887507,89.499999,0.000000,0.000000,0.000000,0
24310,215.887507,89.499999,0.000000,0.000000,0.000000,0
24320,215.887507,89.499999,0.000000,0.000000,0.000000,0
24330,180.450007,72.124998,0.000000,3946.779782,-153.881294,0
24340,180.450007,72.124998,0.000000,0.000000,0.000000,0
24350,181.687514,72.874998,0.000000,144.703948,31.218262,0
24360,181.687514,72.874998,0.000000,0.000000,0.000000,0
24370,182.812507,73.500000,0.000000,128.694869,29.054827,0
24380,183.262500,73.749996,0.000000,51.477365,29.054604,0
24390,183.262500,73.749996,0.000000,0.000000,0.000000,0
24400,183.487507,74.124996,0.000000,43.732492,59.035472,0
24410,183.487507,74.124996,0.000000,0.000000,0.000000,0
24420,183.600000,74.374998,0.000000,27.414532,65.773727,0
24430,183.600000,74.625000,0.000000,25.000191,90.000000,0
24440,183.600000,74.625000,0.000000,0.000000,0.000000,0
24450,183.375014,74.874996,0.000000,33.632858,131.985908,0
24460,183.375014,74.874996,0.000000,0.000000,0.000000,0
24470,183.037514,75.000000,0.000000,35.990583,159.676294,0
24480,182.812507,75.124998,0.000000,25.739583,150.946509,0
24490,182.812507,75.124998,0.000000,0.000000,0.000000,0
24500,182.812507,75.124998,0.000000,0.000000,0.000000,0
24510,182.812507,75.124998,0.000000,0.000000,0.000000,0
24520,182.812507,75.124998,0.000000,0.000000,0.000000,0
24530,183.037514,75.249996,0.000000,25.739583,29.053491,0
24540,183.037514,75.249996,0.000000,0.000000,0.000000,0
24550,183.262500,75.249996,0.000000,22.498627,0.000000,0
24560,183.262500,75.249996,0.000000,0.000000,0.000000,0
24570,183.487507,75.375000,0.000000,25.739861,29.054604,0
24580,183.600000,75.499998,0.000000,16.816429,48.014092,0
24590,183.600000,75.499998,0.000000,0.000000,0.000000,0
24600,183.600000,75.499998,0.000000,0.000000,0.000000,0
24610,183.600000,75.624996,0.000000,12.499809,90.000000,0
24620,183.600000,75.624996,0.000000,0.000000,0.000000,0
24630,183.600000,75.874998,0.000000,25.000191,90.000000,0
24640,183.487507,75.874998,0.000000,11.249313,180.000000,0
24650,183.487507,75.999996,0.000000,12.499809,90.000000,0
24660,183.487507,75.999996,0.000000,0.000000,0.000000,0
24670,183.487507,76.249998,0.000000,25.000191,90.000000,0
24680,183.375014,76.624998,0.000000,39.150952,106.698282,0
24690,183.375014,76.624998,0.000000,0.000000,0.000000,0
24700,183.375014,76.749996,0.000000,12.499809,90.000000,0
24710,183.375014,76.749996,0.000000,0.000000,0.000000,0
24720,183.487507,76.875000,0.000000,16.816854,48.015396,0
24730,183.600000,76.999998,0.006836,16.816429,48.014092,1
24740,183.600000,76.999998,0.006836,0.000000,0.000000,1
24750,183.600000,76.999998,0.006836,0.000000,0.000000,1
24760,183.600000,76.999998,0.006836,0.000000,0.000000,1
24770,183.600000,76.999998,0.006836,0.000000,0.000000,1
24780,183.712514,76.875000,0.559570,16.817807,-48.008875,1
24790,183.712514,76.875000,0.559570,0.000000,0.000000,1
24800,183.712514,76.624998,0.624023,25.000191,-90.000000,1
24810,183.712514,76.624998,0.624023,0.000000,0.000000,1
24820,183.825007,76.125000,0.692383,51.249663,-77.320319,1
24830,183.712514,75.124998,0.754883,100.630936,-96.418386,1
24840,183.712514,75.124998,0.754883,0.000000,0.000000,1
24850,183.487507,74.124996,0.790039,102.500337,-102.680735,1
24860,183.487507,74.124996,0.790039,0.000000,0.000000,1
24870,182.925000,72.750000,0.821289,148.560711,-112.249324,1
24880,182.250000,71.124996,0.864258,175.961996,-112.557199,1
24890,182.250000,71.124996,0.864258,0.000000,0.000000,1
24900,181.687514,69.874998,0.899414,137.072464,-114.227255,1
24910,181.687514,69.874998,0.899414,0.000000,0.000000,1
24920,181.125007,68.749998,0.914063,125.779131,-116.565331,1
24930,180.337514,66.874998,0.948242,203.365937,-112.782227,1
24940,180.337514,66.874998,0.948242,0.000000,0.000000,1
24950,179.775007,65.749998,0.963867,125.779131,-116.565331,1
24960,179.775007,65.749998,0.963867,0.000000,0.000000,1
24970,179.100007,64.500000,0.978516,142.060559,-118.369083,1
24980,178.087507,62.749998,0.990234,202.179695,-120.052421,1
24990,178.087507,62.749998,0.990234,0.000000,0.000000,1
25000,177.412507,61.624998,0.993164,131.196418,-120.963757,1
25010,177.412507,61.624998,0.993164,0.000000,0.000000,1
25020,176.737507,60.375000,1.000000,142.060559,-118.369083,1
25030,175.837500,59.250000,1.000000,144.070724,-128.660021,1
25040,175.837500,59.250000,1.000000,0.000000,0.000000,1
25050,174.937514,58.125000,1.000000,144.069437,-128.659382,1
25060,174.937514,58.125000,1.000000,0.000000,0.000000,1
25070,174.037507,57.000000,1.000000,144.070724,-128.660021,1
25080,172.687507,55.374996,1.000000,211.261388,-129.718693,1
25090,172.687507,55.374996,1.000000,0.000000,0.000000,1
25100,171.787500,54.375000,1.000000,134.536416,-131.987539,1
25110,171.787500,54.375000,1.000000,0.000000,0.000000,1
25120,170.887503,53.124996,1.000000,154.029327,-125.753701,1
25130,169.987507,51.999996,1.000000,144.070081,-128.659702,1
25140,169.987507,51.999996,1.000000,0.000000,0.000000,1
25150,168.862503,50.749998,1.000000,168.170388,-131.987343,1
25160,168.862503,50.749998,1.000000,0.000000,0.000000,1
25170,167.287507,48.874998,1.000000,244.872195,-130.030198,1
25180,165.937507,47.625000,1.000000,183.983565,-137.202642,1
25190,165.937507,47.625000,1.000000,0.000000,0.000000,1
25200,164.362500,46.249998,1.000000,209.075988,-138.878609,1
25210,164.362500,46.249998,1.000000,0.000000,0.000000,1
25220,162.787503,44.874996,1.000000,209.075212,-138.878423,1
25230,160.537507,42.750000,1.000000,309.484949,-136.636585,1
25240,160.537507,42.750000,1.000000,0.000000,0.000000,1
25250,159.187507,41.499996,1.000000,183.983954,-137.202511,1
25260,159.187507,41.499996,1.000000,0.000000,0.000000,1
25270,158.062503,40.374996,1.000000,159.099269,-135.000087,1
25280,157.050003,39.375000,1.000000,142.307717,-135.355979,1
25290,157.050003,39.375000,1.000000,0.000000,0.000000,1
25300,156.262500,38.499996,1.000000,117.719724,-131.987212,1
25310,156.262500,38.499996,1.000000,0.000000,0.000000,1
25320,155.362503,37.374996,1.000000,144.070081,-128.659702,1
25330,154.350003,36.000000,1.000000,170.756281,-126.366656,1
25340,154.350003,36.000000,1.000000,0.000000,0.000000,1
25350,154.012503,35.749992,1.000000,42.001198,-143.470308,1
25360,154.012503,35.749992,1.000000,0.000000,0.000000,1
25370,153.900000,35.499996,1.000000,27.414433,-114.228727,1
25380,154.687503,36.375000,0.000000,117.719724,48.012788,0
25390,154.687503,36.375000,0.000000,0.000000,0.000000,0
25400,156.600000,38.749992,0.000000,304.930023,51.156748,0
25410,156.600000,38.749992,0.000000,0.000000,0.000000,0
25420,158.625000,41.124996,0.000000,312.110047,49.548088,0
25430,160.987500,43.749996,0.000000,353.157631,48.012788,0
25440,160.987500,43.749996,0.000000,0.000000,0.000000,0
25450,163.912507,46.999998,0.000000,437.243383,48.012737,0
25460,163.912507,46.999998,0.000000,0.000000,0.000000,0
25470,163.912507,46.999998,0.000000,0.000000,0.000000,0
25480,163.912507,46.999998,0.000000,0.000000,0.000000,0
25490,163.912507,46.999998,0.000000,0.000000,0.000000,0
25500,163.912507,46.999998,0.000000,0.000000,0.000000,0
25510,163.912507,46.999998,0.000000,0.000000,0.000000,0
25520,163.912507,46.999998,0.000000,0.000000,0.000000,0
25530,163.912507,46.999998,0.000000,0.000000,0.000000,0
25540,163.912507,46.999998,0.000000,0.000000,0.000000,0
25550,163.912507,46.999998,0.000000,0.000000,0.000000,0
25560,163.912507,46.999998,0.000000,0.000000,0.000000,0
25570,163.912507,46.999998,0.000000,0.000000,0.000000,0
25580,163.912507,46.999998,0.000000,0.000000,0.000000,0
25590,163.912507,46.999998,0.000000,0.000000,0.000000,0
25600,203.175000,65.124996,0.000000,4324.417791,24.779769,0
25610,203.175000,65.124996,0.000000,0.000000,0.000000,0
25620,203.400007,65.250000,0.000000,25.739861,29.054604,0
25630,203.400007,65.374998,0.000000,12.499809,90.000000,0
25640,203.400007,65.374998,0.000000,0.000000,0.000000,0
25650,203.512500,66.000000,0.000000,63.504495,79.796666,0
25660,203.512500,66.000000,0.000000,0.000000,0.000000,0
25670,203.512500,66.874998,0.000000,87.499809,90.000000,0
25680,203.062507,67.500000,0.000000,77.014363,125.753390,0
25690,203.062507,67.500000,0.000000,0.000000,0.000000,0
25700,202.050007,68.374998,0.000000,133.819950,139.166567,0
25710,202.050007,68.374998,0.000000,0.000000,0.000000,0
25720,201.825000,68.874996,0.000000,54.829388,114.228481,0
25730,201.825000,69.375000,0.000000,50.000381,90.000000,0
25740,201.825000,69.375000,0.000000,0.000000,0.000000,0
25750,201.712507,69.999996,0.000000,63.503932,100.203425,0
25760,201.712507,69.999996,0.000000,0.000000,0.000000,0
25770,201.712507,70.749996,0.000000,75.000000,90.000000,0
25780,201.937514,71.124996,0.000000,43.732492,59.035472,0
25790,201.937514,71.124996,0.000000,0.000000,0.000000,0
25800,202.050007,71.250000,0.000000,16.816854,48.015396,0
25810,202.050007,71.250000,0.000000,0.000000,0.000000,0
25820,202.162500,71.374998,0.000000,16.816429,48.014092,0
25830,202.275014,71.499996,0.000000,16.817807,48.008875,0
25840,202.275014,71.499996,0.000000,0.000000,0.000000,0
25850,202.500000,71.874996,0.000000,43.731433,59.037786,0
25860,202.500000,71.874996,0.000000,0.000000,0.000000,0
25870,202.725007,72.249996,0.000000,43.732492,59.035472,0
25880,202.837500,72.375000,0.000000,16.816854,48.015396,0
25890,202.837500,72.375000,0.000000,0.000000,0.000000,0
25900,202.837500,72.624996,0.000000,24.999619,90.000000,0
25910,202.837500,72.624996,0.000000,0.000000,0.000000,0
25920,202.500000,72.999996,0.000000,50.451090,131.987212,0
25930,202.387507,73.249998,0.000000,27.414532,114.226273,0
25940,202.387507,73.249998,0.000000,0.000000,0.000000,0
25950,202.387507,73.374996,0.000000,12.499809,90.000000,0
25960,202.387507,73.624998,0.000000,25.000191,90.000000,0
25970,202.387507,73.624998,0.000000,0.000000,0.000000,0
25980,202.387507,73.624998,0.000000,0.000000,0.000000,0
25990,202.275014,73.624998,0.000000,11.249313,180.000000,0
26000,202.275014,73.624998,0.462891,0.000000,0.000000,1
26010,202.275014,73.624998,0.462891,0.000000,0.000000,1
26020,202.275014,73.624998,0.462891,0.000000,0.000000,1
26030,202.275014,73.624998,0.462891,0.000000,0.000000,1
26040,202.275014,73.624998,0.462891,0.000000,0.000000,1
26050,202.387507,72.874998,0.664063,75.838955,-81.469747,1
26060,202.387507,72.874998,0.664063,0.000000,0.000000,1
26070,202.725007,72.375000,0.703125,60.324484,-55.980549,1
26080,203.175000,71.749998,0.718750,77.014363,-54.246610,1
26090,203.175000,71.749998,0.718750,0.000000,0.000000,1
26100,203.512500,70.999998,0.746094,82.243921,-65.772255,1
26110,203.512500,70.999998,0.746094,0.000000,0.000000,1
26120,203.512500,70.500000,0.774414,49.999809,-90.000000,1
26130,203.287514,69.874998,0.796875,66.426366,-109.797706,1
26140,203.287514,69.874998,0.796875,0.000000,0.000000,1
26150,202.387507,68.749998,0.821289,144.070724,-128.660021,1
26160,201.262514,67.624998,0.833008,159.098540,-134.999825,1
26170,201.262514,67.624998,0.833008,0.000000,0.000000,1
26180,200.250014,66.624996,0.842773,142.308119,-135.355815,1
26190,200.250014,66.624996,0.842773,0.000000,0.000000,1
26200,199.237514,65.625000,0.851563,142.307717,-135.355979,1
26210,197.662507,64.249998,0.868164,209.075988,-138.878609,1
26220,197.662507,64.249998,0.868164,0.000000,0.000000,1
26230,196.200014,63.000000,0.881836,192.389745,-139.479371,1
26240,196.200014,63.000000,0.881836,0.000000,0.000000,1
26250,194.175014,61.500000,0.888672,252.004464,-143.471145,1
26260,194.175014,61.500000,0.888672,0.000000,0.000000,1
26270,193.050000,60.624996,0.889648,142.523246,-142.125234,1
26280,192.262507,60.249996,0.891602,87.222155,-154.536461,1
26290,192.262507,60.249996,0.891602,0.000000,0.000000,1
26300,191.475014,60.000000,0.890625,82.622244,-162.387530,1
26310,191.475014,60.000000,0.890625,0.000000,0.000000,1
26320,190.687500,59.749998,0.840820,82.624381,-162.387584,1
26330,190.237507,59.499996,0.703125,51.477643,-150.944839,1
26340,190.125014,59.250000,0.000000,27.414011,-114.226764,0
26350,190.125014,59.250000,0.000000,0.000000,0.000000,0
26360,190.125014,59.250000,0.000000,0.000000,0.000000,0
26370,190.350000,59.250000,0.000000,22.498627,0.000000,0
26380,191.137514,59.499996,0.000000,82.624208,17.612038,0
26390,191.137514,59.499996,0.000000,0.000000,0.000000,0
26400,194.512514,60.499998,0.000000,352.003250,16.504391,0
26410,197.662507,60.874998,0.000000,317.223608,6.788989,0
26420,197.662507,60.874998,0.000000,0.000000,0.000000,0
26430,200.250014,60.750000,0.000000,259.052433,-2.765712,0
26440,200.250014,60.750000,0.000000,0.000000,0.000000,0
26450,202.612514,60.624996,0.000000,236.580477,-3.028791,0
26460,202.612514,60.624996,0.000000,0.000000,0.000000,0
26470,206.775007,60.874998,0.000000,416.999401,3.437091,0
26480,207.675014,60.999996,0.000000,90.864563,7.906984,0
26490,207.675014,60.999996,0.000000,0.000000,0.000000,0
26500,207.000014,60.750000,0.000000,71.980768,-159.677148,0
26510,206.775007,60.624996,0.000000,25.739861,-150.945396,0
26520,206.775007,60.624996,0.000000,0.000000,0.000000,0
26530,207.112507,60.124998,0.000000,60.324484,-55.980549,0
26540,207.112507,60.124998,0.000000,0.000000,0.000000,0
26550,208.912500,58.749996,0.000000,226.508400,-37.375951,0
26560,208.912500,58.749996,0.000000,0.000000,0.000000,0
26570,209.250000,57.624996,0.000000,117.453448,-73.300756,0
26580,209.250000,56.499996,0.000000,112.500000,-90.000000,0
26590,209.250000,56.499996,0.000000,0.000000,0.000000,0
26600,209.250000,55.999998,0.000000,49.999809,-90.000000,0
26610,209.137507,55.875000,0.000000,16.816429,-131.985908,0
26620,209.137507,55.875000,0.000000,0.000000,0.000000,0
26630,209.137507,55.875000,0.000000,0.000000,0.000000,0
26640,209.137507,56.124996,0.000000,24.999619,90.000000,0
26650,209.137507,56.499996,0.000000,37.500000,90.000000,0
26660,209.137507,56.499996,0.000000,0.000000,0.000000,0
26670,208.912500,57.124998,0.000000,66.427063,109.799378,0
26680,208.237500,57.499998,0.000000,77.217226,150.945396,0
26690,208.237500,57.499998,0.000000,0.000000,0.000000,0
26700,207.675014,57.874998,0.000000,67.602944,146.309287,0
26710,207.225000,58.249998,0.000000,58.577928,140.195289,0
26720,207.225000,58.249998,0.000000,0.000000,0.000000,0
26730,207.000014,58.374996,0.000000,25.737782,150.944282,0
26740,207.000014,58.374996,0.000000,0.000000,0.000000,0
26750,206.662514,58.500000,0.000000,35.990583,159.676294,0
26760,206.662514,58.500000,0.000000,0.000000,0.000000,0
26770,206.437507,58.749996,0.000000,33.634236,131.988517,0
26780,206.325014,58.875000,0.000000,16.816854,131.984604,0
26790,206.325014,58.875000,0.000000,0.000000,0.000000,0
26800,206.325014,58.999998,0.000000,12.499809,90.000000,0
26810,206.325014,59.124996,0.000000,12.499809,90.000000,0
26820,206.325014,59.124996,0.000000,0.000000,0.000000,0
26830,206.437507,59.499996,0.000000,39.150952,73.301718,0
26840,206.437507,59.499996,0.000000,0.000000,0.000000,0
26850,206.662514,59.749998,0.000000,33.634661,48.012135,0
26860,206.775007,59.874996,0.000000,16.816429,48.014092,0
26870,206.775007,59.874996,0.000000,0.000000,0.000000,0
26880,206.887500,60.124998,0.000000,27.414532,65.773727,0
26890,207.000014,60.249996,0.352539,16.817807,48.008875,1
26900,207.000014,60.249996,0.352539,0.000000,0.000000,1
26910,207.000014,60.249996,0.352539,0.000000,0.000000,1
26920,207.000014,60.249996,0.352539,0.000000,0.000000,1
26930,207.000014,60.249996,0.352539,0.000000,0.000000,1
26940,207.000014,60.249996,0.352539,0.000000,0.000000,1
26950,207.000014,60.249996,0.352539,0.000000,0.000000,1
26960,207.000014,59.499996,0.697266,75.000000,-90.000000,1
26970,207.000014,59.499996,0.697266,0.000000,0.000000,1
26980,206.662514,58.749996,0.747070,82.243921,-114.227745,1
26990,206.662514,58.749996,0.747070,0.000000,0.000000,1
27000,206.212500,58.125000,0.782227,77.015102,-125.754882,1
27010,205.200000,57.249996,0.801758,133.820325,-139.166381,1
27020,205.200000,57.249996,0.801758,0.000000,0.000000,1
27030,203.737507,55.999998,0.826172,192.389745,-139.479371,1
27040,203.737507,55.999998,0.826172,0.000000,0.000000,1
27050,202.275014,54.750000,0.848633,192.389745,-139.479371,1
27060,200.362507,53.250000,0.868164,243.057247,-141.892523,1
27070,200.362507,53.250000,0.868164,0.000000,0.000000,1
27080,199.350007,52.374996,0.879883,133.820325,-139.166381,1
27090,199.350007,52.374996,0.879883,0.000000,0.000000,1
27100,198.675007,51.750000,0.894531,91.991588,-137.202772,1
27110,198.112500,51.249996,0.899414,75.260733,-138.366591,1
27120,198.112500,51.249996,0.899414,0.000000,0.000000,1
27130,197.212514,50.625000,0.891602,109.571689,-145.221923,1
27140,197.212514,50.625000,0.891602,0.000000,0.000000,1
27150,196.875014,50.374998,0.852539,42.000858,-143.470936,1
27160,196.762500,50.250000,0.753906,16.817807,-131.991125,1
27170,196.762500,50.250000,0.753906,0.000000,0.000000,1
27180,196.762500,50.250000,0.000000,0.000000,0.000000,0
27190,196.762500,50.250000,0.000000,0.000000,0.000000,0
27200,196.987507,50.374998,0.000000,25.739583,29.053491,0
27210,197.550014,50.499996,0.000000,57.622782,12.528474,0
27220,197.550014,50.499996,0.000000,0.000000,0.000000,0
27230,198.450000,51.000000,0.000000,102.955286,29.055161,0
27240,198.450000,51.000000,0.000000,0.000000,0.000000,0
27250,200.250014,51.499998,0.000000,186.816689,15.523942,0
27260,203.062507,51.624996,0.000000,281.526946,2.544772,0
27270,203.062507,51.624996,0.000000,0.000000,0.000000,0
27280,206.437507,51.624996,0.000000,337.500000,0.000000,0
27290,206.437507,51.624996,0.000000,0.000000,0.000000,0
27300,208.125007,51.624996,0.000000,168.750000,0.000000,0
27310,209.137507,51.624996,0.000000,101.250000,0.000000,0
27320,209.137507,51.624996,0.000000,0.000000,0.000000,0
27330,210.600000,51.750000,0.000000,146.782564,4.885374,0
27340,210.600000,51.750000,0.000000,0.000000,0.000000,0
27350,210.600000,51.750000,0.000000,0.000000,0.000000,0
27360,210.600000,51.750000,0.000000,0.000000,0.000000,0
27370,210.600000,51.750000,0.000000,0.000000,0.000000,0
27380,213.300000,48.124998,0.000000,452.002642,-53.320257,0
27390,213.300000,48.124998,0.000000,0.000000,0.000000,0
27400,213.300000,48.000000,0.000000,12.499809,-90.000000,0
27410,213.412514,47.749998,0.000000,27.415378,-65.769801,0
27420,213.412514,47.749998,0.000000,0.000000,0.000000,0
27430,213.637500,47.374998,0.000000,43.731433,-59.037786,0
27440,213.637500,47.374998,0.000000,0.000000,0.000000,0
27450,213.637500,47.374998,0.000000,0.000000,0.000000,0
27460,214.425014,46.999998,0.000000,87.224015,-25.462957,0
27470,214.425014,46.999998,0.000000,0.000000,0.000000,0
27480,215.212507,46.749996,0.000000,82.622418,-17.612848,0
27490,215.212507,46.749996,0.000000,0.000000,0.000000,0
27500,215.325000,46.624998,0.000000,16.816429,-48.014092,0
27510,215.775014,46.875000,0.000000,51.479444,29.054047,0
27520,215.775014,46.875000,0.000000,0.000000,0.000000,0
27530,215.887507,47.499996,0.000000,63.503932,79.796575,0
27540,215.887507,47.499996,0.000000,0.000000,0.000000,0
27550,215.887507,47.749998,0.000000,25.000191,90.000000,0
27560,215.887507,47.874996,0.000000,12.499809,90.000000,0
27570,215.887507,47.874996,0.000000,0.000000,0.000000,0
27580,215.887507,48.124998,0.000000,25.000191,90.000000,0
27590,215.887507,48.124998,0.000000,0.000000,0.000000,0
27600,215.887507,48.249996,0.000000,12.499809,90.000000,0
27610,215.887507,48.624996,0.000000,37.500000,90.000000,0
27620,215.887507,48.624996,0.000000,0.000000,0.000000,0
27630,215.887507,48.624996,0.000000,0.000000,0.000000,0
27640,215.887507,48.874998,0.000000,25.000191,90.000000,0
27650,215.887507,48.999996,0.000000,12.499809,90.000000,0
27660,215.887507,48.999996,0.000000,0.000000,0.000000,0
27670,215.887507,48.999996,0.000000,0.000000,0.000000,0
27680,215.887507,49.249998,0.000000,25.000191,90.000000,0
27690,215.887507,49.249998,0.000000,0.000000,0.000000,0
27700,215.887507,49.374996,0.000000,12.499809,90.000000,0
27710,215.887507,49.374996,0.000000,0.000000,0.000000,0
27720,215.887507,49.374996,0.000000,0.000000,0.000000,0
27730,215.887507,49.749996,0.000000,37.500000,90.000000,0
27740,215.887507,49.749996,0.000000,0.000000,0.000000,0
27750,215.887507,50.124996,0.000000,37.500000,90.000000,0
27760,215.887507,50.374998,0.000000,25.000191,90.000000,0
27770,215.887507,50.374998,0.000000,0.000000,0.000000,0
27780,215.887507,50.374998,0.000000,0.000000,0.000000,0
27790,215.887507,50.499996,0.000000,12.499809,90.000000,0
27800,215.887507,50.499996,0.000000,0.000000,0.000000,0
27810,215.887507,50.499996,0.000000,0.000000,0.000000,0
27820,215.887507,50.499996,0.393555,0.000000,0.000000,1
27830,215.887507,50.499996,0.393555,0.000000,0.000000,1
27840,215.887507,50.499996,0.393555,0.000000,0.000000,1
27850,215.887507,50.499996,0.393555,0.000000,0.000000,1
27860,215.887507,50.499996,0.393555,0.000000,0.000000,1
27870,215.887507,50.499996,0.393555,0.000000,0.000000,1
27880,215.887507,50.625000,0.728516,12.500381,90.000000,1
27890,215.887507,50.625000,0.728516,0.000000,0.000000,1
27900,215.887507,50.374998,0.772461,25.000191,-90.000000,1
27910,215.887507,49.624998,0.807617,75.000000,-90.000000,1
27920,215.887507,49.624998,0.807617,0.000000,0.000000,1
27930,215.887507,48.999996,0.816406,62.500191,-90.000000,1
27940,215.887507,48.999996,0.816406,0.000000,0.000000,1
27950,215.887507,48.499998,0.829102,49.999809,-90.000000,1
27960,215.887507,48.124998,0.843750,37.500000,-90.000000,1
27970,215.887507,48.124998,0.843750,0.000000,0.000000,1
27980,215.887507,47.374998,0.873047,75.000000,-90.000000,1
27990,215.887507,47.374998,0.873047,0.000000,0.000000,1
28000,215.887507,46.624998,0.891602,75.000000,-90.000000,1
28010,215.100014,45.249996,0.899414,158.454274,-119.800694,1
28020,215.100014,45.249996,0.899414,0.000000,0.000000,1
28030,213.750014,44.124996,0.904297,175.730618,-140.194429,1
28040,213.750014,44.124996,0.904297,0.000000,0.000000,1
28050,212.737514,43.249998,0.913086,133.819950,-139.166567,1
28060,211.837507,42.499998,0.921875,117.154273,-140.194644,1
28070,211.837507,42.499998,0.921875,0.000000,0.000000,1
28080,209.925000,40.749996,0.942383,259.233277,-137.540539,1
28090,209.925000,40.749996,0.942383,0.000000,0.000000,1
28100,208.912500,39.624996,0.959961,151.353271,-131.987212,1
28110,207.900000,38.499996,0.972656,151.353271,-131.987212,1
28120,207.900000,38.499996,0.972656,0.000000,0.000000,1
28130,206.775007,37.374996,0.981445,159.098540,-134.999825,1
28140,206.775007,37.374996,0.981445,0.000000,0.000000,1
28150,204.975014,35.625000,0.989258,251.047046,-135.806883,1
28160,203.512500,34.500000,0.996094,184.514808,-142.431668,1
28170,203.512500,34.500000,0.996094,0.000000,0.000000,1
28180,201.937514,33.249996,1.000000,201.074396,-141.562370,1
28190,201.937514,33.249996,1.000000,0.000000,0.000000,1
28200,200.362507,31.999992,1.000000,201.076010,-141.562735,1
28210,198.000007,30.249996,1.000000,294.004981,-143.471204,1
28220,198.000007,30.249996,1.000000,0.000000,0.000000,1
28230,196.537514,29.250000,1.000000,177.168805,-145.637191,1
28240,196.537514,29.250000,1.000000,0.000000,0.000000,1
28250,195.300007,28.374996,1.000000,151.560381,-144.737020,1
28260,193.837514,27.499992,1.000000,170.426460,-149.108085,1
28270,193.837514,27.499992,1.000000,0.000000,0.000000,1
28280,191.925007,26.250000,1.000000,228.476770,-146.831834,1
28290,191.925007,26.250000,1.000000,0.000000,0.000000,1
28300,188.662500,24.249996,1.000000,382.674357,-148.490591,1
28310,186.525007,23.124996,1.000000,241.547136,-152.241384,1
28320,186.525007,23.124996,1.000000,0.000000,0.000000,1
28330,184.725014,22.125000,1.000000,205.911817,-150.945396,1
28340,184.725014,22.125000,1.000000,0.000000,0.000000,1
28350,183.037514,21.249996,1.000000,190.086505,-152.592322,1
28360,182.812507,21.000000,1.000000,33.634236,-131.988517,1
28370,182.812507,21.000000,1.000000,0.000000,0.000000,1
28380,181.800007,20.625000,1.000000,107.971350,-159.676863,1
28390,181.800007,20.625000,1.000000,0.000000,0.000000,1
28400,181.012514,20.250000,1.000000,87.222155,-154.536461,1
28410,180.337514,19.875000,1.000000,77.217226,-150.945396,1
28420,180.337514,19.875000,1.000000,0.000000,0.000000,1
28430,180.000014,19.749996,0.925781,35.990583,-159.676294,1
28440,180.000014,19.749996,0.925781,0.000000,0.000000,1
