时间（ms）,X坐标（mm）,Y坐标（mm）,压力（0-1）,速度（mm/s）,角度（度）,落笔情况（1落笔/0抬笔）
0,0.000000,88.500000,0.114258,0.000000,0.000000,1
10,0.000000,88.500000,0.114258,0.000000,0.000000,1
20,0.000000,88.500000,0.114258,0.000000,0.000000,1
30,0.000000,88.500000,0.114258,0.000000,0.000000,1
40,0.000000,88.624998,0.261719,12.499809,90.000000,1
50,0.000000,88.624998,0.261719,0.000000,0.000000,1
60,0.000000,88.624998,0.261719,0.000000,0.000000,1
70,0.000000,88.624998,0.261719,0.000000,0.000000,1
80,0.000000,88.624998,0.261719,0.000000,0.000000,1
90,0.000000,88.624998,0.261719,0.000000,0.000000,1
100,0.000000,88.624998,0.261719,0.000000,0.000000,1
110,0.000000,88.624998,0.261719,0.000000,0.000000,1
120,0.000000,88.500000,0.304688,12.499809,-90.000000,1
130,0.000000,88.500000,0.304688,0.000000,0.000000,1
140,0.000000,88.500000,0.304688,0.000000,0.000000,1
150,0.000000,88.500000,0.304688,0.000000,0.000000,1
160,0.000000,88.500000,0.304688,0.000000,0.000000,1
170,0.000000,88.500000,0.304688,0.000000,0.000000,1
180,0.000000,88.500000,0.304688,0.000000,0.000000,1
190,0.000000,88.500000,0.304688,0.000000,0.000000,1
200,0.000000,88.500000,0.304688,0.000000,0.000000,1
210,0.000000,88.500000,0.304688,0.000000,0.000000,1
220,0.000000,88.500000,0.304688,0.000000,0.000000,1
230,0.000000,88.500000,0.304688,0.000000,0.000000,1
240,0.000000,88.500000,0.304688,0.000000,0.000000,1
250,0.000000,88.500000,0.304688,0.000000,0.000000,1
260,0.000000,88.500000,0.304688,0.000000,0.000000,1
270,0.000000,88.500000,0.304688,0.000000,0.000000,1
280,0.000000,88.500000,0.304688,0.000000,0.000000,1
290,0.000000,88.500000,0.304688,0.000000,0.000000,1
300,0.000000,88.500000,0.304688,0.000000,0.000000,1
310,0.000000,88.500000,0.304688,0.000000,0.000000,1
320,0.000000,88.500000,0.304688,0.000000,0.000000,1
330,0.000000,88.500000,0.304688,0.000000,0.000000,1
340,0.000000,88.500000,0.304688,0.000000,0.000000,1
350,0.000000,88.624998,0.413086,12.499809,90.000000,1
360,0.000000,88.624998,0.413086,0.000000,0.000000,1
370,0.000000,88.749999,0.450195,12.500095,90.000000,1
380,0.000000,88.749999,0.450195,0.000000,0.000000,1
390,0.000000,88.875000,0.472656,12.500095,90.000000,1
400,0.000000,89.124999,0.509766,24.999905,90.000000,1
410,0.000000,89.124999,0.509766,0.000000,0.000000,1
420,0.000000,89.625000,0.529297,50.000095,90.000000,1
430,0.000000,89.625000,0.529297,0.000000,0.000000,1
440,0.000000,90.750000,0.547852,112.500000,90.000000,1
450,0.000000,91.999998,0.555664,124.999809,90.000000,1
460,0.000000,91.999998,0.555664,0.000000,0.000000,1
470,0.562500,93.375000,0.572266,148.560982,67.751003,1
480,0.562500,93.375000,0.572266,0.000000,0.000000,1
490,2.700000,94.875000,0.583008,261.130353,35.059427,1
500,5.962500,97.249998,0.603516,403.540890,36.053445,1
510,5.962500,97.249998,0.603516,0.000000,0.000000,1
520,7.987500,98.874999,0.603516,259.639232,38.745984,1
530,7.987500,98.874999,0.603516,0.000000,0.000000,1
540,10.125000,100.374999,0.603516,261.130320,35.059432,1
550,12.150000,101.874999,0.605469,252.004464,36.528855,1
560,12.150000,101.874999,0.605469,0.000000,0.000000,1
570,14.175000,103.249998,0.609375,244.770247,34.176970,1
580,14.175000,103.249998,0.609375,0.000000,0.000000,1
590,15.862500,104.374998,0.625977,202.812259,33.690068,1
600,17.662501,105.624999,0.652344,219.146195,34.777839,1
610,17.662501,105.624999,0.652344,0.000000,0.000000,1
620,18.112500,105.999999,0.655273,58.576840,39.805598,1
630,18.112500,105.999999,0.655273,0.000000,0.000000,1
640,18.675001,106.374999,0.658203,67.604122,33.690047,1
650,19.575000,106.875000,0.660156,102.956273,29.054674,1
660,19.575000,106.875000,0.660156,0.000000,0.000000,1
670,19.912500,106.999998,0.661133,35.990384,20.322852,1
680,19.912500,106.999998,0.661133,0.000000,0.000000,1
690,20.025001,107.124999,0.661133,16.817158,48.012788,1
700,20.025001,106.999998,0.648438,12.500095,-90.000000,1
710,20.025001,106.999998,0.648438,0.000000,0.000000,1
720,19.350001,106.999998,0.000000,67.500000,180.000000,0
730,19.350001,106.999998,0.000000,0.000000,0.000000,0
740,18.900000,107.124999,0.000000,46.703962,164.475804,0
750,18.787500,107.374998,0.000000,27.414536,114.227745,0
760,18.787500,107.374998,0.000000,0.000000,0.000000,0
770,18.675001,107.874999,0.000000,51.250084,102.680313,0
780,18.675001,107.874999,0.000000,0.000000,0.000000,0
790,18.900000,108.375000,0.000000,54.829332,65.772377,0
800,19.125000,109.249998,0.000000,90.346381,75.579170,0
810,19.125000,109.249998,0.000000,0.000000,0.000000,0
820,19.125000,109.875000,0.000000,62.500191,90.000000,0
830,19.125000,109.875000,0.000000,0.000000,0.000000,0
840,19.012501,110.749998,0.000000,88.220055,97.326395,0
850,18.787500,111.624999,0.000000,90.346658,104.420784,0
860,18.787500,111.624999,0.000000,0.000000,0.000000,0
870,18.675001,112.625000,0.000000,100.630865,96.418759,0
880,18.675001,112.625000,0.000000,0.000000,0.000000,0
890,18.450000,113.750000,0.000000,114.727947,101.309953,0
900,18.112500,114.999999,0.000000,129.476062,105.109581,0
910,18.112500,114.999999,0.000000,0.000000,0.000000,0
920,17.887500,115.749999,0.000000,78.302311,106.699274,0
930,17.887500,115.749999,0.000000,0.000000,0.000000,0
940,17.775000,116.750000,0.000000,100.630865,96.418759,0
950,17.662501,117.624999,0.000000,88.220197,97.326383,0
960,17.662501,117.624999,0.000000,0.000000,0.000000,0
970,17.325001,118.875000,0.000000,129.476200,105.109564,0
980,17.325001,118.875000,0.000000,0.000000,0.000000,0
990,17.100000,119.375000,0.000000,54.829255,114.227807,0
1000,16.650001,119.874999,0.000000,67.268056,131.987212,0
1010,16.650001,119.874999,0.000000,0.000000,0.000000,0
1020,16.087500,120.249999,0.000000,67.604122,146.309953,0
1030,16.087500,120.249999,0.000000,0.000000,0.000000,0
1040,15.525000,120.375000,0.000000,57.622215,167.471109,0
1050,14.400000,120.624999,0.000000,115.244243,167.471234,0
1060,14.400000,120.624999,0.000000,0.000000,0.000000,0
1070,13.612501,120.750000,0.000000,79.735865,170.980605,0
1080,13.612501,120.750000,0.000000,0.000000,0.000000,0
1090,12.825000,120.875000,0.000000,79.735969,170.980721,0
1100,12.262501,120.999999,0.000000,57.622059,167.471220,0
1110,12.262501,120.999999,0.000000,0.000000,0.000000,0
1120,11.700000,121.250000,0.000000,61.555420,156.037487,0
1130,11.700000,121.250000,0.000000,0.000000,0.000000,0
1140,11.475000,121.374999,0.000000,25.739090,150.945535,0
1150,11.475000,121.625000,0.000000,25.000048,90.000000,0
1160,11.475000,121.625000,0.218750,0.000000,0.000000,1
1170,11.475000,121.625000,0.218750,0.000000,0.000000,1
1180,11.475000,121.625000,0.218750,0.000000,0.000000,1
1190,11.475000,121.625000,0.218750,0.000000,0.000000,1
1200,11.587501,121.749999,0.418945,16.817052,48.012461,1
1210,11.587501,121.749999,0.418945,0.000000,0.000000,1
1220,11.925001,121.749999,0.419922,33.750000,0.000000,1
1230,11.925001,121.749999,0.419922,0.000000,0.000000,1
1240,12.375000,121.875000,0.424805,46.703838,15.524238,1
1250,12.937501,122.000000,0.428711,57.622184,12.528752,1
1260,12.937501,122.000000,0.428711,0.000000,0.000000,1
1270,13.725000,121.875000,0.436523,79.735842,-9.019293,1
1280,13.725000,121.875000,0.436523,0.000000,0.000000,1
1290,14.175000,121.875000,0.435547,44.999957,0.000000,1
1300,14.625001,121.749999,0.421875,46.703962,-15.524196,1
1310,14.625001,121.749999,0.421875,0.000000,0.000000,1
1320,14.962501,121.500000,0.416016,42.000687,-36.528751,1
1330,14.962501,121.500000,0.416016,0.000000,0.000000,1
1340,15.300001,120.999999,0.420898,60.324722,-55.980701,1
1350,15.525000,120.500000,0.445313,54.829202,-65.772316,1
1360,15.525000,120.500000,0.445313,0.000000,0.000000,1
1370,15.750000,119.250000,0.484375,127.008819,-79.796003,1
1380,15.750000,119.250000,0.484375,0.000000,0.000000,1
1390,15.975001,117.500000,0.504883,176.440553,-82.673581,1
1400,16.087500,115.625000,0.513672,187.837194,-86.566383,1
1410,16.087500,115.625000,0.513672,0.000000,0.000000,1
1420,15.975001,112.749999,0.578125,287.720070,-92.240857,1
1430,15.975001,112.749999,0.578125,0.000000,0.000000,1
1440,15.750000,110.874999,0.583984,188.845180,-96.842786,1
1450,15.525000,108.624999,0.589844,226.122206,-95.710604,1
1460,15.525000,108.624999,0.589844,0.000000,0.000000,1
1470,15.300001,106.500000,0.601563,213.687753,-96.044072,1
1480,15.300001,106.500000,0.601563,0.000000,0.000000,1
1490,15.075000,104.250000,0.608398,226.122206,-95.710604,1
1500,14.962501,101.874999,0.628906,237.766391,-92.711972,1
1510,14.962501,101.874999,0.628906,0.000000,0.000000,1
1520,14.625001,98.250000,0.644531,364.067636,-95.319102,1
1530,14.625001,98.250000,0.644531,0.000000,0.000000,1
1540,14.512500,95.374998,0.658203,287.720218,-92.240881,1
1550,14.175000,92.499999,0.662109,289.474105,-96.695385,1
1560,14.175000,92.499999,0.662109,0.000000,0.000000,1
1570,13.950001,87.874998,0.666016,463.047065,-92.785155,1
1580,13.950001,87.874998,0.666016,0.000000,0.000000,1
1590,13.612501,84.499998,0.674805,339.183302,-95.710593,1
1600,13.387500,81.375000,0.688477,313.308766,-94.118200,1
1610,13.387500,81.375000,0.688477,0.000000,0.000000,1
1620,13.275001,78.124998,0.698242,325.194842,-91.982515,1
1630,13.275001,78.124998,0.698242,0.000000,0.000000,1
1640,13.275001,74.749998,0.713867,337.500000,-90.000000,1
1650,13.387500,71.124996,0.732422,362.674716,-88.222433,1
1660,13.387500,71.124996,0.732422,0.000000,0.000000,1
1670,13.837500,65.749998,0.763672,539.380238,-85.214307,1
1680,13.837500,65.749998,0.763672,0.000000,0.000000,1
1690,14.062500,62.250000,0.773438,350.722281,-86.321752,1
1700,14.287501,58.999998,0.779297,325.778108,-86.039683,1
1710,14.287501,58.999998,0.779297,0.000000,0.000000,1
1720,14.287501,55.999998,0.787109,300.000000,-90.000000,1
1730,14.287501,55.999998,0.787109,0.000000,0.000000,1
1740,14.287501,51.999996,0.792969,400.000191,-90.000000,1
1750,14.175000,49.500000,0.792969,250.252620,-92.576595,1
1760,14.175000,49.500000,0.792969,0.000000,0.000000,1
1770,13.837500,47.499996,0.790039,202.828043,-99.578405,1
1780,13.837500,47.499996,0.790039,0.000000,0.000000,1
1790,13.725000,46.374996,0.753906,113.061096,-95.710571,1
1800,13.725000,46.125000,0.622070,24.999619,-90.000000,1
1810,13.725000,46.125000,0.622070,0.000000,0.000000,1
1820,13.612501,47.250000,0.000000,113.061096,95.710571,0
1830,13.612501,47.250000,0.000000,0.000000,0.000000,0
1840,13.275001,49.999998,0.000000,277.063093,96.996771,0
1850,13.050000,52.500000,0.000000,251.010652,95.142770,0
1860,13.050000,52.500000,0.000000,0.000000,0.000000,0
1870,12.825000,55.249998,0.000000,275.918733,94.677430,0
1880,12.825000,55.249998,0.000000,0.000000,0.000000,0
1890,12.262501,59.749998,0.000000,453.501988,97.125006,0
1900,12.262501,59.749998,0.000000,0.000000,0.000000,0
1910,12.150000,63.375000,0.000000,362.674720,91.777587,0
1920,12.150000,66.750000,0.000000,337.500000,90.000000,0
1930,12.150000,66.750000,0.000000,0.000000,0.000000,0
1940,12.262501,70.500000,0.000000,375.168715,88.281629,0
1950,12.600001,73.999998,0.000000,351.623277,84.492076,0
1960,12.600001,73.999998,0.000000,0.000000,0.000000,0
1970,13.275001,79.125000,0.000000,516.926199,82.496915,0
1980,13.275001,79.125000,0.000000,0.000000,0.000000,0
1990,13.500000,81.874998,0.000000,275.918722,85.322597,0
2000,13.387500,84.124998,0.000000,225.281072,92.862394,0
2010,13.387500,84.124998,0.000000,0.000000,0.000000,0
2020,13.162500,86.499996,0.000000,238.563223,95.411884,0
2030,13.162500,86.499996,0.000000,0.000000,0.000000,0
2040,12.487500,88.749999,0.000000,234.907170,106.699224,0
2050,12.375000,89.250000,0.000000,51.250084,102.680313,0
2060,12.375000,89.250000,0.000000,0.000000,0.000000,0
2070,12.150000,89.749998,0.000000,54.829124,114.227868,0
2080,12.150000,89.749998,0.000000,0.000000,0.000000,0
2090,11.812500,90.499998,0.000000,82.243921,114.227745,0
2100,11.475000,91.125000,0.000000,71.030531,118.368973,0
2110,11.475000,91.125000,0.000000,0.000000,0.000000,0
2120,11.137500,91.624998,0.000000,60.324484,124.019451,0
2130,11.137500,91.624998,0.000000,0.000000,0.000000,0
2140,10.912501,91.875000,0.000000,33.634144,131.986886,0
2150,10.912501,91.875000,0.000000,0.000000,0.000000,0
2160,10.687500,91.875000,0.000000,22.500043,180.000000,0
2170,10.687500,91.875000,0.000000,0.000000,0.000000,0
2180,10.687500,91.875000,0.000000,0.000000,0.000000,0
2190,10.687500,91.875000,0.000000,0.000000,0.000000,0
2200,10.687500,91.624998,0.000000,25.000191,-90.000000,0
2210,10.687500,91.624998,0.000000,0.000000,0.000000,0
2220,10.575000,91.624998,0.000000,11.250021,180.000000,0
2230,10.575000,91.624998,0.000000,0.000000,0.000000,0
2240,10.575000,91.624998,0.000000,0.000000,0.000000,0
2250,10.575000,91.624998,0.000000,0.000000,0.000000,0
2260,10.575000,91.624998,0.000000,0.000000,0.000000,0
2270,10.237500,91.500000,0.000000,35.990384,-159.677148,0
2280,10.237500,91.500000,0.000000,0.000000,0.000000,0
2290,10.125000,91.624998,0.000000,16.816903,131.987702,0
2300,10.012500,91.749999,0.204102,16.817072,131.986886,1
2310,10.012500,91.749999,0.204102,0.000000,0.000000,1
2320,10.012500,91.749999,0.204102,0.000000,0.000000,1
2330,10.012500,91.749999,0.204102,0.000000,0.000000,1
2340,9.900000,91.749999,0.355469,11.250021,180.000000,1
2350,9.900000,91.749999,0.355469,0.000000,0.000000,1
2360,9.900000,91.749999,0.355469,0.000000,0.000000,1
2370,9.787500,91.624998,0.500977,16.817115,-131.987049,1
2380,9.787500,91.624998,0.500977,0.000000,0.000000,1
2390,9.787500,91.125000,0.514648,49.999809,-90.000000,1
2400,9.562500,89.874999,0.537109,127.008948,-100.203957,1
2410,9.562500,89.874999,0.537109,0.000000,0.000000,1
2420,9.337500,86.874996,0.591797,300.842850,-94.289145,1
2430,9.337500,86.874996,0.591797,0.000000,0.000000,1
2440,9.000000,84.874998,0.624023,202.827479,-99.578432,1
2450,8.437500,82.624998,0.656250,231.924702,-104.036254,1
2460,8.437500,82.624998,0.656250,0.000000,0.000000,1
2470,7.875000,80.250000,0.690430,244.070112,-103.324537,1
2480,7.875000,80.250000,0.690430,0.000000,0.000000,1
2490,6.750000,76.125000,0.716797,427.565790,-105.255121,1
2500,5.737500,72.999996,0.735352,328.493609,-107.952304,1
2510,5.737500,72.999996,0.735352,0.000000,0.000000,1
2520,4.612500,69.999996,0.738281,320.400137,-110.556043,1
2530,4.612500,69.999996,0.738281,0.000000,0.000000,1
2540,3.262500,66.999996,0.749023,328.975683,-114.227745,1
2550,1.687500,64.125000,0.749023,327.814405,-118.715111,1
2560,1.687500,64.125000,0.749023,0.000000,0.000000,1
2570,0.000000,60.750000,0.777344,377.336471,-116.565051,1
2580,0.000000,60.750000,0.777344,0.000000,0.000000,1
2590,0.000000,59.250000,0.779297,150.000000,-90.000000,1
2600,0.000000,58.749996,0.778320,50.000381,-90.000000,1
2610,0.000000,58.749996,0.778320,0.000000,0.000000,1
2620,0.000000,58.500000,0.750000,24.999619,-90.000000,1
2630,0.000000,58.500000,0.750000,0.000000,0.000000,1
2640,0.000000,59.749998,0.000000,124.999809,90.000000,0
2650,0.000000,61.624998,0.000000,187.500000,90.000000,0
2660,0.000000,61.624998,0.000000,0.000000,0.000000,0
2670,0.000000,63.750000,0.000000,212.500191,90.000000,0
2680,0.000000,63.750000,0.000000,0.000000,0.000000,0
2690,0.675000,66.249996,0.000000,258.951847,74.890403,0
2700,2.362500,69.624996,0.000000,377.336471,63.434949,0
2710,2.362500,69.624996,0.000000,0.000000,0.000000,0
2720,5.625000,74.625000,0.000000,597.025520,56.875568,0
2730,5.625000,74.625000,0.000000,0.000000,0.000000,0
2740,7.987500,78.000000,0.000000,411.971252,55.007980,0
2750,10.462500,81.000000,0.000000,388.916738,50.477374,0
2760,10.462500,81.000000,0.000000,0.000000,0.000000,0
2770,12.712500,83.374998,0.000000,327.156199,46.548129,0
2780,12.712500,83.374998,0.000000,0.000000,0.000000,0
2790,14.400000,85.125000,0.000000,243.108267,46.041658,0
2800,15.525000,86.874996,0.000000,208.041118,57.264727,0
2810,15.525000,86.874996,0.000000,0.000000,0.000000,0
2820,15.750000,87.124998,0.000000,33.634231,48.012951,0
2830,15.750000,87.124998,0.000000,0.000000,0.000000,0
2840,15.862500,87.249999,0.000000,16.817072,48.013114,0
2850,16.087500,87.624999,0.000000,43.732161,59.036195,0
2860,16.087500,87.624999,0.000000,0.000000,0.000000,0
2870,15.975001,87.750000,0.000000,16.817072,131.986886,0
2880,15.975001,87.750000,0.000000,0.000000,0.000000,0
2890,15.525000,87.999999,0.000000,51.478179,150.945535,0
2900,15.075000,88.249998,0.000000,51.478067,150.945465,0
2910,15.075000,88.249998,0.000000,0.000000,0.000000,0
2920,14.850000,88.624998,0.000000,43.732161,120.963805,0
2930,14.850000,88.624998,0.000000,0.000000,0.000000,0
2940,14.625001,88.875000,0.436523,33.634144,131.986886,1
2950,14.625001,88.875000,0.436523,0.000000,0.000000,1
2960,14.625001,88.875000,0.436523,0.000000,0.000000,1
2970,14.737500,88.749999,0.487305,16.817072,-48.013114,1
2980,14.737500,88.749999,0.487305,0.000000,0.000000,1
2990,15.075000,88.249998,0.499023,60.324722,-55.980701,1
3000,15.862500,86.749998,0.541016,169.415335,-62.300540,1
3010,15.862500,86.749998,0.541016,0.000000,0.000000,1
3020,17.550000,84.000000,0.571289,322.647575,-58.465190,1
3030,17.550000,84.000000,0.571289,0.000000,0.000000,1
3040,19.575000,81.249996,0.609375,341.513484,-53.633458,1
3050,20.812500,79.749996,0.617188,194.458410,-50.477359,1
3060,20.812500,79.749996,0.617188,0.000000,0.000000,1
3070,21.262500,79.249998,0.618164,67.267950,-48.012706,1
3080,21.262500,79.249998,0.618164,0.000000,0.000000,1
3090,21.825002,78.499998,0.625977,93.750103,-53.130018,1
3100,22.612500,77.625000,0.622070,117.718954,-48.012788,1
3110,22.612500,77.625000,0.622070,0.000000,0.000000,1
3120,22.725001,77.374998,0.403320,27.414849,-65.772255,1
3130,22.275000,78.000000,0.000000,77.014814,125.753856,0
3140,22.275000,78.000000,0.000000,0.000000,0.000000,0
3150,21.600000,80.124996,0.000000,222.962638,107.622327,0
3160,21.600000,80.124996,0.000000,0.000000,0.000000,0
3170,21.712501,82.374996,0.000000,225.281079,87.137573,0
3180,21.712501,82.374996,0.000000,0.000000,0.000000,0
3190,22.950000,86.124996,0.000000,394.891176,71.737122,0
3200,23.850002,88.374999,0.000000,242.332746,68.198578,0
3210,23.850002,88.374999,0.000000,0.000000,0.000000,0
3220,24.637500,90.375000,0.000000,214.945513,68.508012,0
3230,24.637500,90.375000,0.000000,0.000000,0.000000,0
3240,25.312500,91.999998,0.000000,175.961467,67.442730,0
3250,25.650000,93.375000,0.000000,141.581655,76.209152,0
3260,25.650000,93.375000,0.000000,0.000000,0.000000,0
3270,25.650000,93.624999,0.000000,24.999905,90.000000,0
3280,25.650000,93.624999,0.000000,0.000000,0.000000,0
3290,25.537502,93.999999,0.000000,39.151100,106.699004,0
3300,25.087501,94.624998,0.000000,77.014582,125.753981,0
3310,25.087501,94.624998,0.000000,0.000000,0.000000,0
3320,24.412501,94.749999,0.000000,68.647668,169.508445,0
3330,24.412501,94.749999,0.000000,0.000000,0.000000,0
3340,23.062501,94.500000,0.000000,137.295285,-169.508562,0
3350,22.162502,94.125000,0.000000,97.499921,-157.380116,0
3360,22.162502,94.125000,0.000000,0.000000,0.000000,0
3370,21.262500,93.750000,0.000000,97.500158,-157.380174,0
3380,21.262500,93.750000,0.000000,0.000000,0.000000,0
3390,20.475000,93.499998,0.000000,82.623031,-162.387287,0
3400,19.575000,93.249999,0.000000,93.407724,-164.475952,0
3410,19.575000,93.249999,0.000000,0.000000,0.000000,0
3420,19.125000,93.124998,0.000000,46.703838,-164.475762,0
3430,19.125000,93.124998,0.000000,0.000000,0.000000,0
3440,18.787500,93.124998,0.000000,33.750000,180.000000,0
3450,18.450000,93.124998,0.000000,33.750000,180.000000,0
3460,18.450000,93.124998,0.000000,0.000000,0.000000,0
3470,18.337501,93.000000,0.000000,16.816860,-131.987539,0
3480,18.337501,93.000000,0.000000,0.000000,0.000000,0
3490,18.225000,92.749998,0.230469,27.414849,-114.227745,1
3500,18.225000,92.749998,0.230469,0.000000,0.000000,1
3510,18.225000,92.749998,0.230469,0.000000,0.000000,1
3520,18.337501,92.749998,0.293945,11.250086,0.000000,1
3530,18.562500,92.749998,0.355469,22.499914,0.000000,1
3540,18.562500,92.749998,0.355469,0.000000,0.000000,1
3550,19.462500,93.124998,0.411133,97.500040,22.619855,1
3560,19.462500,93.124998,0.411133,0.000000,0.000000,1
3570,20.587500,93.750000,0.465820,128.695432,29.054688,1
3580,20.587500,93.750000,0.465820,0.000000,0.000000,1
3590,22.837502,94.999998,0.489258,257.390811,29.054548,1
3600,24.750001,96.249999,0.530273,228.476593,33.168453,1
3610,24.750001,96.249999,0.530273,0.000000,0.000000,1
3620,27.225002,97.875000,0.561523,296.078661,33.287534,1
3630,27.225002,97.875000,0.561523,0.000000,0.000000,1
3640,31.387500,100.500000,0.590820,492.107884,32.236797,1
3650,34.312502,102.499998,0.617188,354.339208,34.362744,1
3660,34.312502,102.499998,0.617188,0.000000,0.000000,1
3670,37.462500,104.374998,0.637695,366.580335,30.762733,1
3680,37.462500,104.374998,0.637695,0.000000,0.000000,1
3690,40.387502,106.500000,0.651367,361.542088,35.998253,1
3700,43.425002,108.624999,0.657227,370.702404,34.976181,1
3710,43.425002,108.624999,0.657227,0.000000,0.000000,1
3720,47.587500,111.500000,0.698242,505.885557,34.632492,1
3730,47.587500,111.500000,0.698242,0.000000,0.000000,1
3740,49.837502,112.875000,0.703125,263.687960,31.429555,1
3750,51.637500,114.000000,0.707031,212.264430,32.005408,1
3760,51.637500,114.000000,0.707031,0.000000,0.000000,1
3770,52.987500,114.750000,0.706055,154.434452,29.054604,1
3780,52.987500,114.750000,0.706055,0.000000,0.000000,1
3790,53.550002,114.999999,0.706055,61.555479,23.962343,1
3800,54.000000,115.125000,0.667969,46.703714,15.524280,1
3810,54.000000,115.125000,0.667969,0.000000,0.000000,1
3820,54.112503,115.250000,0.609375,16.817224,48.011809,1
3830,53.325000,115.374999,0.000000,79.736224,170.980750,0
3840,53.325000,115.374999,0.000000,0.000000,0.000000,0
3850,52.875002,115.500000,0.000000,46.703714,164.475720,0
3860,52.875002,115.500000,0.000000,0.000000,0.000000,0
3870,51.862502,115.749999,0.000000,104.290737,166.130364,0
3880,51.862502,115.749999,0.000000,0.000000,0.000000,0
3890,50.625000,116.250000,0.000000,133.469527,157.999291,0
3900,49.500002,116.874999,0.000000,128.695180,150.945396,0
3910,49.500002,116.874999,0.000000,0.000000,0.000000,0
3920,48.825002,117.500000,0.000000,91.991880,137.202576,0
3930,48.825002,117.500000,0.000000,0.000000,0.000000,0
3940,47.362503,118.749999,0.000000,192.390229,139.479438,0
3950,46.462502,119.750000,0.000000,134.536391,131.987253,0
3960,46.462502,119.750000,0.000000,0.000000,0.000000,0
3970,45.562500,120.500000,0.000000,117.153877,140.194483,0
3980,45.562500,120.500000,0.000000,0.000000,0.000000,0
3990,44.662503,121.250000,0.000000,117.153481,140.194321,0
4000,43.987503,122.000000,0.000000,100.902180,131.987212,0
4010,43.987503,122.000000,0.000000,0.000000,0.000000,0
4020,42.975001,123.250000,0.000000,160.862117,129.007538,0
4030,42.975001,123.250000,0.000000,0.000000,0.000000,0
4040,42.187500,123.875000,0.000000,100.537670,141.562740,0
4050,41.400002,124.500000,0.000000,100.537513,141.562616,0
4060,41.400002,124.500000,0.000000,0.000000,0.000000,0
4070,40.387502,125.000000,0.000000,112.922795,153.718611,0
4080,40.387502,125.000000,0.000000,0.000000,0.000000,0
4090,39.262501,125.625000,0.000000,128.695475,150.945396,0
4100,38.587501,126.000000,0.000000,77.217226,150.945396,0
4110,38.587501,126.000000,0.000000,0.000000,0.000000,0
4120,37.912501,126.375000,0.000000,77.217226,150.945396,0
4130,37.912501,126.375000,0.000000,0.000000,0.000000,0
4140,37.237501,126.750000,0.000000,77.217226,150.945396,0
4150,36.562501,127.125000,0.000000,77.217226,150.945396,0
4160,36.562501,127.125000,0.000000,0.000000,0.000000,0
4170,35.887501,127.625000,0.000000,84.001460,143.471171,0
4180,35.887501,127.625000,0.000000,0.000000,0.000000,0
4190,35.437500,128.375000,0.035156,87.464323,120.963805,1
4200,35.325002,128.500000,0.185547,16.816933,131.986723,1
4210,35.325002,128.500000,0.185547,0.000000,0.000000,1
4220,35.212501,128.750000,0.294922,27.414654,114.227929,1
4230,35.212501,128.750000,0.294922,0.000000,0.000000,1
4240,35.212501,129.125000,0.380859,37.500036,90.000000,1
4250,35.437500,129.250000,0.421875,25.738995,29.054674,1
4260,35.437500,129.250000,0.421875,0.000000,0.000000,1
4270,35.775000,129.625000,0.445313,50.451090,48.012788,1
4280,35.775000,129.625000,0.445313,0.000000,0.000000,1
4290,36.562501,130.125000,0.469727,93.282251,32.412291,1
4300,37.462500,130.500000,0.482422,97.499921,22.619884,1
4310,37.462500,130.500000,0.482422,0.000000,0.000000,1
4320,39.937501,131.125000,0.490234,255.269543,14.172328,1
4330,39.937501,131.125000,0.490234,0.000000,0.000000,1
4340,40.387502,131.250000,0.491211,46.703943,15.524111,1
4350,41.062502,131.250000,0.491211,67.500000,0.000000,1
4360,41.062502,131.250000,0.491211,0.000000,0.000000,1
4370,41.625001,131.125000,0.483398,57.622074,-12.528849,1
4380,41.625001,131.125000,0.483398,0.000000,0.000000,1
4390,42.300001,130.375000,0.474609,100.902180,-48.012788,1
4400,42.750002,129.000000,0.491211,144.676367,-71.878105,1
4410,42.750002,129.000000,0.491211,0.000000,0.000000,1
4420,42.975001,126.750000,0.516602,226.122193,-84.289429,1
4430,42.975001,126.750000,0.516602,0.000000,0.000000,1
4440,43.200000,124.750000,0.541016,201.261660,-83.581238,1
4450,43.312503,122.625000,0.571289,212.797580,-86.969431,1
4460,43.312503,122.625000,0.571289,0.000000,0.000000,1
4470,43.650003,119.375000,0.605469,326.747752,-84.071305,1
4480,43.650003,119.375000,0.605469,0.000000,0.000000,1
4490,43.762502,116.874999,0.628906,250.253037,-87.423468,1
4500,43.875000,113.874999,0.655273,300.210857,-87.852447,1
4510,43.875000,113.874999,0.655273,0.000000,0.000000,1
4520,43.875000,110.625000,0.706055,324.999905,-90.000000,1
4530,43.875000,110.625000,0.706055,0.000000,0.000000,1
4540,43.762502,105.750000,0.726563,487.629786,-91.321955,1
4550,43.537500,102.249999,0.728516,350.722575,-93.678266,1
4560,43.537500,102.249999,0.728516,0.000000,0.000000,1
4570,43.312503,98.499999,0.728516,375.674373,-93.433578,1
4580,43.312503,98.499999,0.728516,0.000000,0.000000,1
4590,42.975001,94.624998,0.740234,388.967099,-94.977753,1
4600,42.525000,90.375000,0.744141,427.375532,-96.044106,1
4610,42.525000,90.375000,0.744141,0.000000,0.000000,1
4620,42.300001,86.374998,0.760742,400.632498,-93.219481,1
4630,42.300001,86.374998,0.760742,0.000000,0.000000,1
4640,42.075002,80.374998,0.792969,600.421724,-92.147577,1
4650,42.075002,76.374996,0.796875,400.000191,-90.000000,1
4660,42.075002,76.374996,0.796875,0.000000,0.000000,1
4670,42.187500,72.624996,0.797852,375.168707,-88.281668,1
4680,42.187500,72.624996,0.797852,0.000000,0.000000,1
4690,42.412502,67.125000,0.807617,550.459661,-87.657369,1
4700,42.750002,63.499998,0.807617,364.067921,-84.680902,1
4710,42.750002,63.499998,0.807617,0.000000,0.000000,1
4720,42.975001,60.000000,0.814453,350.722273,-86.321773,1
4730,42.975001,60.000000,0.814453,0.000000,0.000000,1
4740,43.200000,56.749998,0.820313,325.778100,-86.039706,1
4750,43.312503,53.374998,0.822266,337.687459,-88.090789,1
4760,43.312503,53.374998,0.822266,0.000000,0.000000,1
4770,43.312503,49.999998,0.825195,337.500000,-90.000000,1
4780,43.312503,49.999998,0.825195,0.000000,0.000000,1
4790,43.200000,45.375000,0.827148,462.636622,-91.393449,1
4800,43.087502,42.499998,0.827148,287.720208,-92.240830,1
4810,43.087502,42.499998,0.827148,0.000000,0.000000,1
4820,42.975001,39.750000,0.828125,275.229830,-92.342631,1
4830,42.975001,39.750000,0.828125,0.000000,0.000000,1
4840,42.975001,35.874996,0.816406,387.500381,-90.000000,1
4850,43.087502,33.375000,0.723633,250.252620,-87.423405,1
4860,43.087502,33.375000,0.723633,0.000000,0.000000,1
4870,43.087502,31.500000,0.477539,187.500000,-90.000000,1
4880,42.862500,31.249992,0.000000,33.634742,-131.986560,0
4890,42.862500,31.249992,0.000000,0.000000,0.000000,0
4900,42.525000,31.749996,0.000000,60.324959,124.019147,0
4910,42.525000,31.749996,0.000000,0.000000,0.000000,0
4920,41.625001,34.249992,0.000000,265.706217,109.798887,0
4930,39.937501,39.124998,0.000000,515.881159,109.093471,0
4940,39.937501,39.124998,0.000000,0.000000,0.000000,0
4950,39.375002,42.375000,0.000000,329.832043,99.819280,0
4960,39.375002,42.375000,0.000000,0.000000,0.000000,0
4970,39.037502,45.999996,0.000000,364.067351,95.319106,0
4980,39.037502,45.999996,0.000000,0.000000,0.000000,0
4990,38.587501,49.749996,0.000000,377.690360,96.842786,0
5000,38.025002,55.875000,0.000000,615.077857,95.247128,0
5010,38.025002,55.875000,0.000000,0.000000,0.000000,0
5020,38.475000,59.374998,0.000000,352.880789,82.673617,0
5030,39.150000,63.124998,0.000000,381.026574,79.796026,0
5040,39.150000,63.124998,0.000000,0.000000,0.000000,0
5050,39.712502,66.375000,0.000000,329.832087,80.180676,0
5060,39.712502,66.375000,0.000000,0.000000,0.000000,0
5070,40.162500,69.375000,0.000000,303.356201,81.469266,0
5080,40.162500,69.375000,0.000000,0.000000,0.000000,0
5090,40.500000,73.875000,0.000000,451.263850,85.710847,0
5100,40.837500,76.749996,0.000000,289.473821,83.304608,0
5110,40.837500,76.749996,0.000000,0.000000,0.000000,0
5120,41.062502,79.374996,0.000000,263.462536,85.100870,0
5130,41.062502,79.374996,0.000000,0.000000,0.000000,0
5140,41.512500,81.499998,0.000000,217.212605,78.043470,0
5150,41.962501,84.000000,0.000000,254.017919,79.796015,0
5160,41.962501,84.000000,0.000000,0.000000,0.000000,0
5170,41.962501,84.874998,0.000000,87.499809,90.000000,0
5180,41.962501,84.874998,0.000000,0.000000,0.000000,0
5190,41.737502,85.374996,0.000000,54.829071,114.227745,0
5200,41.512500,85.999998,0.000000,66.426889,109.798960,0
5210,41.512500,85.999998,0.000000,0.000000,0.000000,0
5220,41.062502,86.625000,0.000000,77.014663,125.753701,0
5230,41.062502,86.625000,0.000000,0.000000,0.000000,0
5240,40.500000,87.624999,0.000000,114.734749,119.357852,0
5250,40.275001,88.249998,0.000000,66.426532,109.798835,0
5260,40.275001,88.249998,0.000000,0.000000,0.000000,0
5270,40.050002,88.749999,0.000000,54.829332,114.227623,0
5280,39.825000,88.999998,0.000000,33.634104,131.987539,0
5290,39.825000,88.999998,0.000000,0.000000,0.000000,0
5300,39.600001,89.124999,0.000000,25.739047,150.945118,0
5310,39.600001,89.124999,0.000000,0.000000,0.000000,0
5320,39.600001,89.124999,0.000000,0.000000,0.000000,0
5330,39.600001,89.124999,0.000000,0.000000,0.000000,0
5340,39.600001,89.124999,0.000000,0.000000,0.000000,0
5350,39.487500,88.999998,0.000000,16.817158,-131.987212,0
5360,39.487500,88.999998,0.263672,0.000000,0.000000,1
5370,39.487500,88.999998,0.263672,0.000000,0.000000,1
5380,39.487500,88.999998,0.263672,0.000000,0.000000,1
5390,39.487500,88.875000,0.327148,12.499809,-90.000000,1
5400,39.262501,87.999999,0.468750,90.346626,-104.420705,1
5410,39.262501,87.999999,0.468750,0.000000,0.000000,1
5420,38.812500,86.625000,0.531250,144.676299,-108.121904,1
5430,38.812500,86.625000,0.531250,0.000000,0.000000,1
5440,37.575001,83.625000,0.586914,324.521249,-112.416133,1
5450,36.000002,79.500000,0.648438,441.545550,-110.897755,1
5460,36.000002,79.500000,0.648438,0.000000,0.000000,1
5470,34.425000,76.500000,0.690430,338.830790,-117.699499,1
5480,34.425000,76.500000,0.690430,0.000000,0.000000,1
5490,32.512501,73.374996,0.740234,366.378245,-121.466590,1
5500,30.262502,70.500000,0.770508,365.076693,-128.047069,1
5510,30.262502,70.500000,0.770508,0.000000,0.000000,1
5520,27.675000,67.500000,0.791016,396.171240,-130.777789,1
5530,25.312500,65.374998,0.819336,317.758389,-138.029515,1
5540,25.312500,65.374998,0.819336,0.000000,0.000000,1
5550,22.050001,62.625000,0.798828,426.689467,-139.872075,1
5560,22.050001,62.625000,0.798828,0.000000,0.000000,1
5570,20.362501,61.374996,0.729492,210.003947,-143.471061,1
5580,20.362501,61.374996,0.729492,0.000000,0.000000,1
5590,19.462500,60.750000,0.595703,109.572853,-145.222345,1
5600,18.562500,60.375000,0.000000,97.500040,-157.380145,0
5610,18.562500,60.375000,0.000000,0.000000,0.000000,0
5620,18.337501,61.749996,0.000000,139.328358,99.293299,0
5630,18.337501,61.749996,0.000000,0.000000,0.000000,0
5640,19.012501,63.999996,0.000000,234.906896,73.300756,0
5650,20.475000,66.874998,0.000000,322.560707,63.037780,0
5660,20.475000,66.874998,0.000000,0.000000,0.000000,0
5670,22.837502,70.875000,0.000000,464.558151,59.432837,0
5680,22.837502,70.875000,0.000000,0.000000,0.000000,0
5690,25.425001,75.124998,0.000000,497.570453,58.665958,0
5700,30.825001,81.375000,0.000000,825.969272,49.172993,0
5710,30.825001,81.375000,0.000000,0.000000,0.000000,0
5720,33.862501,84.874998,0.000000,463.426293,49.046672,0
5730,33.862501,84.874998,0.000000,0.000000,0.000000,0
5740,37.125000,88.125000,0.000000,460.504213,44.890052,0
5750,41.175000,91.749999,0.000000,543.535814,41.830499,0
5760,41.175000,91.749999,0.000000,0.000000,0.000000,0
5770,42.975001,93.499998,0.000000,251.047799,44.193041,0
5780,44.437502,94.624998,0.000000,184.513787,37.568576,0
5790,44.437502,94.624998,0.000000,0.000000,0.000000,0
5800,45.225000,94.999998,0.000000,87.222620,25.463394,0
5810,45.225000,94.999998,0.000000,0.000000,0.000000,0
5820,45.450002,94.999998,0.000000,22.500172,0.000000,0
5830,45.450002,94.999998,0.000000,0.000000,0.000000,0
5840,45.562500,94.875000,0.000000,16.816773,-48.012788,0
5850,45.450002,94.374999,0.000000,51.250055,-102.680173,0
5860,45.450002,94.374999,0.000000,0.000000,0.000000,0
5870,45.112502,93.499998,0.000000,93.783416,-111.092319,0
5880,44.662503,92.874999,0.000000,77.014431,-125.753825,0
5890,44.662503,92.874999,0.000000,0.000000,0.000000,0
5900,44.212500,92.499999,0.000000,58.577136,-140.194644,0
5910,44.212500,92.499999,0.000000,0.000000,0.000000,0
5920,43.537500,91.875000,0.000000,91.991783,-137.202642,0
5930,43.537500,91.875000,0.000000,0.000000,0.000000,0
5940,43.087502,91.624998,0.000000,51.478093,-150.945118,0
5950,42.525000,91.374999,0.000000,61.555479,-156.037657,0
5960,42.525000,91.374999,0.000000,0.000000,0.000000,0
5970,42.300001,91.374999,0.000000,22.499914,180.000000,0
5980,41.962501,91.374999,0.000000,33.750000,180.000000,0
5990,41.962501,91.374999,0.000000,0.000000,0.000000,0
6000,41.625001,91.749999,0.000000,50.451090,131.987212,0
6010,41.625001,91.749999,0.000000,0.000000,0.000000,0
6020,41.512500,91.999998,0.000000,27.414589,114.227991,0
6030,41.512500,91.999998,0.000000,0.000000,0.000000,0
6040,41.625001,91.999998,0.321289,11.250086,0.000000,1
6050,41.625001,91.999998,0.321289,0.000000,0.000000,1
6060,41.625001,91.999998,0.321289,0.000000,0.000000,1
6070,41.625001,91.999998,0.321289,0.000000,0.000000,1
6080,41.850000,91.875000,0.438477,25.738908,-29.054326,1
6090,41.850000,91.875000,0.438477,0.000000,0.000000,1
6100,42.300001,91.624998,0.479492,51.478318,-29.054743,1
6110,42.300001,91.624998,0.479492,0.000000,0.000000,1
6120,42.862500,91.125000,0.506836,75.259775,-41.633474,1
6130,42.862500,91.125000,0.506836,0.000000,0.000000,1
6140,43.537500,90.624999,0.536133,84.001545,-36.528908,1
6150,44.887500,89.499999,0.563477,175.730618,-39.805571,1
6160,44.887500,89.499999,0.563477,0.000000,0.000000,1
6170,46.462502,88.125000,0.587891,209.075412,-41.121425,1
6180,47.925000,87.000000,0.601563,184.513583,-37.568625,1
6190,47.925000,87.000000,0.601563,0.000000,0.000000,1
6200,49.162502,85.999998,0.616211,159.104190,-38.941027,1
6210,49.162502,85.999998,0.616211,0.000000,0.000000,1
6220,51.187502,84.249996,0.666016,267.640275,-40.833526,1
6230,51.187502,84.249996,0.666016,0.000000,0.000000,1
6240,52.537502,82.999998,0.684570,183.983565,-42.797358,1
6250,54.000000,81.750000,0.706055,192.390136,-40.520530,1
6260,54.000000,81.750000,0.706055,0.000000,0.000000,1
6270,55.687500,80.374998,0.739258,217.676055,-39.173697,1
6280,57.150003,79.125000,0.758789,192.390528,-40.520430,1
6290,57.150003,79.125000,0.758789,0.000000,0.000000,1
6300,59.737500,77.250000,0.769531,319.542853,-35.928539,1
6310,59.737500,77.250000,0.769531,0.000000,0.000000,1
6320,61.537503,75.874998,0.782227,226.509218,-37.375793,1
6330,61.537503,75.874998,0.782227,0.000000,0.000000,1
6340,63.675002,74.749998,0.791992,241.547592,-27.758560,1
6350,65.587503,73.624998,0.812500,221.884831,-30.465522,1
6360,65.587503,73.624998,0.812500,0.000000,0.000000,1
6370,68.512500,72.124998,0.836914,328.718800,-27.149709,1
6380,68.512500,72.124998,0.836914,0.000000,0.000000,1
6390,70.650003,71.124996,0.838867,235.985693,-25.071904,1
6400,72.675003,70.500000,0.840820,211.925582,-17.152323,1
6410,72.675003,70.500000,0.840820,0.000000,0.000000,1
6420,74.700003,69.874998,0.843750,211.925751,-17.152471,1
6430,74.700003,69.874998,0.843750,0.000000,0.000000,1
6440,76.837502,69.499998,0.845703,217.014375,-9.950635,1
6450,80.550002,69.624996,0.757813,371.460372,1.928393,1
6460,80.550002,69.624996,0.757813,0.000000,0.000000,1
6470,82.912502,69.999996,0.509766,239.207677,9.019322,1
6480,84.262502,70.374996,0.000000,140.111563,15.524111,0
6490,84.262502,70.374996,0.000000,0.000000,0.000000,0
6500,86.062500,70.875000,0.000000,186.815354,15.524238,0
6510,86.062500,70.875000,0.000000,0.000000,0.000000,0
6520,87.075000,71.124996,0.000000,104.290668,13.869483,0
6530,87.075000,71.124996,0.000000,0.000000,0.000000,0
6540,87.412500,71.374998,0.000000,42.000858,36.529064,0
6550,87.637507,71.749998,0.000000,43.732492,59.035472,0
6560,87.637507,71.749998,0.000000,0.000000,0.000000,0
6570,87.862503,72.375000,0.000000,66.426714,70.201458,0
6580,87.862503,72.375000,0.000000,0.000000,0.000000,0
6590,88.087500,73.249998,0.000000,90.346285,75.579408,0
6600,88.087500,73.249998,0.000000,0.000000,0.000000,0
6610,88.087500,73.249998,0.000000,0.000000,0.000000,0
6620,88.087500,73.249998,0.000000,0.000000,0.000000,0
6630,88.087500,73.249998,0.000000,0.000000,0.000000,0
6640,88.087500,73.249998,0.000000,0.000000,0.000000,0
6650,88.087500,73.249998,0.000000,0.000000,0.000000,0
6660,88.087500,73.249998,0.000000,0.000000,0.000000,0
6670,88.087500,73.249998,0.000000,0.000000,0.000000,0
6680,88.087500,73.249998,0.000000,0.000000,0.000000,0
6690,88.087500,73.249998,0.000000,0.000000,0.000000,0
6700,88.087500,73.249998,0.000000,0.000000,0.000000,0
6710,88.087500,73.249998,0.000000,0.000000,0.000000,0
6720,88.087500,73.249998,0.000000,0.000000,0.000000,0
6730,88.087500,73.249998,0.000000,0.000000,0.000000,0
6740,88.087500,73.249998,0.000000,0.000000,0.000000,0
6750,88.087500,73.249998,0.000000,0.000000,0.000000,0
6760,88.087500,73.249998,0.000000,0.000000,0.000000,0
6770,88.087500,73.249998,0.000000,0.000000,0.000000,0
6780,88.087500,73.249998,0.000000,0.000000,0.000000,0
6790,88.087500,73.249998,0.000000,0.000000,0.000000,0
6800,88.087500,73.249998,0.000000,0.000000,0.000000,0
6810,88.087500,73.249998,0.000000,0.000000,0.000000,0
6820,88.087500,73.249998,0.000000,0.000000,0.000000,0
6830,88.087500,73.249998,0.000000,0.000000,0.000000,0
6840,88.087500,73.249998,0.000000,0.000000,0.000000,0
6850,88.087500,73.249998,0.000000,0.000000,0.000000,0
6860,88.087500,73.249998,0.000000,0.000000,0.000000,0
6870,88.087500,73.249998,0.000000,0.000000,0.000000,0
6880,88.087500,73.249998,0.000000,0.000000,0.000000,0
6890,88.087500,73.249998,0.000000,0.000000,0.000000,0
6900,88.087500,73.249998,0.000000,0.000000,0.000000,0
6910,88.087500,73.249998,0.000000,0.000000,0.000000,0
6920,88.087500,73.249998,0.000000,0.000000,0.000000,0
6930,88.087500,73.249998,0.000000,0.000000,0.000000,0
6940,88.087500,73.249998,0.000000,0.000000,0.000000,0
6950,88.087500,73.249998,0.000000,0.000000,0.000000,0
6960,88.087500,73.249998,0.000000,0.000000,0.000000,0
6970,88.087500,73.249998,0.000000,0.000000,0.000000,0
6980,88.087500,73.249998,0.000000,0.000000,0.000000,0
6990,88.087500,73.249998,0.000000,0.000000,0.000000,0
7000,88.087500,73.249998,0.000000,0.000000,0.000000,0
7010,88.087500,73.249998,0.000000,0.000000,0.000000,0
7020,88.087500,73.249998,0.000000,0.000000,0.000000,0
7030,88.087500,73.249998,0.000000,0.000000,0.000000,0
7040,88.087500,73.249998,0.000000,0.000000,0.000000,0
7050,88.087500,73.249998,0.000000,0.000000,0.000000,0
7060,88.087500,73.249998,0.000000,0.000000,0.000000,0
7070,88.087500,73.249998,0.000000,0.000000,0.000000,0
7080,88.087500,73.249998,0.000000,0.000000,0.000000,0
7090,88.087500,73.249998,0.000000,0.000000,0.000000,0
7100,88.087500,73.249998,0.000000,0.000000,0.000000,0
7110,88.087500,73.249998,0.000000,0.000000,0.000000,0
7120,88.087500,73.249998,0.000000,0.000000,0.000000,0
7130,88.087500,73.249998,0.000000,0.000000,0.000000,0
7140,88.087500,73.249998,0.000000,0.000000,0.000000,0
7150,83.250002,80.250000,0.000000,850.890218,124.647226,0
7160,83.250002,80.250000,0.000000,0.000000,0.000000,0
7170,83.137503,80.124996,0.000000,16.817199,-131.985908,0
7180,83.137503,80.124996,0.000000,0.000000,0.000000,0
7190,83.137503,80.124996,0.000000,0.000000,0.000000,0
7200,83.137503,80.124996,0.000000,0.000000,0.000000,0
7210,83.137503,80.124996,0.000000,0.000000,0.000000,0
7220,83.025000,79.999998,0.000000,16.817118,-131.988517,0
7230,83.025000,79.999998,0.000000,0.000000,0.000000,0
7240,83.025000,80.124996,0.000000,12.499809,90.000000,0
7250,83.025000,80.124996,0.000000,0.000000,0.000000,0
7260,83.025000,80.124996,0.000000,0.000000,0.000000,0
7270,83.137503,80.374998,0.000000,27.414955,65.771764,0
7280,83.137503,80.374998,0.000000,0.000000,0.000000,0
7290,83.137503,80.374998,0.000000,0.000000,0.000000,0
7300,83.137503,80.374998,0.000000,0.000000,0.000000,0
7310,83.137503,80.374998,0.000000,0.000000,0.000000,0
7320,82.912502,80.374998,0.000000,22.500172,180.000000,0
7330,82.912502,80.374998,0.000000,0.000000,0.000000,0
7340,82.912502,80.499996,0.000000,12.499809,90.000000,0
7350,82.912502,80.499996,0.000000,0.000000,0.000000,0
7360,82.912502,80.749998,0.000000,25.000191,90.000000,0
7370,83.025000,80.749998,0.000000,11.249828,0.000000,0
7380,83.025000,80.874996,0.000000,12.499809,90.000000,0
7390,83.025000,80.874996,0.000000,0.000000,0.000000,0
7400,82.912502,80.874996,0.000000,11.249828,180.000000,0
7410,82.912502,80.874996,0.000000,0.000000,0.000000,0
7420,82.912502,80.749998,0.000000,12.499809,-90.000000,0
7430,82.800003,80.749998,0.000000,11.249828,180.000000,0
7440,82.800003,80.749998,0.000000,0.000000,0.000000,0
7450,82.912502,80.749998,0.000000,11.249828,0.000000,0
7460,82.912502,80.749998,0.000000,0.000000,0.000000,0
7470,82.912502,80.749998,0.000000,0.000000,0.000000,0
7480,82.912502,80.874996,0.000000,12.499809,90.000000,0
7490,82.912502,80.874996,0.000000,0.000000,0.000000,0
7500,82.912502,80.874996,0.000000,0.000000,0.000000,0
7510,82.912502,80.874996,0.000000,0.000000,0.000000,0
7520,82.800003,80.874996,0.000000,11.249828,180.000000,0
7530,82.800003,80.749998,0.000000,12.499809,-90.000000,0
7540,82.800003,80.749998,0.000000,0.000000,0.000000,0
7550,82.800003,80.874996,0.000000,12.499809,90.000000,0
7560,82.800003,80.874996,0.000000,0.000000,0.000000,0
7570,82.800003,80.874996,0.000000,0.000000,0.000000,0
7580,82.800003,80.874996,0.000000,0.000000,0.000000,0
7590,82.800003,80.874996,0.000000,0.000000,0.000000,0
7600,82.800003,80.874996,0.000000,0.000000,0.000000,0
7610,82.800003,80.874996,0.000000,0.000000,0.000000,0
7620,82.800003,81.124998,0.000000,25.000191,90.000000,0
7630,82.912502,81.124998,0.000000,11.249828,0.000000,0
7640,82.912502,81.124998,0.000000,0.000000,0.000000,0
7650,82.912502,81.249996,0.000000,12.499809,90.000000,0
7660,82.912502,81.249996,0.000000,0.000000,0.000000,0
7670,83.025000,81.375000,0.000000,16.817199,48.014092,0
7680,83.137503,81.624996,0.000000,27.414433,65.771273,0
7690,83.137503,81.624996,0.000000,0.000000,0.000000,0
7700,83.250002,81.874998,0.000000,27.414744,65.772745,0
7710,83.250002,81.874998,0.000000,0.000000,0.000000,0
7720,83.362500,82.125000,0.000000,27.414744,65.772745,0
7730,83.475003,82.500000,0.000000,39.151248,73.300275,0
7740,83.475003,82.500000,0.000000,0.000000,0.000000,0
7750,83.475003,82.500000,0.000000,0.000000,0.000000,0
7760,83.475003,82.500000,0.000000,0.000000,0.000000,0
7770,83.475003,82.500000,0.000000,0.000000,0.000000,0
7780,83.475003,82.500000,0.000000,0.000000,0.000000,0
7790,83.475003,82.500000,0.000000,0.000000,0.000000,0
7800,83.475003,82.500000,0.000000,0.000000,0.000000,0
7810,83.475003,82.500000,0.000000,0.000000,0.000000,0
7820,83.475003,82.500000,0.000000,0.000000,0.000000,0
7830,83.475003,82.500000,0.000000,0.000000,0.000000,0
7840,83.475003,82.500000,0.000000,0.000000,0.000000,0
7850,83.475003,82.500000,0.000000,0.000000,0.000000,0
7860,83.475003,82.500000,0.000000,0.000000,0.000000,0
7870,83.475003,82.500000,0.000000,0.000000,0.000000,0
7880,83.475003,82.500000,0.000000,0.000000,0.000000,0
7890,83.475003,82.500000,0.000000,0.000000,0.000000,0
7900,83.475003,82.500000,0.000000,0.000000,0.000000,0
7910,83.475003,82.500000,0.000000,0.000000,0.000000,0
7920,83.475003,82.500000,0.000000,0.000000,0.000000,0
7930,83.475003,82.500000,0.000000,0.000000,0.000000,0
7940,83.475003,82.500000,0.000000,0.000000,0.000000,0
7950,83.475003,82.500000,0.000000,0.000000,0.000000,0
7960,83.475003,82.500000,0.000000,0.000000,0.000000,0
7970,83.475003,82.500000,0.000000,0.000000,0.000000,0
7980,83.475003,82.500000,0.000000,0.000000,0.000000,0
7990,83.475003,82.500000,0.000000,0.000000,0.000000,0
8000,83.475003,82.500000,0.000000,0.000000,0.000000,0
8010,83.475003,82.500000,0.000000,0.000000,0.000000,0
8020,83.475003,82.500000,0.000000,0.000000,0.000000,0
8030,83.475003,82.500000,0.000000,0.000000,0.000000,0
8040,83.475003,82.500000,0.000000,0.000000,0.000000,0
8050,94.725007,98.250000,0.000000,1935.523385,54.462314,0
8060,94.837500,98.749998,0.000000,51.249663,77.320319,0
8070,94.837500,98.749998,0.000000,0.000000,0.000000,0
8080,95.512500,100.624998,0.000000,199.279954,70.201124,0
8090,95.512500,100.624998,0.000000,0.000000,0.000000,0
8100,96.300003,102.624999,0.000000,214.945702,68.507884,0
8110,96.300003,102.624999,0.000000,0.000000,0.000000,0
8120,97.087507,104.499999,0.000000,203.366336,67.217505,0
8130,98.212500,106.249998,0.000000,208.041011,57.264919,0
8140,98.212500,106.249998,0.000000,0.000000,0.000000,0
8150,99.562500,108.000000,0.000000,221.020512,52.352410,0
8160,99.562500,108.000000,0.000000,0.000000,0.000000,0
8170,101.475007,110.499999,0.000000,314.764638,52.583902,0
8180,102.600000,111.875000,0.000000,177.657982,50.710774,0
8190,102.600000,111.875000,0.000000,0.000000,0.000000,0
8200,103.725003,113.124999,0.000000,168.170495,48.012690,0
8210,103.725003,113.124999,0.000000,0.000000,0.000000,0
8220,104.287500,113.750000,0.000000,84.084956,48.012983,0
8230,104.625000,114.249999,0.000000,60.324603,55.980625,0
8240,104.625000,114.249999,0.000000,0.000000,0.000000,0
8250,105.187507,114.875000,0.000000,84.085645,48.012461,0
8260,105.187507,114.875000,0.000000,0.000000,0.000000,0
8270,105.525007,115.250000,0.000000,50.451090,48.012788,0
8280,105.637500,115.374999,0.000000,16.816535,48.014418,0
8290,105.637500,115.374999,0.000000,0.000000,0.000000,0
8300,105.750003,115.250000,0.000000,16.817224,-48.011809,0
8310,105.750003,115.250000,0.000000,0.000000,0.000000,0
8320,105.750003,115.125000,0.000000,12.499952,-90.000000,0
8330,105.750003,115.125000,0.000000,0.000000,0.000000,0
8340,105.750003,115.125000,0.000000,0.000000,0.000000,0
8350,105.525007,114.999999,0.000000,25.738822,-150.944839,0
8360,105.412503,114.999999,0.000000,11.250343,180.000000,0
8370,105.412503,114.999999,0.000000,0.000000,0.000000,0
8380,105.187507,115.250000,0.000000,33.633866,131.986723,0
8390,105.187507,115.374999,0.000000,12.499952,90.000000,0
8400,105.187507,115.374999,0.000000,0.000000,0.000000,0
8410,105.075003,115.625000,0.000000,27.414825,114.228359,0
8420,105.075003,115.749999,0.000000,12.499952,90.000000,0
8430,105.075003,116.000000,0.000000,25.000048,90.000000,0
8440,105.075003,116.000000,0.000000,0.000000,0.000000,0
8450,105.075003,116.124999,0.000000,12.499952,90.000000,0
8460,105.075003,116.124999,0.000000,0.000000,0.000000,0
8470,104.962500,116.499999,0.000000,39.151248,106.699725,0
8480,104.962500,116.499999,0.000000,0.000000,0.000000,0
8490,105.075003,116.750000,0.000000,27.414825,65.771641,0
8500,105.187507,116.874999,0.000000,16.817224,48.011809,0
8510,105.187507,116.874999,0.006836,0.000000,0.000000,1
8520,105.187507,116.874999,0.006836,0.000000,0.000000,1
8530,105.300000,117.000000,0.205078,16.816642,48.014744,1
8540,105.300000,117.000000,0.205078,0.000000,0.000000,1
8550,105.300000,117.000000,0.205078,0.000000,0.000000,1
8560,105.300000,117.000000,0.205078,0.000000,0.000000,1
8570,105.412503,117.000000,0.267578,11.250343,0.000000,1
8580,105.412503,117.000000,0.267578,0.000000,0.000000,1
8590,105.412503,117.000000,0.267578,0.000000,0.000000,1
8600,105.525007,117.000000,0.321289,11.250343,0.000000,1
8610,105.525007,117.000000,0.321289,0.000000,0.000000,1
8620,105.637500,116.874999,0.398438,16.816642,-48.014744,1
8630,105.750003,116.750000,0.430664,16.817224,-48.011809,1
8640,105.750003,116.750000,0.430664,0.000000,0.000000,1
8650,105.750003,116.625000,0.435547,12.499952,-90.000000,1
8660,105.750003,116.625000,0.435547,0.000000,0.000000,1
8670,105.862507,116.499999,0.448242,16.817331,-48.012135,1
8680,105.975000,116.000000,0.500000,51.249803,-77.320354,1
8690,105.975000,116.000000,0.500000,0.000000,0.000000,1
8700,106.087503,115.625000,0.532227,39.151248,-73.300275,1
8710,106.087503,115.625000,0.532227,0.000000,0.000000,1
8720,106.087503,115.125000,0.545898,49.999952,-90.000000,1
8730,105.975000,114.500000,0.581055,63.504537,-100.204271,1
8740,105.975000,114.500000,0.581055,0.000000,0.000000,1
8750,105.862507,113.625000,0.636719,88.220115,-97.325968,1
8760,105.862507,113.625000,0.636719,0.000000,0.000000,1
8770,105.525007,112.500000,0.657227,117.453448,-106.699244,1
8780,104.962500,111.125000,0.672852,148.561108,-112.249262,1
8790,104.962500,111.125000,0.672852,0.000000,0.000000,1
8800,104.062503,108.999999,0.688477,230.773067,-112.954003,1
8810,104.062503,108.999999,0.688477,0.000000,0.000000,1
8820,103.162507,107.374998,0.708008,185.758497,-118.979601,1
8830,101.137507,104.749998,0.723633,331.530542,-127.647621,1
8840,101.137507,104.749998,0.723633,0.000000,0.000000,1
8850,99.562500,102.750000,0.731445,254.570992,-128.220580,1
8860,99.562500,102.750000,0.731445,0.000000,0.000000,1
8870,97.650003,100.374999,0.741211,304.930691,-128.843151,1
8880,95.512500,98.124999,0.747070,310.345307,-133.531245,1
8890,95.512500,98.124999,0.747070,0.000000,0.000000,1
8900,92.925003,95.749998,0.750000,351.223120,-137.451924,1
8910,92.925003,95.749998,0.750000,0.000000,0.000000,1
8920,89.100000,92.374998,0.769531,510.110540,-138.576360,1
8930,86.850003,90.499998,0.771484,292.884099,-140.194386,1
8940,86.850003,90.499998,0.771484,0.000000,0.000000,1
8950,84.825003,88.875000,0.774414,259.639053,-141.254066,1
8960,84.825003,88.875000,0.774414,0.000000,0.000000,1
8970,83.137503,87.499998,0.777344,217.676055,-140.826303,1
8980,82.125003,86.749998,0.778320,126.002232,-143.471145,1
8990,82.125003,86.749998,0.778320,0.000000,0.000000,1
9000,81.675000,86.499996,0.759766,51.478543,-150.945396,1
9010,81.675000,86.499996,0.759766,0.000000,0.000000,1
9020,81.450003,86.250000,0.666016,33.633547,-131.987212,1
9030,81.787503,87.000000,0.241211,82.243921,65.772255,1
9040,82.125003,87.499998,0.000000,60.324484,55.980549,0
9050,82.125003,87.499998,0.000000,0.000000,0.000000,0
9060,82.125003,87.499998,0.000000,0.000000,0.000000,0
9070,82.462503,87.999999,0.000000,60.324722,55.980701,0
9080,83.925002,89.374998,0.000000,200.736733,43.233743,0
9090,83.925002,89.374998,0.000000,0.000000,0.000000,0
9100,85.837503,90.999999,0.000000,250.963960,40.353656,0
9110,85.837503,90.999999,0.000000,0.000000,0.000000,0
9120,88.200003,92.374998,0.000000,273.350117,30.199841,0
9130,90.000007,93.750000,0.000000,226.509218,37.375793,0
9140,90.000007,93.750000,0.000000,0.000000,0.000000,0
9150,91.125000,94.624998,0.000000,142.521269,37.875093,0
9160,91.125000,94.624998,0.000000,0.000000,0.000000,0
9170,91.575003,94.875000,0.000000,51.478543,29.054604,0
9180,91.912503,95.250000,0.000000,50.451090,48.012788,0
9190,91.912503,95.250000,0.000000,0.000000,0.000000,0
9200,92.587503,95.749998,0.000000,84.001375,36.528751,0
9210,92.587503,95.749998,0.000000,0.000000,0.000000,0
9220,93.037507,96.124998,0.000000,58.577136,39.805356,0
9230,93.150000,96.249999,0.000000,16.816642,48.014744,0
9240,93.150000,96.249999,0.000000,0.000000,0.000000,0
9250,93.150000,96.499998,0.000000,24.999905,90.000000,0
9260,93.150000,96.499998,0.000000,0.000000,0.000000,0
9270,92.925003,96.499998,0.000000,22.499657,180.000000,0
9280,92.812500,96.624999,0.000000,16.817331,131.987865,0
9290,92.812500,96.624999,0.000000,0.000000,0.000000,0
9300,92.587503,96.750000,0.000000,25.738822,150.944839,0
9310,92.587503,96.750000,0.000000,0.000000,0.000000,0
9320,92.587503,96.874998,0.000000,12.499809,90.000000,0
9330,92.700007,96.999999,0.000000,16.817331,48.012135,0
9340,92.700007,96.999999,0.217773,0.000000,0.000000,1
9350,92.700007,96.999999,0.217773,0.000000,0.000000,1
9360,92.700007,96.999999,0.217773,0.000000,0.000000,1
9370,92.812500,97.125000,0.251953,16.816642,48.014744,1
9380,93.150000,96.999999,0.274414,35.990483,-20.323279,1
9390,93.150000,96.999999,0.274414,0.000000,0.000000,1
9400,93.487500,96.624999,0.350586,50.451090,-48.012788,1
9410,93.487500,96.624999,0.350586,0.000000,0.000000,1
9420,93.937503,96.249999,0.388672,58.577136,-39.805356,1
9430,94.387507,95.749998,0.436523,67.268421,-48.012624,1
9440,94.387507,95.749998,0.436523,0.000000,0.000000,1
9450,94.950003,94.749999,0.486328,114.734497,-60.642373,1
9460,94.950003,94.749999,0.486328,0.000000,0.000000,1
9470,95.287503,93.499998,0.515625,129.476200,-74.890436,1
9480,95.512500,91.624998,0.541992,188.845134,-83.157330,1
9490,95.512500,91.624998,0.541992,0.000000,0.000000,1
9500,95.737507,90.124998,0.568359,151.678215,-81.468978,1
9510,95.737507,90.124998,0.568359,0.000000,0.000000,1
9520,96.075007,87.249999,0.601563,289.474105,-83.304615,1
9530,96.300003,84.999996,0.631836,226.122452,-84.289501,1
9540,96.300003,84.999996,0.631836,0.000000,0.000000,1
9550,96.412507,82.875000,0.671875,212.797223,-86.969425,1
9560,96.412507,82.875000,0.671875,0.000000,0.000000,1
9570,96.637503,80.625000,0.695313,226.122167,-84.289493,1
9580,96.750007,78.249996,0.706055,237.766695,-87.287938,1
9590,96.750007,78.249996,0.706055,0.000000,0.000000,1
9600,96.862500,74.250000,0.745117,400.157771,-88.389078,1
9610,96.862500,74.250000,0.745117,0.000000,0.000000,1
9620,96.750007,71.625000,0.757813,262.740931,-92.453882,1
9630,96.637503,68.749998,0.778320,287.720229,-92.240932,1
9640,96.637503,68.749998,0.778320,0.000000,0.000000,1
9650,96.412507,66.124998,0.791992,263.462492,-94.899018,1
9660,96.412507,66.124998,0.791992,0.000000,0.000000,1
9670,96.300003,63.375000,0.801758,275.229841,-92.342685,1
9680,96.187500,59.625000,0.820313,375.168722,-91.718410,1
9690,96.187500,59.625000,0.820313,0.000000,0.000000,1
9700,96.187500,57.124998,0.826172,250.000191,-90.000000,1
9710,96.187500,57.124998,0.826172,0.000000,0.000000,1
9720,96.187500,54.750000,0.830078,237.499809,-90.000000,1
9730,96.075007,52.749996,0.833984,200.316499,-93.219293,1
9740,96.075007,52.749996,0.833984,0.000000,0.000000,1
9750,95.962503,50.250000,0.802734,250.252631,-92.576654,1
9760,95.962503,50.250000,0.802734,0.000000,0.000000,1
9770,95.850000,49.875000,0.669922,39.151248,-106.699725,1
9780,95.625003,49.624998,0.276367,33.633972,-131.986560,1
9790,95.175000,51.124998,0.000000,156.604696,106.699365,0
9800,95.175000,51.124998,0.000000,0.000000,0.000000,0
9810,95.175000,51.124998,0.000000,0.000000,0.000000,0
9820,94.725007,53.749998,0.000000,266.329098,99.727433,0
9830,94.950003,58.249998,0.000000,450.562132,87.137638,0
9840,94.950003,58.249998,0.000000,0.000000,0.000000,0
9850,96.075007,61.624998,0.000000,355.756345,71.564999,0
9860,96.075007,61.624998,0.000000,0.000000,0.000000,0
9870,97.425007,65.250000,0.000000,386.822166,69.573985,0
9880,99.112507,69.499998,0.000000,457.276066,68.344002,0
9890,99.112507,69.499998,0.000000,0.000000,0.000000,0
9900,102.825007,76.374996,0.000000,781.333828,61.630947,0
9910,102.825007,76.374996,0.000000,0.000000,0.000000,0
9920,105.412503,81.249996,0.000000,551.912706,62.042044,0
9930,108.112503,85.374996,0.000000,493.007353,56.793430,0
9940,108.112503,85.374996,0.000000,0.000000,0.000000,0
9950,110.925007,88.999998,0.000000,458.811665,52.193451,0
9960,110.925007,88.999998,0.000000,0.000000,0.000000,0
9970,112.950007,91.749999,0.000000,341.513254,53.633429,0
9980,114.862503,95.625000,0.000000,432.125856,63.731478,0
9990,114.862503,95.625000,0.000000,0.000000,0.000000,0
10000,115.762500,97.749999,0.000000,230.772935,67.045983,0
10010,115.762500,97.749999,0.000000,0.000000,0.000000,0
10020,116.662507,99.624999,0.000000,207.981666,64.358824,0
10030,117.225003,100.875000,0.000000,137.073147,65.772402,0
10040,117.225003,100.875000,0.000000,0.000000,0.000000,0
10050,117.337507,101.874999,0.000000,100.630766,83.581013,0
10060,117.337507,101.874999,0.000000,0.000000,0.000000,0
10070,117.225003,102.124998,0.000000,27.414694,114.228481,0
10080,117.000007,102.499998,0.000000,43.731963,120.963371,0
10090,117.000007,102.499998,0.000000,0.000000,0.000000,0
10100,116.550003,102.999999,0.000000,67.268421,131.987376,0
10110,116.550003,102.999999,0.000000,0.000000,0.000000,0
10120,116.100000,103.249998,0.000000,51.478405,150.945674,0
10130,115.425000,103.374999,0.000000,68.647668,169.508445,0
10140,115.425000,103.374999,0.000000,0.000000,0.000000,0
10150,114.637507,103.374999,0.000000,78.749313,180.000000,0
10160,114.637507,103.374999,0.000000,0.000000,0.000000,0
10170,114.187503,103.500000,0.000000,46.704211,164.475889,0
10180,113.850003,103.624998,0.000000,35.990384,159.677148,0
10190,113.850003,103.624998,0.000000,0.000000,0.000000,0
10200,113.400000,103.749999,0.000000,46.704211,164.475889,0
10210,113.400000,103.749999,0.000000,0.000000,0.000000,0
10220,112.837503,103.999998,0.000000,61.555009,156.037462,0
10230,112.500003,103.999998,0.000000,33.750000,180.000000,0
10240,112.500003,103.999998,0.000000,0.000000,0.000000,0
10250,112.162503,103.999998,0.000000,33.750000,180.000000,0
10260,112.162503,103.999998,0.000000,0.000000,0.000000,0
10270,111.825003,103.999998,0.000000,33.750000,180.000000,0
10280,111.487503,103.875000,0.000000,35.990384,-159.677148,0
10290,111.487503,103.875000,0.000000,0.000000,0.000000,0
10300,111.150003,103.875000,0.000000,33.750000,180.000000,0
10310,111.150003,103.875000,0.000000,0.000000,0.000000,0
10320,110.812503,103.875000,0.000000,33.750000,180.000000,0
10330,110.812503,103.999998,0.188477,12.499809,90.000000,1
10340,110.700000,103.999998,0.269531,11.250343,180.000000,1
10350,110.700000,103.999998,0.269531,0.000000,0.000000,1
10360,110.700000,103.999998,0.269531,0.000000,0.000000,1
10370,110.700000,103.999998,0.269531,0.000000,0.000000,1
10380,110.700000,103.999998,0.269531,0.000000,0.000000,1
10390,110.700000,103.999998,0.269531,0.000000,0.000000,1
10400,110.700000,103.999998,0.269531,0.000000,0.000000,1
10410,110.700000,103.999998,0.269531,0.000000,0.000000,1
10420,110.700000,103.999998,0.269531,0.000000,0.000000,1
10430,110.812503,103.999998,0.435547,11.250343,0.000000,1
10440,110.812503,103.999998,0.435547,0.000000,0.000000,1
10450,111.037500,103.999998,0.436523,22.499657,0.000000,1
10460,111.037500,103.999998,0.436523,0.000000,0.000000,1
10470,111.375000,103.999998,0.449219,33.750000,0.000000,1
10480,112.050000,104.250000,0.487305,71.980966,20.323279,1
10490,112.050000,104.250000,0.487305,0.000000,0.000000,1
10500,112.950007,104.499999,0.506836,93.408345,15.523942,1
10510,112.950007,104.499999,0.506836,0.000000,0.000000,1
10520,115.987507,105.874998,0.562500,333.422084,24.355054,1
10530,117.900003,106.624998,0.574219,205.429869,21.413004,1
10540,117.900003,106.624998,0.574219,0.000000,0.000000,1
10550,120.037507,107.499999,0.583984,230.966396,22.262059,1
10560,120.037507,107.499999,0.583984,0.000000,0.000000,1
10570,121.950003,108.249999,0.590820,205.429869,21.413004,1
10580,123.862500,108.999999,0.595703,205.429869,21.413004,1
10590,123.862500,108.999999,0.595703,0.000000,0.000000,1
10600,126.450007,109.999998,0.612305,277.402053,21.130123,1
10610,126.450007,109.999998,0.612305,0.000000,0.000000,1
10620,127.912500,110.625000,0.621094,159.044445,23.139622,1
10630,129.150007,111.000000,0.627930,129.307705,16.858311,1
10640,129.150007,111.000000,0.627930,0.000000,0.000000,1
10650,129.600000,111.125000,0.632813,46.703180,15.524280,1
10660,129.600000,111.125000,0.632813,0.000000,0.000000,1
10670,130.387503,111.249999,0.632813,79.736224,9.019250,1
10680,130.725003,111.249999,0.629883,33.750000,0.000000,1
10690,130.725003,111.249999,0.629883,0.000000,0.000000,1
10700,130.950000,111.249999,0.622070,22.499657,0.000000,1
10710,130.950000,111.249999,0.622070,0.000000,0.000000,1
10720,131.062503,111.125000,0.619141,16.817224,-48.011809,1
10730,131.062503,110.874999,0.610352,25.000048,-90.000000,1
10740,131.062503,110.874999,0.610352,0.000000,0.000000,1
10750,130.950000,110.374998,0.609375,51.250168,-102.680735,1
10760,130.950000,110.374998,0.609375,0.000000,0.000000,1
10770,130.725003,109.999998,0.610352,43.731963,-120.963371,1
10780,130.387503,109.500000,0.611328,60.324484,-124.019451,1
10790,130.387503,109.500000,0.611328,0.000000,0.000000,1
10800,129.825007,108.750000,0.613281,93.749794,-126.869730,1
10810,129.825007,108.750000,0.613281,0.000000,0.000000,1
10820,128.587500,107.625000,0.617188,167.243781,-137.726469,1
10830,126.900000,105.874998,0.625977,243.108267,-133.958342,1
10840,126.900000,105.874998,0.625977,0.000000,0.000000,1
10850,125.550000,104.250000,0.632813,211.260948,-129.718792,1
10860,125.550000,104.250000,0.632813,0.000000,0.000000,1
10870,124.537500,102.999999,0.636719,160.862010,-129.007451,1
10880,123.300003,100.999998,0.643555,235.189319,-121.747067,1
10890,123.300003,100.999998,0.643555,0.000000,0.000000,1
10900,122.737507,99.750000,0.651367,137.072886,-114.227647,1
10910,122.737507,99.750000,0.651367,0.000000,0.000000,1
10920,122.287503,98.374998,0.658203,144.676651,-108.121966,1
10930,122.062507,96.999999,0.678711,139.328598,-99.293176,1
10940,122.062507,96.999999,0.678711,0.000000,0.000000,1
10950,121.950003,96.249999,0.683594,75.839107,-98.531022,1
10960,121.950003,96.249999,0.683594,0.000000,0.000000,1
10970,121.950003,95.250000,0.685547,99.999905,-90.000000,1
10980,122.175000,94.249998,0.686523,102.500111,-77.319827,1
10990,122.175000,94.249998,0.686523,0.000000,0.000000,1
11000,122.400007,93.375000,0.684570,90.346541,-75.578775,1
11010,122.400007,93.375000,0.684570,0.000000,0.000000,1
11020,122.737507,92.374998,0.686523,105.541938,-71.350494,1
11030,123.525000,90.624999,0.696289,191.902113,-65.772430,1
11040,123.525000,90.624999,0.696289,0.000000,0.000000,1
11050,123.862500,89.874999,0.708008,82.243921,-65.772255,1
11060,123.862500,89.874999,0.708008,0.000000,0.000000,1
11070,124.425007,88.500000,0.709961,148.560976,-67.750717,1
11080,125.100007,86.874996,0.710938,175.961996,-67.442801,1
11090,125.100007,86.874996,0.710938,0.000000,0.000000,1
11100,125.550000,85.624998,0.710938,132.852891,-70.201374,1
11110,125.550000,85.624998,0.710938,0.000000,0.000000,1
11120,126.000003,84.375000,0.710938,132.853239,-70.200956,1
11130,126.562500,82.500000,0.721680,195.755648,-73.300852,1
11140,126.562500,82.500000,0.721680,0.000000,0.000000,1
11150,126.900000,81.249996,0.729492,129.476476,-74.890469,1
11160,126.900000,81.249996,0.729492,0.000000,0.000000,1
11170,127.237500,79.875000,0.733398,141.581099,-76.209096,1
11180,127.350003,78.624996,0.738281,125.505640,-84.857095,1
11190,127.350003,78.624996,0.738281,0.000000,0.000000,1
11200,127.687503,76.624998,0.748047,202.827479,-80.421568,1
11210,127.687503,76.624998,0.748047,0.000000,0.000000,1
11220,127.800007,75.249996,0.756836,137.959678,-85.322446,1
11230,128.025003,74.124996,0.765625,114.727872,-78.690236,1
11240,128.025003,74.124996,0.765625,0.000000,0.000000,1
11250,128.025003,72.750000,0.771484,137.499619,-90.000000,1
11260,128.025003,72.750000,0.771484,0.000000,0.000000,1
11270,128.137507,71.625000,0.773438,113.061135,-84.289234,1
11280,127.912500,69.624996,0.786133,201.262101,-96.418969,1
11290,127.912500,69.624996,0.786133,0.000000,0.000000,1
11300,127.462507,68.250000,0.796875,144.675787,-108.121649,1
11310,127.462507,68.250000,0.796875,0.000000,0.000000,1
11320,126.787507,66.750000,0.816406,164.487841,-114.227745,1
11330,125.212500,64.500000,0.837891,274.647895,-124.992138,1
11340,125.212500,64.500000,0.837891,0.000000,0.000000,1
11350,123.862500,62.874996,0.856445,211.261388,-129.718693,1
11360,123.862500,62.874996,0.856445,0.000000,0.000000,1
11370,122.287503,61.249998,0.871094,226.301414,-134.104797,1
11380,120.487500,59.749998,0.877930,234.307754,-140.194483,1
11390,120.487500,59.749998,0.877930,0.000000,0.000000,1
11400,118.350007,58.624998,0.879883,241.547136,-152.241384,1
11410,118.350007,58.624998,0.879883,0.000000,0.000000,1
11420,116.550003,57.874998,0.887695,195.000317,-157.380174,1
11430,114.525003,57.624996,0.891602,204.037397,-172.962006,1
11440,114.525003,57.624996,0.891602,0.000000,0.000000,1
11450,113.737500,57.874998,0.851563,82.623399,162.387368,1
11460,113.737500,57.874998,0.851563,0.000000,0.000000,1
11470,113.400000,58.249998,0.663086,50.451090,131.987212,1
11480,112.837503,60.499998,0.205078,231.924608,104.036161,1
11490,112.612507,63.000000,0.000000,251.010617,95.142683,0
11500,112.612507,63.000000,0.000000,0.000000,0.000000,0
11510,112.612507,63.000000,0.000000,0.000000,0.000000,0
11520,112.500003,64.999998,0.000000,200.315985,93.219596,0
11530,112.500003,67.374996,0.000000,237.499809,90.000000,0
11540,112.500003,67.374996,0.000000,0.000000,0.000000,0
11550,112.612507,69.999996,0.000000,262.740976,87.545894,0
11560,112.612507,69.999996,0.000000,0.000000,0.000000,0
11570,112.725000,72.000000,0.000000,200.316499,86.780707,0
11580,112.725000,73.749996,0.000000,174.999619,90.000000,0
11590,112.725000,73.749996,0.000000,0.000000,0.000000,0
11600,112.500003,74.124996,0.000000,43.731963,120.963371,0
11610,112.500003,74.124996,0.000000,0.000000,0.000000,0
11620,112.275007,74.374998,0.000000,33.633972,131.986560,0
11630,111.712500,74.625000,0.000000,61.556066,156.037608,0
11640,111.712500,74.625000,0.000000,0.000000,0.000000,0
11650,110.362500,75.124998,0.000000,143.961734,159.676934,0
11660,110.362500,75.124998,0.000000,0.000000,0.000000,0
11670,107.550007,75.375000,0.000000,282.358258,174.920341,0
11680,106.312500,75.499998,0.000000,124.380375,174.232230,0
11690,106.312500,75.499998,0.000000,0.000000,0.000000,0
11700,105.187507,75.499998,0.000000,112.499313,180.000000,0
11710,105.187507,75.499998,0.000000,0.000000,0.000000,0
11720,104.625000,75.499998,0.000000,56.250687,180.000000,0
11730,102.712503,75.750000,0.000000,192.876750,172.552514,0
11740,102.712503,75.750000,0.000000,0.000000,0.000000,0
11750,102.150007,75.874998,0.000000,57.621776,167.471303,0
11760,102.150007,75.874998,0.000000,0.000000,0.000000,0
11770,101.475007,75.999996,0.000000,68.647616,169.508680,0
11780,100.687503,76.374996,0.000000,87.223085,154.536752,0
11790,100.687503,76.374996,0.000000,0.000000,0.000000,0
11800,99.675003,76.875000,0.000000,112.922985,153.718415,0
11810,99.675003,76.875000,0.000000,0.000000,0.000000,0
11820,99.337503,77.124996,0.000000,42.000517,143.471563,0
11830,99.337503,77.124996,0.000000,0.000000,0.000000,0
11840,99.112507,77.374998,0.000000,33.633972,131.986560,0
11850,99.225000,77.374998,0.367188,11.249313,0.000000,1
11860,99.225000,77.374998,0.367188,0.000000,0.000000,1
11870,99.225000,77.374998,0.367188,0.000000,0.000000,1
11880,99.562500,77.124996,0.384766,42.000858,-36.529064,1
11890,99.562500,77.124996,0.384766,0.000000,0.000000,1
11900,100.012503,77.124996,0.439453,45.000343,0.000000,1
11910,100.012503,77.124996,0.439453,0.000000,0.000000,1
11920,100.687503,76.999998,0.476563,68.647616,-10.491320,1
11930,102.262500,77.250000,0.516602,159.471475,9.019409,1
11940,102.262500,77.250000,0.516602,0.000000,0.000000,1
11950,105.300000,78.124998,0.594727,316.101691,16.069851,1
11960,105.300000,78.124998,0.594727,0.000000,0.000000,1
11970,107.550007,78.750000,0.638672,233.519984,15.524111,1
11980,110.250007,79.500000,0.664063,280.223125,15.524111,1
11990,110.250007,79.500000,0.664063,0.000000,0.000000,1
12000,113.287507,80.499996,0.678711,319.787408,18.222416,1
12010,113.287507,80.499996,0.678711,0.000000,0.000000,1
12020,116.325007,81.624996,0.681641,323.914051,20.323137,1
12030,119.812500,82.624998,0.683594,362.803145,15.999686,1
12040,119.812500,82.624998,0.683594,0.000000,0.000000,1
12050,124.987503,83.874996,0.684570,532.382905,13.579424,1
12060,124.987503,83.874996,0.684570,0.000000,0.000000,1
12070,128.587500,84.624996,0.685547,367.729184,11.768300,1
12080,131.962500,85.249998,0.686523,343.238290,10.491508,1
12090,131.962500,85.249998,0.686523,0.000000,0.000000,1
12100,137.362500,86.124996,0.722656,547.043158,9.204021,1
12110,137.362500,86.124996,0.722656,0.000000,0.000000,1
12120,140.512503,86.499996,0.732422,317.224631,6.788967,1
12130,143.437500,86.625000,0.738281,292.766645,2.447126,1
12140,143.437500,86.625000,0.738281,0.000000,0.000000,1
12150,146.025007,86.625000,0.738281,258.750687,0.000000,1
12160,146.025007,86.625000,0.738281,0.000000,0.000000,1
12170,148.275003,86.625000,0.738281,224.999657,0.000000,1
12180,150.300003,86.499996,0.740234,202.885459,-3.532402,1
12190,150.300003,86.499996,0.740234,0.000000,0.000000,1
12200,152.887500,86.124996,0.736328,261.452930,-8.246332,1
12210,152.887500,86.124996,0.736328,0.000000,0.000000,1
12220,153.337503,85.999998,0.698242,46.704134,-15.523773,1
12230,154.012503,84.999996,0.330078,120.649443,-55.980701,1
12240,153.787507,84.874998,0.000000,25.738683,-150.945396,0
12250,153.787507,84.874998,0.000000,0.000000,0.000000,0
12260,153.787507,84.874998,0.000000,0.000000,0.000000,0
12270,153.787507,84.999996,0.000000,12.499809,90.000000,0
12280,153.900000,84.999996,0.000000,11.249313,0.000000,0
12290,153.900000,84.999996,0.000000,0.000000,0.000000,0
12300,154.237500,85.374996,0.000000,50.451090,48.012788,0
12310,154.237500,85.374996,0.000000,0.000000,0.000000,0
12320,154.800007,85.749996,0.000000,67.604658,33.689745,0
12330,155.250000,86.250000,0.000000,67.267944,48.013440,0
12340,155.250000,86.250000,0.000000,0.000000,0.000000,0
12350,155.812507,86.749998,0.000000,75.260353,41.633084,0
12360,155.812507,86.749998,0.000000,0.000000,0.000000,0
12370,156.037503,87.124998,0.000000,43.731963,59.036629,0
12380,156.262500,87.375000,0.000000,33.633972,48.013440,0
12390,156.262500,87.375000,0.000000,0.000000,0.000000,0
12400,156.600000,87.499998,0.000000,35.990384,20.322852,0
12410,156.600000,87.499998,0.000000,0.000000,0.000000,0
12420,156.600000,87.499998,0.000000,0.000000,0.000000,0
12430,156.600000,87.499998,0.000000,0.000000,0.000000,0
12440,156.600000,87.499998,0.000000,0.000000,0.000000,0
12450,156.600000,87.499998,0.000000,0.000000,0.000000,0
12460,156.600000,87.499998,0.000000,0.000000,0.000000,0
12470,156.600000,87.499998,0.000000,0.000000,0.000000,0
12480,156.600000,87.499998,0.000000,0.000000,0.000000,0
12490,156.600000,87.499998,0.000000,0.000000,0.000000,0
12500,156.600000,87.499998,0.000000,0.000000,0.000000,0
12510,156.600000,87.499998,0.000000,0.000000,0.000000,0
12520,156.600000,87.499998,0.000000,0.000000,0.000000,0
12530,156.600000,87.499998,0.000000,0.000000,0.000000,0
12540,156.600000,87.499998,0.000000,0.000000,0.000000,0
12550,156.600000,87.499998,0.000000,0.000000,0.000000,0
12560,156.600000,87.499998,0.000000,0.000000,0.000000,0
12570,156.600000,87.499998,0.000000,0.000000,0.000000,0
12580,156.600000,87.499998,0.000000,0.000000,0.000000,0
12590,156.600000,87.499998,0.000000,0.000000,0.000000,0
12600,156.600000,87.499998,0.000000,0.000000,0.000000,0
12610,156.600000,87.499998,0.000000,0.000000,0.000000,0
12620,156.600000,87.499998,0.000000,0.000000,0.000000,0
12630,156.600000,87.499998,0.000000,0.000000,0.000000,0
12640,156.600000,87.499998,0.000000,0.000000,0.000000,0
12650,156.600000,87.499998,0.000000,0.000000,0.000000,0
12660,156.600000,87.499998,0.000000,0.000000,0.000000,0
12670,156.600000,87.499998,0.000000,0.000000,0.000000,0
12680,156.600000,87.499998,0.000000,0.000000,0.000000,0
12690,156.600000,87.499998,0.000000,0.000000,0.000000,0
12700,156.600000,87.499998,0.000000,0.000000,0.000000,0
12710,156.600000,87.499998,0.000000,0.000000,0.000000,0
12720,156.600000,87.499998,0.000000,0.000000,0.000000,0
12730,156.600000,87.499998,0.000000,0.000000,0.000000,0
12740,156.600000,87.499998,0.000000,0.000000,0.000000,0
12750,156.600000,87.499998,0.000000,0.000000,0.000000,0
12760,156.600000,87.499998,0.000000,0.000000,0.000000,0
12770,156.600000,87.499998,0.000000,0.000000,0.000000,0
12780,156.600000,87.499998,0.000000,0.000000,0.000000,0
12790,156.600000,87.499998,0.000000,0.000000,0.000000,0
12800,156.600000,87.499998,0.000000,0.000000,0.000000,0
12810,156.600000,87.499998,0.000000,0.000000,0.000000,0
12820,156.600000,87.499998,0.000000,0.000000,0.000000,0
12830,156.600000,87.499998,0.000000,0.000000,0.000000,0
12840,156.600000,87.499998,0.000000,0.000000,0.000000,0
12850,156.600000,87.499998,0.000000,0.000000,0.000000,0
12860,156.600000,87.499998,0.000000,0.000000,0.000000,0
12870,156.600000,87.499998,0.000000,0.000000,0.000000,0
12880,156.600000,87.499998,0.000000,0.000000,0.000000,0
12890,156.600000,87.499998,0.000000,0.000000,0.000000,0
12900,156.600000,87.499998,0.000000,0.000000,0.000000,0
12910,156.600000,87.499998,0.000000,0.000000,0.000000,0
12920,156.600000,87.499998,0.000000,0.000000,0.000000,0
12930,156.600000,87.499998,0.000000,0.000000,0.000000,0
12940,156.600000,87.499998,0.000000,0.000000,0.000000,0
12950,156.600000,87.499998,0.000000,0.000000,0.000000,0
12960,156.600000,87.499998,0.000000,0.000000,0.000000,0
12970,156.600000,87.499998,0.000000,0.000000,0.000000,0
12980,156.600000,87.499998,0.000000,0.000000,0.000000,0
12990,156.600000,87.499998,0.000000,0.000000,0.000000,0
13000,156.600000,87.499998,0.000000,0.000000,0.000000,0
13010,156.600000,87.499998,0.000000,0.000000,0.000000,0
13020,156.600000,87.499998,0.000000,0.000000,0.000000,0
13030,156.600000,87.499998,0.000000,0.000000,0.000000,0
13040,156.600000,87.499998,0.000000,0.000000,0.000000,0
13050,156.600000,87.499998,0.000000,0.000000,0.000000,0
13060,156.600000,87.499998,0.000000,0.000000,0.000000,0
13070,156.600000,87.499998,0.000000,0.000000,0.000000,0
13080,156.600000,87.499998,0.000000,0.000000,0.000000,0
13090,156.600000,87.499998,0.000000,0.000000,0.000000,0
13100,156.600000,87.499998,0.000000,0.000000,0.000000,0
13110,156.600000,87.499998,0.000000,0.000000,0.000000,0
13120,156.600000,87.499998,0.000000,0.000000,0.000000,0
13130,156.600000,87.499998,0.000000,0.000000,0.000000,0
13140,156.600000,87.499998,0.000000,0.000000,0.000000,0
13150,156.600000,87.499998,0.000000,0.000000,0.000000,0
13160,156.600000,87.499998,0.000000,0.000000,0.000000,0
13170,156.600000,87.499998,0.000000,0.000000,0.000000,0
13180,156.600000,87.499998,0.000000,0.000000,0.000000,0
13190,156.600000,87.499998,0.000000,0.000000,0.000000,0
13200,156.600000,87.499998,0.000000,0.000000,0.000000,0
13210,156.600000,87.499998,0.000000,0.000000,0.000000,0
13220,156.600000,87.499998,0.000000,0.000000,0.000000,0
13230,156.600000,87.499998,0.000000,0.000000,0.000000,0
13240,156.600000,87.499998,0.000000,0.000000,0.000000,0
13250,156.600000,87.499998,0.000000,0.000000,0.000000,0
13260,156.600000,87.499998,0.000000,0.000000,0.000000,0
13270,156.600000,87.499998,0.000000,0.000000,0.000000,0
13280,156.600000,87.499998,0.000000,0.000000,0.000000,0
13290,156.600000,87.499998,0.000000,0.000000,0.000000,0
13300,156.600000,87.499998,0.000000,0.000000,0.000000,0
13310,156.600000,87.499998,0.000000,0.000000,0.000000,0
13320,156.600000,87.499998,0.000000,0.000000,0.000000,0
13330,156.600000,87.499998,0.000000,0.000000,0.000000,0
13340,156.600000,87.499998,0.000000,0.000000,0.000000,0
13350,156.600000,87.499998,0.000000,0.000000,0.000000,0
13360,156.600000,87.499998,0.000000,0.000000,0.000000,0
13370,156.600000,87.499998,0.000000,0.000000,0.000000,0
13380,156.600000,87.499998,0.000000,0.000000,0.000000,0
13390,156.600000,87.499998,0.000000,0.000000,0.000000,0
13400,156.600000,87.499998,0.000000,0.000000,0.000000,0
13410,156.600000,87.499998,0.000000,0.000000,0.000000,0
13420,156.600000,87.499998,0.000000,0.000000,0.000000,0
13430,156.600000,87.499998,0.000000,0.000000,0.000000,0
13440,156.600000,87.499998,0.000000,0.000000,0.000000,0
13450,156.600000,87.499998,0.000000,0.000000,0.000000,0
13460,156.600000,87.499998,0.000000,0.000000,0.000000,0
13470,156.600000,87.499998,0.000000,0.000000,0.000000,0
13480,156.600000,87.499998,0.000000,0.000000,0.000000,0
13490,156.600000,87.499998,0.000000,0.000000,0.000000,0
13500,156.600000,87.499998,0.000000,0.000000,0.000000,0
13510,156.600000,87.499998,0.000000,0.000000,0.000000,0
13520,156.600000,87.499998,0.000000,0.000000,0.000000,0
13530,156.600000,87.499998,0.000000,0.000000,0.000000,0
13540,156.600000,87.499998,0.000000,0.000000,0.000000,0
13550,156.600000,87.499998,0.000000,0.000000,0.000000,0
13560,156.600000,87.499998,0.000000,0.000000,0.000000,0
13570,156.600000,87.499998,0.000000,0.000000,0.000000,0
13580,156.600000,87.499998,0.000000,0.000000,0.000000,0
13590,156.600000,87.499998,0.000000,0.000000,0.000000,0
13600,156.600000,87.499998,0.000000,0.000000,0.000000,0
13610,156.600000,87.499998,0.000000,0.000000,0.000000,0
13620,156.600000,87.499998,0.000000,0.000000,0.000000,0
13630,156.600000,87.499998,0.000000,0.000000,0.000000,0
13640,156.600000,87.499998,0.000000,0.000000,0.000000,0
13650,156.600000,87.499998,0.000000,0.000000,0.000000,0
13660,156.600000,87.499998,0.000000,0.000000,0.000000,0
13670,156.600000,87.499998,0.000000,0.000000,0.000000,0
13680,156.600000,87.499998,0.000000,0.000000,0.000000,0
13690,156.600000,87.499998,0.000000,0.000000,0.000000,0
13700,156.600000,87.499998,0.000000,0.000000,0.000000,0
13710,156.600000,87.499998,0.000000,0.000000,0.000000,0
13720,156.600000,87.499998,0.000000,0.000000,0.000000,0
13730,156.600000,87.499998,0.000000,0.000000,0.000000,0
13740,156.600000,87.499998,0.000000,0.000000,0.000000,0
13750,156.600000,87.499998,0.000000,0.000000,0.000000,0
13760,156.600000,87.499998,0.000000,0.000000,0.000000,0
13770,156.600000,87.499998,0.000000,0.000000,0.000000,0
13780,156.600000,87.499998,0.000000,0.000000,0.000000,0
13790,156.600000,87.499998,0.000000,0.000000,0.000000,0
13800,156.600000,87.499998,0.000000,0.000000,0.000000,0
13810,156.600000,87.499998,0.000000,0.000000,0.000000,0
13820,156.600000,87.499998,0.000000,0.000000,0.000000,0
13830,156.600000,87.499998,0.000000,0.000000,0.000000,0
13840,156.600000,87.499998,0.000000,0.000000,0.000000,0
13850,156.600000,87.499998,0.000000,0.000000,0.000000,0
13860,156.600000,87.499998,0.000000,0.000000,0.000000,0
13870,156.600000,87.499998,0.000000,0.000000,0.000000,0
13880,156.600000,87.499998,0.000000,0.000000,0.000000,0
13890,156.600000,87.499998,0.000000,0.000000,0.000000,0
13900,156.600000,87.499998,0.000000,0.000000,0.000000,0
13910,156.600000,87.499998,0.000000,0.000000,0.000000,0
13920,156.600000,87.499998,0.000000,0.000000,0.000000,0
13930,156.600000,87.499998,0.000000,0.000000,0.000000,0
13940,156.600000,87.499998,0.000000,0.000000,0.000000,0
13950,156.600000,87.499998,0.000000,0.000000,0.000000,0
13960,156.600000,87.499998,0.000000,0.000000,0.000000,0
13970,156.600000,87.499998,0.000000,0.000000,0.000000,0
13980,156.600000,87.499998,0.000000,0.000000,0.000000,0
13990,156.600000,87.499998,0.000000,0.000000,0.000000,0
14000,156.600000,87.499998,0.000000,0.000000,0.000000,0
14010,156.600000,87.499998,0.000000,0.000000,0.000000,0
14020,156.600000,87.499998,0.000000,0.000000,0.000000,0
14030,156.600000,87.499998,0.000000,0.000000,0.000000,0
14040,156.600000,87.499998,0.000000,0.000000,0.000000,0
14050,156.600000,87.499998,0.000000,0.000000,0.000000,0
14060,156.600000,87.499998,0.000000,0.000000,0.000000,0
14070,156.600000,87.499998,0.000000,0.000000,0.000000,0
14080,156.600000,87.499998,0.000000,0.000000,0.000000,0
14090,156.600000,87.499998,0.000000,0.000000,0.000000,0
14100,156.600000,87.499998,0.000000,0.000000,0.000000,0
14110,156.600000,87.499998,0.000000,0.000000,0.000000,0
14120,156.600000,87.499998,0.000000,0.000000,0.000000,0
14130,156.600000,87.499998,0.000000,0.000000,0.000000,0
14140,156.600000,87.499998,0.000000,0.000000,0.000000,0
14150,199.125000,125.375000,0.000000,5694.639021,41.689940,0
14160,199.125000,125.250000,0.000000,12.499952,-90.000000,0
14170,199.125000,125.250000,0.000000,0.000000,0.000000,0
14180,199.125000,125.250000,0.000000,0.000000,0.000000,0
14190,199.125000,125.250000,0.000000,0.000000,0.000000,0
14200,199.125000,125.250000,0.000000,0.000000,0.000000,0
14210,199.125000,125.250000,0.000000,0.000000,0.000000,0
14220,199.125000,125.250000,0.000000,0.000000,0.000000,0
14230,199.125000,125.250000,0.000000,0.000000,0.000000,0
14240,199.125000,125.250000,0.000000,0.000000,0.000000,0
14250,199.125000,125.250000,0.000000,0.000000,0.000000,0
14260,199.237514,125.000000,0.000000,27.415247,-65.769678,0
14270,199.237514,125.000000,0.000000,0.000000,0.000000,0
14280,199.237514,124.875000,0.000000,12.499952,-90.000000,0
14290,199.237514,124.875000,0.000000,0.000000,0.000000,0
14300,198.900014,124.500000,0.000000,50.451090,-131.987212,0
14310,198.900014,124.500000,0.000000,0.000000,0.000000,0
14320,198.675007,124.375000,0.000000,25.739687,-150.946092,0
14330,198.337507,124.250000,0.000000,35.990458,-159.676828,0
14340,198.337507,124.250000,0.000000,0.000000,0.000000,0
14350,198.000007,124.250000,0.000000,33.750000,180.000000,0
14360,197.550014,124.250000,0.000000,44.999313,180.000000,0
14370,197.437500,124.250000,0.155273,11.251373,180.000000,1
14380,197.437500,124.375000,0.532227,12.500024,90.000000,1
14390,197.437500,124.375000,0.532227,0.000000,0.000000,1
14400,197.325007,124.375000,0.589844,11.249313,180.000000,1
14410,197.325007,124.375000,0.589844,0.000000,0.000000,1
14420,197.325007,124.375000,0.589844,0.000000,0.000000,1
14430,197.662507,124.125000,0.625977,42.000730,-36.528829,1
14440,197.662507,124.125000,0.625977,0.000000,0.000000,1
14450,198.562514,123.375000,0.700195,117.154273,-39.805356,1
14460,198.562514,123.375000,0.700195,0.000000,0.000000,1
14470,201.487500,121.374999,0.747070,354.338094,-34.362924,1
14480,203.062507,120.375000,0.759766,186.564861,-32.412169,1
14490,203.062507,120.375000,0.759766,0.000000,0.000000,1
14500,204.300014,119.375000,0.762695,159.104500,-38.940870,1
14510,204.300014,119.375000,0.762695,0.000000,0.000000,1
14520,204.750007,119.124999,0.743164,51.477574,-29.055022,1
14530,205.200000,118.625000,0.624023,67.267625,-48.013195,1
14540,205.200000,118.625000,0.624023,0.000000,0.000000,1
14550,204.862500,117.999999,0.000000,71.030405,-118.369028,0
14560,204.862500,117.999999,0.000000,0.000000,0.000000,0
14570,203.737507,117.999999,0.000000,112.499313,180.000000,0
14580,201.937514,118.125000,0.000000,180.432827,176.027459,0
14590,201.937514,118.125000,0.000000,0.000000,0.000000,0
14600,199.687507,117.875000,0.000000,226.385316,-173.659815,0
14610,197.212514,117.375000,0.000000,252.499318,-168.578793,0
14620,197.212514,117.375000,0.000000,0.000000,0.000000,0
14630,194.512514,116.375000,0.000000,287.923618,-159.676854,0
14640,194.512514,116.375000,0.000000,0.000000,0.000000,0
14650,193.050000,115.875000,0.000000,154.562154,-161.125632,0
14660,193.050000,115.875000,0.000000,0.000000,0.000000,0
14670,191.362500,115.374999,0.000000,176.001625,-163.495609,0
14680,189.562507,114.999999,0.000000,183.864088,-168.231667,0
14690,189.562507,114.999999,0.000000,0.000000,0.000000,0
14700,186.975000,114.249999,0.000000,269.401035,-163.835542,0
14710,186.975000,114.249999,0.000000,0.000000,0.000000,0
14720,185.400014,113.625000,0.000000,169.446320,-158.355424,0
14730,184.050014,113.250000,0.000000,140.111563,-164.475889,0
14740,184.050014,113.250000,0.000000,0.000000,0.000000,0
14750,183.375014,113.000000,0.000000,71.980917,-159.676828,0
14760,182.812507,112.875000,0.000000,57.622813,-167.471387,0
14770,182.812507,112.875000,0.000000,0.000000,0.000000,0
14780,182.362514,112.749999,0.000000,46.703218,-164.475551,0
14790,182.362514,112.749999,0.000000,0.000000,0.000000,0
14800,181.800007,112.749999,0.000000,56.250687,180.000000,0
14810,181.350014,112.625000,0.000000,46.703180,-164.475720,0
14820,181.350014,112.625000,0.000000,0.000000,0.000000,0
14830,181.012514,112.625000,0.000000,33.750000,180.000000,0
14840,181.012514,112.625000,0.000000,0.000000,0.000000,0
14850,180.675014,112.500000,0.000000,35.990434,-159.676934,0
14860,180.675014,112.500000,0.000000,0.000000,0.000000,0
14870,180.337514,112.250000,0.000000,42.000772,-143.471092,0
14880,180.112507,111.999999,0.000000,33.634555,-131.988028,0
14890,180.112507,111.999999,0.000000,0.000000,0.000000,0
14900,179.887500,111.624999,0.000000,43.732492,-120.964528,0
14910,179.887500,111.624999,0.000000,0.000000,0.000000,0
14920,179.662514,111.375000,0.000000,33.633071,-131.985582,0
14930,179.325014,110.874999,0.000000,60.324722,-124.019299,0
14940,179.325014,110.874999,0.000000,0.000000,0.000000,0
14950,179.100007,110.499999,0.000000,43.732492,-120.964528,0
14960,178.762507,109.999998,0.041016,60.324722,-124.019299,1
14970,178.762507,109.999998,0.041016,0.000000,0.000000,1
14980,178.650014,109.875000,0.233398,16.816429,-131.985908,1
14990,178.650014,109.875000,0.233398,0.000000,0.000000,1
15000,178.425007,109.875000,0.480469,22.500687,180.000000,1
15010,178.312514,109.875000,0.533203,11.249313,180.000000,1
15020,178.312514,109.875000,0.533203,0.000000,0.000000,1
15030,178.312514,109.875000,0.533203,0.000000,0.000000,1
15040,178.312514,109.875000,0.533203,0.000000,0.000000,1
15050,178.425007,109.875000,0.577148,11.249313,0.000000,1
15060,178.425007,109.875000,0.577148,0.000000,0.000000,1
15070,178.875000,109.875000,0.581055,44.999313,0.000000,1
15080,179.662514,109.999998,0.595703,79.737219,9.019032,1
15090,179.662514,109.999998,0.595703,0.000000,0.000000,1
15100,181.012514,110.124999,0.601563,135.577477,5.290121,1
15110,181.012514,110.124999,0.601563,0.000000,0.000000,1
15120,183.375014,110.625000,0.619141,241.483068,11.949779,1
15130,185.625000,111.125000,0.659180,230.487260,12.528870,1
15140,185.625000,111.125000,0.659180,0.000000,0.000000,1
15150,189.337500,111.999999,0.715820,381.422081,13.262016,1
15160,189.337500,111.999999,0.715820,0.000000,0.000000,1
15170,192.600007,112.875000,0.741211,337.780664,15.013351,1
15180,195.862514,113.874999,0.765625,341.232313,17.040955,1
15190,195.862514,113.874999,0.765625,0.000000,0.000000,1
15200,199.575014,114.999999,0.777344,387.921142,16.858399,1
15210,199.575014,114.999999,0.777344,0.000000,0.000000,1
15220,203.400007,116.250000,0.779297,402.406198,18.097300,1
15230,209.025014,117.624999,0.789063,579.062385,13.736243,1
15240,209.025014,117.624999,0.789063,0.000000,0.000000,1
15250,212.175007,118.374999,0.795898,323.804829,13.392526,1
15260,215.212507,118.875000,0.797852,307.837737,9.347595,1
15270,215.212507,118.875000,0.797852,0.000000,0.000000,1
15280,215.887507,119.250000,0.801758,77.217226,29.054604,1
15290,215.887507,119.250000,0.801758,0.000000,0.000000,1
15300,215.887507,119.625000,0.801758,37.500000,90.000000,1
15310,215.887507,119.750000,0.789063,12.499952,90.000000,1
15320,215.887507,119.750000,0.789063,0.000000,0.000000,1
15330,215.887507,119.750000,0.789063,0.000000,0.000000,1
15340,215.887507,119.750000,0.000000,0.000000,0.000000,0
15350,215.887507,119.750000,0.000000,0.000000,0.000000,0
15360,215.887507,119.625000,0.000000,12.499952,-90.000000,0
15370,215.887507,119.625000,0.000000,0.000000,0.000000,0
15380,215.550007,118.875000,0.000000,82.243921,-114.227745,0
15390,215.550007,118.875000,0.000000,0.000000,0.000000,0
15400,214.537507,118.250000,0.000000,118.986631,-148.313613,0
15410,213.412514,117.500000,0.000000,135.207602,-146.309771,0
15420,213.412514,117.500000,0.000000,0.000000,0.000000,0
15430,212.737514,117.125000,0.000000,77.217226,-150.945396,0
15440,212.737514,117.125000,0.000000,0.000000,0.000000,0
15450,210.600000,115.875000,0.000000,247.617927,-149.681274,0
15460,210.600000,115.875000,0.000000,0.000000,0.000000,0
15470,207.675014,114.500000,0.000000,323.205368,-154.822353,0
15480,205.987514,113.499999,0.000000,196.154460,-149.349320,0
15490,205.987514,113.499999,0.000000,0.000000,0.000000,0
15500,205.200000,112.875000,0.000000,100.538634,-141.563228,0
15510,204.750007,112.500000,0.000000,58.576345,-140.193999,0
15520,204.750007,112.500000,0.000000,0.000000,0.000000,0
15530,204.075007,111.875000,0.000000,91.991880,-137.202576,0
15540,204.075007,111.875000,0.000000,0.000000,0.000000,0
15550,202.837500,110.749998,0.000000,167.243878,-137.726433,0
15560,201.937514,109.999998,0.000000,117.152690,-140.193999,0
15570,201.937514,109.999998,0.000000,0.000000,0.000000,0
15580,201.037507,109.374999,0.000000,109.573545,-145.222414,0
15590,201.037507,109.374999,0.000000,0.000000,0.000000,0
15600,200.362507,109.125000,0.000000,71.980867,-159.676934,0
15610,200.362507,109.125000,0.000000,0.000000,0.000000,0
15620,199.575014,108.874998,0.000000,82.622418,-162.387152,0
15630,199.012507,108.624999,0.000000,61.555950,-156.037852,0
15640,199.012507,108.624999,0.000000,0.000000,0.000000,0
15650,198.225014,108.249999,0.000000,87.222155,-154.536461,0
15660,198.225014,108.249999,0.000000,0.000000,0.000000,0
15670,197.550014,108.000000,0.000000,71.980867,-159.676934,0
15680,196.537514,107.874999,0.000000,102.018699,-172.962006,0
15690,196.537514,107.874999,0.000000,0.000000,0.000000,0
15700,196.312507,108.000000,0.000000,25.739722,150.945953,0
15710,196.200014,108.249999,0.000000,27.414272,114.226518,0
15720,196.200014,108.249999,0.000000,0.000000,0.000000,0
15730,196.312507,108.499998,0.000000,27.414272,65.773482,0
15740,196.425000,108.750000,0.464844,27.414532,65.773727,1
15750,196.425000,108.750000,0.464844,0.000000,0.000000,1
15760,196.425000,108.750000,0.464844,0.000000,0.000000,1
15770,196.425000,108.750000,0.464844,0.000000,0.000000,1
15780,196.537514,108.375000,0.602539,39.151544,-73.298831,1
15790,196.537514,108.375000,0.602539,0.000000,0.000000,1
15800,196.987507,107.250000,0.668945,121.165953,-68.198892,1
15810,197.887514,104.625000,0.714844,277.500223,-71.075221,1
15820,197.887514,104.625000,0.714844,0.000000,0.000000,1
15830,198.900014,102.000000,0.735352,281.349982,-68.907660,1
15840,198.900014,102.000000,0.735352,0.000000,0.000000,1
15850,199.687507,100.749999,0.675781,147.737870,-57.789317,1
15860,200.025007,100.500000,0.399414,42.000687,-36.528751,1
15870,200.025007,100.500000,0.399414,0.000000,0.000000,1
15880,200.925014,100.999998,0.000000,102.956809,29.054326,0
15890,200.925014,100.999998,0.000000,0.000000,0.000000,0
15900,201.375007,102.124998,0.000000,121.165953,68.198892,0
15910,201.375007,102.124998,0.000000,0.000000,0.000000,0
15920,202.500000,104.749998,0.000000,285.591221,66.801536,0
15930,203.287514,106.125000,0.000000,158.455297,60.198660,0
15940,203.287514,106.125000,0.000000,0.000000,0.000000,0
15950,204.300014,107.499999,0.000000,170.756512,53.633401,0
15960,204.975014,108.249999,0.000000,100.902180,48.012788,0
15970,204.975014,108.249999,0.000000,0.000000,0.000000,0
15980,205.425007,108.750000,0.000000,67.267732,48.013277,0
15990,205.425007,108.750000,0.000000,0.000000,0.000000,0
16000,206.662514,109.624998,0.000000,151.560051,35.262803,0
16010,206.662514,109.624998,0.000000,0.000000,0.000000,0
16020,207.562500,110.124999,0.000000,102.955147,29.055022,0
16030,208.350014,110.499999,0.000000,87.224015,25.462957,0
16040,208.350014,110.499999,0.000000,0.000000,0.000000,0
16050,208.912500,110.625000,0.000000,57.620833,12.529197,0
16060,209.250000,110.749998,0.300781,35.990384,20.322852,1
16070,209.250000,110.749998,0.300781,0.000000,0.000000,1
16080,209.250000,110.749998,0.300781,0.000000,0.000000,1
16090,209.250000,110.749998,0.300781,0.000000,0.000000,1
16100,209.137507,110.874999,0.486328,16.816642,131.985256,1
16110,209.137507,110.874999,0.486328,0.000000,0.000000,1
16120,209.137507,110.874999,0.486328,0.000000,0.000000,1
16130,209.137507,110.625000,0.558594,24.999905,-90.000000,1
16140,209.137507,110.625000,0.558594,0.000000,0.000000,1
16150,209.137507,110.124999,0.634766,50.000095,-90.000000,1
16160,208.800007,108.874998,0.706055,129.476200,-105.109564,1
16170,208.800007,108.874998,0.706055,0.000000,0.000000,1
16180,207.675014,106.500000,0.751953,262.796984,-115.346058,1
16190,207.675014,106.500000,0.751953,0.000000,0.000000,1
16200,206.212500,104.250000,0.780273,268.355108,-123.024113,1
16210,206.212500,104.250000,0.780273,0.000000,0.000000,1
16220,203.287514,100.999998,0.770508,437.242005,-131.987062,1
16230,201.487500,99.249999,0.675781,251.048722,-135.807164,1
16240,201.487500,99.249999,0.675781,0.000000,0.000000,1
16250,199.350007,97.749999,0.574219,261.129793,-144.940486,1
16260,197.550014,96.624999,0.433594,212.263993,-147.994519,1
16270,197.550014,96.624999,0.433594,0.000000,0.000000,1
16280,195.525014,95.874999,0.134766,215.942701,-159.676863,1
16290,195.075000,95.874999,0.000000,45.001373,180.000000,0
16300,195.075000,95.874999,0.000000,0.000000,0.000000,0
16310,194.737500,95.874999,0.000000,33.750000,180.000000,0
16320,194.737500,95.874999,0.000000,0.000000,0.000000,0
16330,194.175014,95.874999,0.000000,56.248627,180.000000,0
16340,194.175014,95.874999,0.000000,0.000000,0.000000,0
16350,194.062500,96.249999,0.000000,39.151544,106.701169,0
16360,194.062500,96.249999,0.000000,0.000000,0.000000,0
16370,194.062500,96.499998,0.000000,24.999905,90.000000,0
16380,194.400000,96.999999,0.000000,60.324722,55.980701,0
16390,194.400000,96.999999,0.000000,0.000000,0.000000,0
16400,194.512514,97.249998,0.000000,27.415117,65.769556,0
16410,194.512514,97.374999,0.000000,12.500095,90.000000,0
16420,194.512514,97.374999,0.000000,0.000000,0.000000,0
16430,194.287507,97.125000,0.000000,33.634449,-131.988191,0
16440,194.287507,97.125000,0.000000,0.000000,0.000000,0
16450,193.500014,96.499998,0.000000,100.537198,-141.562370,0
16460,192.375000,95.874999,0.000000,128.696531,-150.945730,0
16470,192.375000,95.874999,0.000000,0.000000,0.000000,0
16480,190.687500,94.875000,0.000000,196.154387,-149.349356,0
16490,190.687500,94.875000,0.000000,0.000000,0.000000,0
16500,188.662500,93.624999,0.000000,237.973263,-148.313613,0
16510,188.662500,93.624999,0.000000,0.000000,0.000000,0
16520,187.200007,92.874999,0.000000,164.358942,-152.850209,0
16530,185.850007,92.250000,0.000000,148.765715,-155.157644,0
16540,185.850007,92.250000,0.000000,0.000000,0.000000,0
16550,185.062514,92.250000,0.496094,78.749313,180.000000,1
16560,185.062514,92.250000,0.496094,0.000000,0.000000,1
16570,184.950000,92.250000,0.554688,11.251373,180.000000,1
16580,184.725014,92.250000,0.578125,22.498627,180.000000,1
16590,184.725014,92.250000,0.578125,0.000000,0.000000,1
16600,184.725014,92.250000,0.578125,0.000000,0.000000,1
16610,185.287500,92.374998,0.579102,57.620771,12.528919,1
16620,185.287500,92.374998,0.579102,0.000000,0.000000,1
16630,186.300000,92.625000,0.629883,104.290805,13.869788,1
16640,186.300000,92.625000,0.629883,0.000000,0.000000,1
16650,188.887507,93.249999,0.682617,266.191953,13.579398,1
16660,191.362500,94.125000,0.712891,262.511289,19.470372,1
16670,191.362500,94.125000,0.712891,0.000000,0.000000,1
16680,195.750000,95.499999,0.727539,459.791025,17.400474,1
16690,195.750000,95.499999,0.727539,0.000000,0.000000,1
16700,199.125000,96.375000,0.733398,348.658166,14.534470,1
16710,199.125000,96.375000,0.733398,0.000000,0.000000,1
16720,202.612514,97.374999,0.737305,362.805046,15.999553,1
16730,206.100007,98.250000,0.737305,359.558549,14.084595,1
16740,206.100007,98.250000,0.737305,0.000000,0.000000,1
16750,211.612500,99.624999,0.757813,568.139093,14.005677,1
16760,215.550007,100.749999,0.779297,409.506841,15.945370,1
16770,215.550007,100.749999,0.779297,0.000000,0.000000,1
16780,215.887507,101.499999,0.784180,82.243921,65.772255,1
16790,215.887507,101.499999,0.784180,0.000000,0.000000,1
16800,215.887507,102.000000,0.787109,50.000095,90.000000,1
16810,215.887507,102.000000,0.787109,0.000000,0.000000,1
16820,215.887507,102.499998,0.789063,49.999809,90.000000,1
16830,215.887507,102.999999,0.715820,50.000095,90.000000,1
16840,215.887507,102.999999,0.715820,0.000000,0.000000,1
16850,215.887507,102.750000,0.000000,24.999905,-90.000000,0
16860,215.887507,102.750000,0.000000,0.000000,0.000000,0
16870,215.887507,102.249999,0.000000,50.000095,-90.000000,0
16880,215.887507,101.499999,0.000000,75.000000,-90.000000,0
16890,215.887507,101.499999,0.000000,0.000000,0.000000,0
16900,215.887507,100.500000,0.000000,99.999905,-90.000000,0
16910,215.887507,99.874998,0.000000,62.500191,-90.000000,0
16920,215.887507,99.874998,0.000000,0.000000,0.000000,0
16930,215.887507,99.249999,0.000000,62.499905,-90.000000,0
16940,215.887507,99.249999,0.000000,0.000000,0.000000,0
16950,213.750014,98.499999,0.000000,226.525427,-160.665134,0
16960,213.750014,98.499999,0.000000,0.000000,0.000000,0
16970,210.600000,97.624998,0.000000,326.928328,-164.475937,0
16980,205.987514,96.249999,0.000000,481.307095,-163.400489,0
16990,205.987514,96.249999,0.000000,0.000000,0.000000,0
17000,202.612514,94.999998,0.000000,359.904534,-159.676849,0
17010,198.675007,93.624999,0.000000,417.068132,-160.750518,0
17020,198.675007,93.624999,0.000000,0.000000,0.000000,0
17030,195.750000,92.625000,0.000000,309.122359,-161.125508,0
17040,195.750000,92.625000,0.000000,0.000000,0.000000,0
17050,192.037500,91.624998,0.000000,384.482250,-164.924566,0
17060,189.562507,91.125000,0.000000,252.499289,-168.578825,0
17070,189.562507,91.125000,0.000000,0.000000,0.000000,0
17080,187.537507,90.624999,0.000000,208.581542,-166.130288,0
17090,187.537507,90.624999,0.000000,0.000000,0.000000,0
17100,185.962500,90.249999,0.000000,161.903417,-166.607559,0
17110,184.612500,90.000000,0.000000,137.295285,-169.508562,0
17120,184.612500,90.000000,0.000000,0.000000,0.000000,0
17130,182.700014,90.000000,0.000000,191.248627,180.000000,0
17140,182.700014,90.000000,0.000000,0.000000,0.000000,0
17150,182.362514,90.000000,0.000000,33.750000,180.000000,0
17160,182.137507,90.124998,0.000000,25.739583,150.946509,0
17170,182.137507,90.124998,0.000000,0.000000,0.000000,0
17180,181.687514,90.375000,0.000000,51.477643,150.944839,0
17190,181.687514,90.375000,0.000000,0.000000,0.000000,0
17200,181.350014,90.750000,0.000000,50.451090,131.987212,0
17210,181.237500,91.125000,0.000000,39.151544,106.701169,0
17220,181.237500,91.125000,0.000000,0.000000,0.000000,0
17230,181.462507,91.374999,0.000000,33.634449,48.011809,0
17240,181.462507,91.374999,0.000000,0.000000,0.000000,0
17250,181.912500,91.749999,0.000000,58.576345,39.806001,0
17260,182.362514,91.999998,0.000000,51.479305,29.053769,0
17270,182.362514,91.999998,0.000000,0.000000,0.000000,0
17280,182.925000,92.250000,0.000000,61.554184,23.963170,0
17290,182.925000,92.250000,0.000000,0.000000,0.000000,0
17300,183.600000,92.374998,0.000000,68.647616,10.491320,0
17310,184.050014,92.499999,0.000000,46.705203,15.523773,0
17320,184.050014,92.499999,0.000000,0.000000,0.000000,0
17330,184.387514,92.499999,0.000000,33.750000,0.000000,0
17340,184.387514,92.499999,0.000000,0.000000,0.000000,0
17350,184.950000,92.374998,0.000000,57.620833,-12.529197,0
17360,185.400014,92.250000,0.000000,46.705126,-15.523435,0
17370,185.400014,92.250000,0.000000,0.000000,0.000000,0
17380,185.850007,92.124999,0.000000,46.703218,-15.524449,0
17390,185.850007,92.124999,0.000000,0.000000,0.000000,0
17400,186.187507,92.124999,0.000000,33.750000,0.000000,0
17410,186.637500,91.999998,0.261719,46.703218,-15.524449,1
17420,186.637500,91.999998,0.261719,0.000000,0.000000,1
17430,186.637500,91.875000,0.354492,12.499809,-90.000000,1
17440,186.637500,91.875000,0.354492,0.000000,0.000000,1
17450,186.750014,91.249998,0.488281,63.504860,-79.794837,1
17460,186.750014,90.624999,0.550781,62.499905,-90.000000,1
17470,186.750014,90.624999,0.550781,0.000000,0.000000,1
17480,186.750014,89.749998,0.616211,87.500095,-90.000000,1
17490,186.750014,89.749998,0.616211,0.000000,0.000000,1
17500,186.637500,87.249999,0.713867,250.252963,-92.576887,1
17510,186.637500,87.249999,0.713867,0.000000,0.000000,1
17520,186.412514,85.125000,0.774414,213.687617,-96.043729,1
17530,186.075014,83.374998,0.815430,178.224940,-100.915871,1
17540,186.075014,83.374998,0.815430,0.000000,0.000000,1
17550,185.625000,81.249996,0.843750,217.212925,-101.956928,1
17560,184.950000,78.499998,0.872070,283.162754,-103.790876,1
17570,184.950000,78.499998,0.872070,0.000000,0.000000,1
17580,183.825007,75.499998,0.893555,320.399899,-110.555930,1
17590,183.825007,75.499998,0.893555,0.000000,0.000000,1
17600,182.137507,71.374998,0.915039,445.682412,-112.249024,1
17610,180.900000,68.625000,0.927734,301.561151,-114.227879,1
17620,180.900000,68.625000,0.927734,0.000000,0.000000,1
17630,179.437507,65.749998,0.934570,322.560415,-116.962119,1
17640,179.437507,65.749998,0.934570,0.000000,0.000000,1
17650,177.750007,63.000000,0.943359,322.647575,-121.534810,1
17660,174.712507,59.250000,0.946289,482.585808,-129.007473,1
17670,174.712507,59.250000,0.946289,0.000000,0.000000,1
17680,172.462500,57.000000,0.950195,318.198537,-135.000087,1
17690,172.462500,57.000000,0.950195,0.000000,0.000000,1
17700,170.100000,54.999996,0.932617,309.538713,-139.750001,1
17710,170.100000,54.999996,0.932617,0.000000,0.000000,1
17720,167.850003,53.499996,0.911133,270.416060,-146.309892,1
17730,166.162503,52.624998,0.850586,190.086241,-152.592476,1
17740,166.162503,52.624998,0.850586,0.000000,0.000000,1
17750,165.037500,52.875000,0.000000,115.244682,167.471137,0
17760,165.037500,52.875000,0.000000,0.000000,0.000000,0
17770,165.037500,54.249996,0.000000,137.499619,90.000000,0
17780,165.825003,56.374998,0.000000,226.622919,69.665822,0
17790,165.825003,56.374998,0.000000,0.000000,0.000000,0
17800,167.512503,59.250000,0.000000,333.366048,59.588935,0
17810,171.562503,64.999998,0.000000,703.313430,54.841123,0
17820,171.562503,64.999998,0.000000,0.000000,0.000000,0
17830,175.612514,69.000000,0.000000,569.232806,44.644071,0
17840,175.612514,69.000000,0.000000,0.000000,0.000000,0
17850,178.762507,72.124998,0.000000,443.712405,44.771776,0
17860,183.600000,75.750000,0.000000,604.499617,36.846256,0
17870,183.600000,75.750000,0.000000,0.000000,0.000000,0
17880,188.100014,78.999996,0.000000,555.090973,35.837538,0
17890,188.100014,78.999996,0.000000,0.000000,0.000000,0
17900,194.512514,82.374996,0.000000,724.643231,27.758541,0
17910,197.887514,83.499996,0.000000,355.756237,18.434949,0
17920,197.887514,83.499996,0.000000,0.000000,0.000000,0
17930,200.587514,84.124998,0.000000,277.139448,13.033395,0
17940,200.587514,84.124998,0.000000,0.000000,0.000000,0
17950,202.500000,84.375000,0.000000,192.875729,7.447526,0
17960,203.062507,84.375000,0.000000,56.250687,0.000000,0
17970,203.062507,84.375000,0.000000,0.000000,0.000000,0
17980,203.400007,84.124998,0.000000,42.000858,-36.529064,0
17990,203.400007,84.124998,0.000000,0.000000,0.000000,0
18000,203.737507,84.000000,0.000000,35.990384,-20.322852,0
18010,203.962514,83.499996,0.000000,54.829910,-65.771764,0
18020,203.962514,83.499996,0.000000,0.000000,0.000000,0
18030,203.962514,83.250000,0.000000,24.999619,-90.000000,0
18040,203.962514,83.250000,0.000000,0.000000,0.000000,0
18050,203.850000,82.999998,0.000000,27.415378,-114.230199,0
18060,203.850000,83.124996,0.000000,12.499809,90.000000,0
18070,203.850000,83.124996,0.000000,0.000000,0.000000,0
18080,203.737507,83.124996,0.000000,11.249313,180.000000,0
18090,203.737507,83.124996,0.000000,0.000000,0.000000,0
18100,203.625014,83.124996,0.000000,11.249313,180.000000,0
18110,202.950014,83.250000,0.000000,68.647721,169.508210,0
18120,202.950014,83.250000,0.000000,0.000000,0.000000,0
18130,202.725007,83.374998,0.000000,25.739583,150.946509,0
18140,202.725007,83.374998,0.000000,0.000000,0.000000,0
18150,202.725007,83.499996,0.000000,12.499809,90.000000,0
18160,202.725007,83.749998,0.000000,25.000191,90.000000,0
18170,202.725007,83.749998,0.000000,0.000000,0.000000,0
18180,202.837500,84.000000,0.441406,27.414532,65.773727,1
18190,202.837500,84.000000,0.441406,0.000000,0.000000,1
18200,202.725007,83.874996,0.552734,16.816854,-131.984604,1
18210,202.612514,83.625000,0.571289,27.414011,-114.226764,1
18220,202.612514,83.625000,0.571289,0.000000,0.000000,1
18230,202.050007,82.624998,0.658203,114.735251,-119.358006,1
18240,202.050007,82.624998,0.658203,0.000000,0.000000,1
18250,200.250014,79.875000,0.734375,328.671033,-123.206488,1
18260,196.987507,75.874998,0.832031,516.177937,-129.201591,1
18270,196.987507,75.874998,0.832031,0.000000,0.000000,1
18280,194.175014,72.999996,0.883789,402.190920,-134.370312,1
18290,194.175014,72.999996,0.883789,0.000000,0.000000,1
18300,191.587507,70.125000,0.910156,386.791867,-131.987326,1
18310,189.112514,67.624998,0.920898,351.789718,-134.711983,1
18320,189.112514,67.624998,0.920898,0.000000,0.000000,1
18330,186.975000,65.625000,0.907227,292.727814,-136.903600,1
18340,186.975000,65.625000,0.907227,0.000000,0.000000,1
18350,184.837507,63.624996,0.785156,292.726701,-136.903243,1
18360,184.387514,63.249996,0.401367,58.576345,-140.193999,1
18370,184.612500,63.624996,0.000000,43.731433,59.037786,0
18380,184.612500,63.624996,0.000000,0.000000,0.000000,0
18390,184.612500,63.624996,0.000000,0.000000,0.000000,0
18400,186.412514,65.749998,0.000000,278.490261,49.733248,0
18410,190.462514,68.874996,0.000000,511.547780,37.653938,0
18420,190.462514,68.874996,0.000000,0.000000,0.000000,0
18430,193.837514,71.124996,0.000000,405.624518,33.690068,0
18440,193.837514,71.124996,0.000000,0.000000,0.000000,0
18450,196.987507,72.874998,0.000000,360.346547,29.054684,0
18460,200.250014,74.124996,0.000000,349.377250,20.963853,0
18470,200.250014,74.124996,0.000000,0.000000,0.000000,0
18480,202.725007,74.874996,0.000000,258.613438,16.858443,0
18490,202.725007,74.874996,0.000000,0.000000,0.000000,0
18500,204.525000,75.124998,0.000000,181.727165,7.907252,0
18510,206.212500,74.874996,0.000000,170.591829,-8.427032,0
18520,206.212500,74.874996,0.000000,0.000000,0.000000,0
18530,206.662514,74.625000,0.000000,51.479166,-29.053491,0
18540,206.662514,74.625000,0.000000,0.000000,0.000000,0
18550,206.887500,74.374998,0.000000,33.633283,-48.014744,0
18560,207.450007,73.999998,0.000000,67.604658,-33.689745,0
18570,207.450007,73.999998,0.000000,0.000000,0.000000,0
18580,207.787507,73.249998,0.000000,82.243921,-65.772255,0
18590,207.787507,73.249998,0.000000,0.000000,0.000000,0
18600,207.900000,73.125000,0.000000,16.816429,-48.014092,0
18610,208.237500,72.624996,0.000000,60.324959,-55.980853,0
18620,208.237500,72.624996,0.000000,0.000000,0.000000,0
18630,208.575000,72.499998,0.000000,35.990384,-20.322852,0
18640,209.025014,72.375000,0.215820,46.705126,-15.523435,1
18650,209.025014,72.375000,0.215820,0.000000,0.000000,1
18660,209.025014,72.375000,0.215820,0.000000,0.000000,1
18670,209.025014,72.375000,0.215820,0.000000,0.000000,1
18680,209.025014,72.000000,0.633789,37.500000,-90.000000,1
18690,209.025014,72.000000,0.633789,0.000000,0.000000,1
18700,208.800007,70.875000,0.637695,114.728074,-101.310269,1
18710,207.450007,68.499996,0.658203,273.187539,-119.614772,1
18720,207.450007,68.499996,0.658203,0.000000,0.000000,1
18730,204.637514,64.999998,0.776367,449.000048,-128.784311,1
18740,204.637514,64.999998,0.776367,0.000000,0.000000,1
18750,202.162500,62.250000,0.862305,369.975438,-131.987390,1
18760,199.462500,59.625000,0.902344,376.571706,-135.806929,1
18770,199.462500,59.625000,0.902344,0.000000,0.000000,1
18780,196.987507,57.249996,0.905273,343.019447,-136.181064,1
18790,196.987507,57.249996,0.905273,0.000000,0.000000,1
18800,194.287507,54.999996,0.868164,351.461235,-140.194429,1
18810,193.837514,54.624996,0.662109,58.576345,-140.193999,1
18820,193.837514,54.624996,0.662109,0.000000,0.000000,1
18830,193.725000,54.750000,0.253906,16.818232,131.989821,1
18840,194.850014,56.250000,0.000000,187.500824,53.129767,0
18850,194.850014,56.250000,0.000000,0.000000,0.000000,0
18860,197.100000,58.500000,0.000000,318.197080,45.000175,0
18870,197.100000,58.500000,0.000000,0.000000,0.000000,0
18880,202.500000,62.374998,0.000000,664.647352,35.662928,0
18890,202.500000,62.374998,0.000000,0.000000,0.000000,0
18900,206.437507,64.749996,0.000000,459.832320,31.097248,0
18910,210.375014,66.624996,0.000000,436.114496,25.463306,0
18920,210.375014,66.624996,0.000000,0.000000,0.000000,0
18930,213.075014,67.624998,0.000000,287.923667,20.323172,0
18940,213.075014,67.624998,0.000000,0.000000,0.000000,0
18950,215.775014,68.625000,0.000000,287.923667,20.323172,0
18960,215.887507,68.874996,0.000000,27.414011,65.773236,0
18970,215.887507,68.874996,0.000000,0.000000,0.000000,0
18980,215.887507,68.749998,0.000000,12.499809,-90.000000,0
18990,215.887507,68.749998,0.000000,0.000000,0.000000,0
19000,215.887507,68.625000,0.000000,12.499809,-90.000000,0
19010,215.887507,68.374998,0.000000,25.000191,-90.000000,0
19020,215.887507,68.374998,0.000000,0.000000,0.000000,0
19030,215.887507,67.624998,0.000000,75.000000,-90.000000,0
19040,215.887507,67.624998,0.000000,0.000000,0.000000,0
19050,215.887507,67.125000,0.000000,49.999809,-90.000000,0
19060,215.887507,66.624996,0.000000,50.000381,-90.000000,0
19070,215.887507,66.624996,0.000000,0.000000,0.000000,0
19080,215.887507,66.375000,0.000000,24.999619,-90.000000,0
19090,215.887507,66.375000,0.000000,0.000000,0.000000,0
19100,215.887507,66.375000,0.000000,0.000000,0.000000,0
19110,215.887507,66.375000,0.000000,0.000000,0.000000,0
19120,215.887507,66.375000,0.000000,0.000000,0.000000,0
19130,215.887507,66.499998,0.000000,12.499809,90.000000,0
19140,215.887507,66.499998,0.000000,0.000000,0.000000,0
19150,215.887507,66.624996,0.000000,12.499809,90.000000,0
19160,215.887507,66.624996,0.000000,0.000000,0.000000,0
19170,215.887507,66.624996,0.000000,0.000000,0.000000,0
19180,215.887507,66.624996,0.000000,0.000000,0.000000,0
19190,215.887507,66.624996,0.000000,0.000000,0.000000,0
19200,215.887507,66.750000,0.377930,12.500381,90.000000,1
19210,215.887507,66.624996,0.520508,12.500381,-90.000000,1
19220,215.887507,66.624996,0.520508,0.000000,0.000000,1
19230,215.887507,66.499998,0.550781,12.499809,-90.000000,1
19240,215.887507,66.499998,0.550781,0.000000,0.000000,1
19250,215.887507,66.000000,0.579102,49.999809,-90.000000,1
19260,215.887507,64.749996,0.614258,125.000381,-90.000000,1
19270,215.887507,64.749996,0.614258,0.000000,0.000000,1
19280,215.887507,62.874996,0.629883,187.500000,-90.000000,1
19290,215.887507,62.874996,0.629883,0.000000,0.000000,1
19300,215.887507,60.375000,0.689453,249.999619,-90.000000,1
19310,215.887507,57.999996,0.746094,237.500381,-90.000000,1
19320,215.887507,57.999996,0.746094,0.000000,0.000000,1
19330,215.887507,53.625000,0.814453,437.499619,-90.000000,1
19340,215.887507,53.625000,0.814453,0.000000,0.000000,1
19350,215.887507,50.250000,0.841797,337.500000,-90.000000,1
19360,214.875007,46.749996,0.871094,364.351245,-106.134384,1
19370,214.875007,46.749996,0.871094,0.000000,0.000000,1
19380,211.500007,42.874998,0.888672,513.869976,-131.054828,1
19390,211.500007,42.874998,0.888672,0.000000,0.000000,1
19400,207.675014,39.000000,0.900391,544.483082,-134.627917,1
19410,201.375007,33.375000,0.913086,844.575109,-138.239731,1
19420,201.375007,33.375000,0.913086,0.000000,0.000000,1
19430,196.650007,30.000000,0.902344,580.656956,-144.462322,1
19440,196.650007,30.000000,0.902344,0.000000,0.000000,1
19450,192.150014,27.124992,0.892578,534.000066,-147.425834,1
19460,187.987500,24.750000,0.843750,479.240121,-150.292352,1
19470,187.987500,24.750000,0.843750,0.000000,0.000000,1
19480,184.612500,23.250000,0.622070,369.332168,-156.037511,1
19490,184.612500,23.250000,0.622070,0.000000,0.000000,1
