时间（ms）,X坐标（mm）,Y坐标（mm）,压力（0-1）,速度（mm/s）,角度（度）,落笔情况（1落笔/0抬笔）
0,0.000000,88.749999,0.214844,0.000000,0.000000,1
10,0.000000,88.749999,0.214844,0.000000,0.000000,1
20,0.000000,88.749999,0.214844,0.000000,0.000000,1
30,0.000000,88.749999,0.214844,0.000000,0.000000,1
40,0.000000,88.749999,0.214844,0.000000,0.000000,1
50,0.000000,88.749999,0.214844,0.000000,0.000000,1
60,0.000000,88.749999,0.214844,0.000000,0.000000,1
70,0.000000,88.749999,0.214844,0.000000,0.000000,1
80,0.000000,88.749999,0.214844,0.000000,0.000000,1
90,0.000000,88.749999,0.214844,0.000000,0.000000,1
100,0.000000,88.624998,0.440430,12.500095,-90.000000,1
110,0.000000,88.624998,0.440430,0.000000,0.000000,1
120,0.000000,88.624998,0.440430,0.000000,0.000000,1
130,0.000000,88.875000,0.484375,25.000191,90.000000,1
140,0.000000,88.875000,0.484375,0.000000,0.000000,1
150,0.000000,89.499999,0.521484,62.499905,90.000000,1
160,0.000000,89.499999,0.521484,0.000000,0.000000,1
170,0.675000,90.624999,0.609375,131.196418,59.036243,1
180,3.937500,92.250000,0.696289,364.479561,26.477187,1
190,3.937500,92.250000,0.696289,0.000000,0.000000,1
200,6.525000,93.999999,0.710938,312.372429,34.071594,1
210,6.525000,93.999999,0.710938,0.000000,0.000000,1
220,9.112500,95.625000,0.722656,305.545140,32.129632,1
230,11.812500,97.374999,0.742188,321.752959,32.949201,1
240,11.812500,97.374999,0.742188,0.000000,0.000000,1
250,14.737500,99.124998,0.752930,340.853695,30.891669,1
260,14.737500,99.124998,0.752930,0.000000,0.000000,1
270,18.675001,102.000000,0.777344,487.540210,36.135392,1
280,20.925000,103.500000,0.801758,270.416274,33.690078,1
290,20.925000,103.500000,0.801758,0.000000,0.000000,1
300,22.950000,104.625000,0.821289,231.651678,29.054604,1
310,22.950000,104.625000,0.821289,0.000000,0.000000,1
320,23.850002,105.249999,0.831055,109.573122,34.777739,1
330,24.637500,105.499998,0.831055,82.622822,17.612551,1
340,24.637500,105.499998,0.831055,0.000000,0.000000,1
350,24.975000,105.750000,0.812500,42.000858,36.529064,1
360,24.975000,105.750000,0.812500,0.000000,0.000000,1
370,24.862502,105.624999,0.645508,16.816986,-131.986560,1
380,23.850002,105.375000,0.217773,104.290737,-166.130364,1
390,23.512502,105.249999,0.000000,35.990483,-159.676721,0
400,23.512502,105.249999,0.000000,0.000000,0.000000,0
410,23.512502,105.249999,0.000000,0.000000,0.000000,0
420,23.400001,105.249999,0.000000,11.250086,180.000000,0
430,23.175002,105.750000,0.000000,54.829332,114.227623,0
440,23.175002,105.750000,0.000000,0.000000,0.000000,0
450,23.175002,106.249998,0.000000,49.999809,90.000000,0
460,23.175002,106.249998,0.000000,0.000000,0.000000,0
470,22.950000,106.875000,0.000000,66.426889,109.798960,0
480,22.500002,107.749998,0.000000,98.393095,117.216073,0
490,22.500002,107.749998,0.000000,0.000000,0.000000,0
500,21.937500,108.624999,0.000000,104.020904,122.735277,0
510,21.937500,108.624999,0.000000,0.000000,0.000000,0
520,21.262500,109.624998,0.000000,120.649206,124.019375,0
530,20.475000,110.499999,0.000000,117.719253,131.987166,0
540,20.475000,110.499999,0.000000,0.000000,0.000000,0
550,19.687501,111.624999,0.000000,137.323726,124.992006,0
560,19.687501,111.624999,0.000000,0.000000,0.000000,0
570,18.450000,113.250000,0.000000,204.255610,127.290660,0
580,17.325001,114.624999,0.000000,177.658279,129.289416,0
590,17.325001,114.624999,0.000000,0.000000,0.000000,0
600,16.425000,115.749999,0.000000,144.070322,128.659822,0
610,16.425000,115.749999,0.000000,0.000000,0.000000,0
620,15.637501,116.750000,0.000000,127.285369,128.220404,0
630,14.625001,118.125000,0.000000,170.756627,126.366571,0
640,14.625001,118.125000,0.000000,0.000000,0.000000,0
650,13.837500,119.124999,0.000000,127.285337,128.220489,0
660,13.837500,119.124999,0.000000,0.000000,0.000000,0
670,13.275001,119.874999,0.000000,93.749949,126.869856,0
680,12.712500,120.624999,0.000000,93.750026,126.869919,0
690,12.712500,120.624999,0.000000,0.000000,0.000000,0
700,12.262501,121.250000,0.000000,77.014623,125.753841,0
710,12.262501,121.250000,0.000000,0.000000,0.000000,0
720,11.925001,122.124999,0.000000,93.783283,111.092350,0
730,11.812500,122.499999,0.000000,39.151174,106.699365,0
740,11.812500,122.499999,0.000000,0.000000,0.000000,0
750,11.700000,123.000000,0.000000,51.250084,102.680313,0
760,11.700000,123.000000,0.000000,0.000000,0.000000,0
770,11.700000,123.125000,0.000000,12.499952,90.000000,0
780,11.812500,123.250000,0.000000,16.817019,48.012951,0
790,11.812500,123.250000,0.000000,0.000000,0.000000,0
800,12.037500,123.375000,0.000000,25.739124,29.054604,0
810,12.262501,123.500000,0.000000,25.739090,29.054465,0
820,12.262501,123.500000,0.000000,0.000000,0.000000,0
830,12.712500,123.625000,0.000000,46.703819,15.524153,0
840,12.825000,123.625000,0.260742,11.249957,0.000000,1
850,12.825000,123.625000,0.260742,0.000000,0.000000,1
860,12.937501,123.750000,0.360352,16.817105,48.012624,1
870,12.937501,123.750000,0.360352,0.000000,0.000000,1
880,13.162500,123.750000,0.422852,22.499914,0.000000,1
890,13.162500,123.750000,0.422852,0.000000,0.000000,1
900,13.387500,123.750000,0.444336,22.500043,0.000000,1
910,13.387500,123.750000,0.444336,0.000000,0.000000,1
920,13.612501,123.625000,0.461914,25.739124,-29.054604,1
930,13.950001,123.500000,0.497070,35.990458,-20.323172,1
940,13.950001,123.500000,0.497070,0.000000,0.000000,1
950,14.400000,123.250000,0.516602,51.478102,-29.054604,1
960,14.400000,123.250000,0.516602,0.000000,0.000000,1
970,14.737500,123.125000,0.524414,35.990458,-20.323172,1
980,14.962501,123.000000,0.527344,25.739090,-29.054465,1
990,14.962501,123.000000,0.527344,0.000000,0.000000,1
1000,15.187500,122.874999,0.530273,25.739047,-29.054882,1
1010,15.187500,122.874999,0.530273,0.000000,0.000000,1
1020,15.412500,122.750000,0.514648,25.739090,-29.054465,1
1030,15.525000,122.499999,0.543945,27.414666,-65.772377,1
1040,15.525000,122.499999,0.543945,0.000000,0.000000,1
1050,15.525000,122.124999,0.565430,37.500000,-90.000000,1
1060,15.525000,122.124999,0.565430,0.000000,0.000000,1
1070,15.637501,121.749999,0.577148,39.151174,-73.300635,1
1080,15.750000,121.250000,0.597656,51.249944,-77.319652,1
1090,15.750000,121.250000,0.597656,0.000000,0.000000,1
1100,15.862500,120.500000,0.612305,75.839050,-81.469266,1
1110,15.862500,119.750000,0.621094,75.000000,-90.000000,1
1120,15.862500,119.750000,0.621094,0.000000,0.000000,1
1130,15.862500,118.875000,0.660156,87.499952,-90.000000,1
1140,15.862500,118.875000,0.660156,0.000000,0.000000,1
1150,15.862500,117.875000,0.693359,100.000048,-90.000000,1
1160,15.862500,117.875000,0.693359,0.000000,0.000000,1
1170,15.750000,116.000000,0.749023,187.837194,-93.433617,1
1180,15.862500,114.125000,0.778320,187.837194,-86.566383,1
1190,15.862500,114.125000,0.778320,0.000000,0.000000,1
1200,15.750000,112.749999,0.791992,137.959504,-94.677398,1
1210,15.750000,112.749999,0.791992,0.000000,0.000000,1
1220,15.750000,111.249999,0.796875,150.000000,-90.000000,1
1230,15.525000,109.500000,0.796875,176.440411,-97.326424,1
1240,15.525000,109.500000,0.796875,0.000000,0.000000,1
1250,15.412500,106.749999,0.803711,275.230111,-92.342602,1
1260,15.412500,106.749999,0.803711,0.000000,0.000000,1
1270,15.300001,104.874999,0.807617,187.837194,-93.433617,1
1280,15.187500,102.750000,0.815430,212.797495,-93.030501,1
1290,15.187500,102.750000,0.815430,0.000000,0.000000,1
1300,15.075000,100.374999,0.821289,237.766391,-92.711972,1
1310,15.075000,100.374999,0.821289,0.000000,0.000000,1
1320,14.962501,96.999999,0.842773,337.687447,-91.909145,1
1330,14.850000,94.374999,0.851563,262.740965,-92.454050,1
1340,14.850000,94.374999,0.851563,0.000000,0.000000,1
1350,14.737500,91.374999,0.863281,300.210862,-92.147577,1
1360,14.737500,91.374999,0.863281,0.000000,0.000000,1
1370,14.625001,88.500000,0.877930,287.719928,-92.240858,1
1380,14.400000,85.749996,0.888672,275.919303,-94.677420,1
1390,14.400000,85.749996,0.888672,0.000000,0.000000,1
1400,14.175000,81.375000,0.891602,438.077811,-92.944055,1
1410,14.175000,81.375000,0.891602,0.000000,0.000000,1
1420,14.062500,78.499998,0.893555,287.720213,-92.240855,1
1430,13.950001,75.375000,0.896484,312.702242,-92.061751,1
1440,13.950001,75.375000,0.896484,0.000000,0.000000,1
1450,13.725000,72.375000,0.893555,300.842570,-94.289161,1
1460,13.725000,72.375000,0.893555,0.000000,0.000000,1
1470,13.612501,69.124998,0.898438,325.194842,-91.982515,1
1480,13.500000,64.624998,0.900391,450.140605,-91.432107,1
1490,13.500000,64.624998,0.900391,0.000000,0.000000,1
1500,13.387500,61.624998,0.905273,300.210862,-92.147577,1
1510,13.387500,58.624998,0.905273,300.000000,-90.000000,1
1520,13.387500,58.624998,0.905273,0.000000,0.000000,1
1530,13.387500,55.999998,0.904297,262.500000,-90.000000,1
1540,13.387500,55.999998,0.904297,0.000000,0.000000,1
1550,13.387500,53.499996,0.906250,250.000191,-90.000000,1
1560,13.387500,53.499996,0.906250,0.000000,0.000000,1
1570,13.612501,49.999998,0.908203,350.722281,-86.321752,1
1580,13.725000,47.625000,0.908203,237.766106,-87.288025,1
1590,13.725000,47.625000,0.908203,0.000000,0.000000,1
1600,14.062500,45.499998,0.910156,215.163644,-80.975467,1
1610,14.062500,45.499998,0.910156,0.000000,0.000000,1
1620,14.737500,43.125000,0.905273,246.905669,-74.134280,1
1630,15.075000,41.874996,0.849609,129.476476,-74.890469,1
1640,15.075000,41.874996,0.849609,0.000000,0.000000,1
1650,15.187500,41.250000,0.000000,63.504046,-79.796003,0
1660,15.187500,41.250000,0.000000,0.000000,0.000000,0
1670,15.187500,41.499996,0.000000,24.999619,90.000000,0
1680,14.850000,42.499998,0.000000,105.541938,108.649506,0
1690,14.850000,42.499998,0.000000,0.000000,0.000000,0
1700,13.725000,45.874998,0.000000,355.756223,108.434942,0
1710,13.725000,45.874998,0.000000,0.000000,0.000000,0
1720,12.825000,48.499998,0.000000,277.500014,108.924653,0
1730,12.375000,51.124998,0.000000,266.329206,99.727569,0
1740,12.375000,51.124998,0.000000,0.000000,0.000000,0
1750,12.487500,53.625000,0.000000,250.253186,87.423440,0
1760,12.487500,53.625000,0.000000,0.000000,0.000000,0
1770,12.487500,56.124996,0.000000,249.999619,90.000000,0
1780,13.162500,60.624996,0.000000,455.034339,81.469234,0
1790,13.162500,60.624996,0.000000,0.000000,0.000000,0
1800,13.950001,64.125000,0.000000,358.750391,77.319617,0
1810,13.950001,64.125000,0.000000,0.000000,0.000000,0
1820,14.962501,67.500000,0.000000,352.360345,73.300756,0
1830,15.750000,70.999998,0.000000,358.749804,77.319617,0
1840,15.750000,70.999998,0.000000,0.000000,0.000000,0
1850,16.425000,73.999998,0.000000,307.500000,77.319617,0
1860,16.425000,73.999998,0.000000,0.000000,0.000000,0
1870,17.100000,77.749998,0.000000,381.026574,79.796026,0
1880,17.437500,79.999998,0.000000,227.517170,81.469234,0
1890,17.437500,79.999998,0.000000,0.000000,0.000000,0
1900,17.662501,81.874998,0.000000,188.845180,83.157214,0
1910,17.662501,81.874998,0.000000,0.000000,0.000000,0
1920,17.887500,83.625000,0.000000,176.440678,82.673629,0
1930,18.000001,86.250000,0.000000,262.740965,87.545950,0
1940,18.000001,86.250000,0.000000,0.000000,0.000000,0
1950,17.775000,87.624999,0.000000,139.328661,99.293332,0
1960,17.775000,87.624999,0.000000,0.000000,0.000000,0
1970,17.662501,88.125000,0.000000,51.250084,102.680313,0
1980,17.550000,88.374999,0.000000,27.414589,114.227991,0
1990,17.550000,88.374999,0.000000,0.000000,0.000000,0
2000,17.212500,89.250000,0.000000,93.783416,111.092319,0
2010,17.212500,89.250000,0.000000,0.000000,0.000000,0
2020,16.987501,90.000000,0.000000,78.302274,106.699184,0
2030,16.762500,90.874998,0.000000,90.346381,104.420830,0
2040,16.762500,90.874998,0.000000,0.000000,0.000000,0
2050,16.650001,91.374999,0.000000,51.250084,102.680313,0
2060,16.650001,91.374999,0.000000,0.000000,0.000000,0
2070,16.425000,91.875000,0.000000,54.829385,114.227745,0
2080,16.312501,92.124999,0.000000,27.414536,114.227745,0
2090,16.312501,92.124999,0.000000,0.000000,0.000000,0
2100,16.312501,92.749998,0.000000,62.499905,90.000000,0
2110,16.312501,92.749998,0.000000,0.000000,0.000000,0
2120,16.200000,92.874999,0.000000,16.817158,131.987212,0
2130,16.200000,93.249999,0.000000,37.500000,90.000000,0
2140,16.200000,93.249999,0.000000,0.000000,0.000000,0
2150,16.087500,93.624999,0.000000,39.151137,106.699184,0
2160,16.087500,93.624999,0.000000,0.000000,0.000000,0
2170,15.975001,93.999999,0.000000,39.151137,106.699184,0
2180,15.862500,94.249998,0.000000,27.414589,114.227991,0
2190,15.862500,94.249998,0.000000,0.000000,0.000000,0
2200,15.862500,94.374999,0.000000,12.500095,90.000000,0
2210,15.862500,94.374999,0.000000,0.000000,0.000000,0
2220,15.750000,94.500000,0.000000,16.817072,131.986886,0
2230,15.750000,94.624998,0.000000,12.499809,90.000000,0
2240,15.750000,94.624998,0.000000,0.000000,0.000000,0
2250,15.525000,94.875000,0.000000,33.634231,131.987049,0
2260,15.525000,94.875000,0.014648,0.000000,0.000000,1
2270,15.525000,94.875000,0.014648,0.000000,0.000000,1
2280,15.412500,94.999998,0.203125,16.816860,131.987539,1
2290,15.412500,94.999998,0.203125,0.000000,0.000000,1
2300,15.412500,94.999998,0.203125,0.000000,0.000000,1
2310,15.412500,94.875000,0.329102,12.499809,-90.000000,1
2320,15.412500,94.875000,0.329102,0.000000,0.000000,1
2330,15.412500,94.624998,0.389648,25.000191,-90.000000,1
2340,15.412500,94.624998,0.389648,0.000000,0.000000,1
2350,15.412500,94.249998,0.438477,37.500000,-90.000000,1
2360,15.412500,94.249998,0.438477,0.000000,0.000000,1
2370,15.300001,93.499998,0.487305,75.839050,-98.530734,1
2380,15.075000,92.124999,0.575195,139.328661,-99.293332,1
2390,15.075000,92.124999,0.575195,0.000000,0.000000,1
2400,14.737500,90.624999,0.613281,153.750000,-102.680383,1
2410,14.737500,90.624999,0.613281,0.000000,0.000000,1
2420,14.175000,88.374999,0.654297,231.924702,-104.036254,1
2430,13.725000,86.874996,0.700195,156.604859,-106.699199,1
2440,13.725000,86.874996,0.700195,0.000000,0.000000,1
2450,13.162500,84.999996,0.710938,195.755759,-106.699256,1
2460,13.162500,84.999996,0.710938,0.000000,0.000000,1
2470,12.375000,82.999998,0.722656,214.945294,-111.492048,1
2480,11.025000,79.374996,0.747070,386.822166,-110.426015,1
2490,11.025000,79.374996,0.747070,0.000000,0.000000,1
2500,10.012500,76.749996,0.777344,281.349982,-111.092340,1
2510,9.000000,74.250000,0.785156,269.724622,-112.047978,1
2520,9.000000,74.250000,0.785156,0.000000,0.000000,1
2530,7.312500,70.125000,0.796875,445.682412,-112.249024,1
2540,7.312500,70.125000,0.796875,0.000000,0.000000,1
2550,6.075000,67.374996,0.796875,301.561408,-114.227723,1
2560,6.075000,67.374996,0.796875,0.000000,0.000000,1
2570,4.612500,64.999998,0.809570,278.917943,-121.624343,1
2580,3.262500,62.625000,0.813477,273.187041,-119.614831,1
2590,3.262500,62.625000,0.813477,0.000000,0.000000,1
2600,1.687500,60.375000,0.821289,274.647508,-124.992022,1
2610,1.687500,60.375000,0.821289,0.000000,0.000000,1
2620,0.112500,58.500000,0.821289,244.872416,-130.030259,1
2630,0.000000,56.374998,0.800781,212.797776,-93.030474,1
2640,0.000000,56.374998,0.800781,0.000000,0.000000,1
2650,0.000000,55.624998,0.673828,75.000000,-90.000000,1
2660,0.000000,55.624998,0.673828,0.000000,0.000000,1
2670,0.000000,55.624998,0.000000,0.000000,0.000000,0
2680,0.000000,56.124996,0.000000,49.999809,90.000000,0
2690,0.000000,56.124996,0.000000,0.000000,0.000000,0
2700,0.000000,58.749996,0.000000,262.500000,90.000000,0
2710,0.000000,60.624996,0.000000,187.500000,90.000000,0
2720,0.000000,60.624996,0.000000,0.000000,0.000000,0
2730,0.675000,63.000000,0.000000,246.906219,74.134316,0
2740,0.675000,63.000000,0.000000,0.000000,0.000000,0
2750,2.812500,65.625000,0.000000,338.519308,50.844563,0
2760,2.812500,65.625000,0.000000,0.000000,0.000000,0
2770,5.287500,68.499996,0.000000,379.357714,49.275805,0
2780,9.112500,73.125000,0.000000,600.177344,50.408356,0
2790,9.112500,73.125000,0.000000,0.000000,0.000000,0
2800,11.700000,75.874998,0.000000,377.593008,46.743805,0
2810,11.700000,75.874998,0.000000,0.000000,0.000000,0
2820,14.400000,78.499998,0.000000,376.571706,44.193071,0
2830,16.425000,80.749998,0.000000,302.706541,48.012788,0
2840,16.425000,80.749998,0.000000,0.000000,0.000000,0
2850,18.000001,82.624998,0.000000,244.872443,49.969733,0
2860,19.800000,84.624996,0.000000,269.072310,48.012767,0
2870,19.800000,84.624996,0.000000,0.000000,0.000000,0
2880,20.250000,85.374996,0.000000,87.464256,59.036268,0
2890,20.250000,85.374996,0.000000,0.000000,0.000000,0
2900,20.362501,85.749996,0.000000,39.151174,73.300635,0
2910,20.362501,85.749996,0.000000,0.000000,0.000000,0
2920,20.362501,85.999998,0.000000,25.000191,90.000000,0
2930,20.025001,86.250000,0.000000,42.000858,143.470936,0
2940,20.025001,86.250000,0.000000,0.000000,0.000000,0
2950,19.575000,86.250000,0.000000,45.000086,180.000000,0
2960,19.575000,86.250000,0.000000,0.000000,0.000000,0
2970,19.350001,86.250000,0.000000,22.499914,180.000000,0
2980,18.900000,86.374998,0.000000,46.703886,164.476143,0
2990,18.900000,86.374998,0.000000,0.000000,0.000000,0
3000,18.675001,86.499996,0.000000,25.738908,150.945674,0
3010,18.675001,86.499996,0.000000,0.000000,0.000000,0
3020,18.450000,86.749998,0.000000,33.634231,131.987049,0
3030,18.562500,86.874996,0.000000,16.816860,48.012461,0
3040,18.562500,86.874996,0.371094,0.000000,0.000000,1
3050,18.562500,86.874996,0.371094,0.000000,0.000000,1
3060,18.787500,86.749998,0.420898,25.739020,-29.054187,1
3070,18.787500,86.749998,0.420898,0.000000,0.000000,1
3080,19.575000,86.124996,0.509766,100.537702,-38.437402,1
3090,19.575000,86.124996,0.509766,0.000000,0.000000,1
3100,20.700001,85.374996,0.592773,135.208244,-33.690047,1
3110,20.700001,85.374996,0.592773,0.000000,0.000000,1
3120,22.725001,83.874996,0.658203,252.004464,-36.528855,1
3130,23.962500,82.875000,0.691406,159.103630,-38.940925,1
3140,23.962500,82.875000,0.691406,0.000000,0.000000,1
3150,25.762501,81.124998,0.727539,251.047999,-44.193088,1
3160,26.887502,80.250000,0.751953,142.521879,-37.874902,1
3170,26.887502,80.250000,0.751953,0.000000,0.000000,1
3180,28.012500,79.374996,0.777344,142.522027,-37.875147,1
3190,28.012500,79.374996,0.777344,0.000000,0.000000,1
3200,29.362500,78.624996,0.790039,154.434452,-29.054604,1
3210,31.050000,78.124998,0.816406,176.001544,-16.504302,1
3220,31.050000,78.124998,0.816406,0.000000,0.000000,1
3230,32.962502,78.124998,0.770508,191.250172,0.000000,1
3240,32.962502,78.124998,0.770508,0.000000,0.000000,1
3250,34.312502,78.499998,0.621094,140.111563,15.524111,1
3260,35.212501,78.999996,0.000000,102.956134,29.054535,0
3270,35.212501,78.999996,0.000000,0.000000,0.000000,0
3280,35.437500,79.249998,0.000000,33.634144,48.013114,0
3290,35.437500,79.249998,0.000000,0.000000,0.000000,0
3300,35.775000,79.624998,0.000000,50.451090,48.012788,0
3310,35.775000,79.749996,0.000000,12.499809,90.000000,0
3320,35.775000,79.749996,0.000000,0.000000,0.000000,0
3330,35.775000,80.374998,0.000000,62.500191,90.000000,0
3340,35.775000,80.374998,0.000000,0.000000,0.000000,0
3350,35.662502,81.249996,0.000000,88.220039,97.326312,0
3360,35.775000,82.999998,0.000000,175.361414,86.321821,0
3370,35.775000,82.999998,0.000000,0.000000,0.000000,0
3380,36.450000,85.125000,0.000000,222.963183,72.377718,0
3390,36.450000,85.125000,0.000000,0.000000,0.000000,0
3400,37.462500,87.375000,0.000000,246.731762,65.772255,0
3410,37.912501,88.749999,0.000000,144.676299,71.878096,0
3420,37.912501,88.749999,0.000000,0.000000,0.000000,0
3430,38.362502,89.874999,0.000000,121.166240,68.198553,0
3440,38.362502,89.874999,0.000000,0.000000,0.000000,0
3450,38.587501,91.125000,0.000000,127.008937,79.796072,0
3460,38.587501,91.500000,0.000000,37.500000,90.000000,0
3470,38.587501,91.500000,0.000000,0.000000,0.000000,0
3480,38.587501,92.124999,0.000000,62.499905,90.000000,0
3490,38.587501,92.124999,0.000000,0.000000,0.000000,0
3500,38.362502,92.874999,0.000000,78.302274,106.699184,0
3510,37.912501,93.499998,0.000000,77.014582,125.753981,0
3520,37.912501,93.499998,0.000000,0.000000,0.000000,0
3530,37.350002,93.999999,0.000000,75.259965,138.366363,0
3540,37.350002,93.999999,0.000000,0.000000,0.000000,0
3550,36.000002,94.374999,0.000000,140.111563,164.475889,0
3560,36.000002,94.374999,0.000000,0.000000,0.000000,0
3570,34.762500,94.500000,0.000000,124.379891,174.232075,0
3580,33.187501,94.374999,0.000000,157.995175,-175.462191,0
3590,33.187501,94.374999,0.000000,0.000000,0.000000,0
3600,32.175001,93.999999,0.000000,107.971350,-159.676863,0
3610,30.825001,93.624999,0.000000,140.111563,-164.475889,0
3620,30.825001,93.624999,0.000000,0.000000,0.000000,0
3630,29.812501,93.375000,0.000000,104.290737,-166.130364,0
3640,29.812501,93.375000,0.000000,0.000000,0.000000,0
3650,29.025000,93.249999,0.000000,79.735992,-170.980620,0
3660,28.237502,93.124998,0.000000,79.735738,-170.980591,0
3670,28.237502,93.124998,0.000000,0.000000,0.000000,0
3680,27.562502,92.874999,0.000000,71.980867,-159.676934,0
3690,27.562502,92.874999,0.000000,0.000000,0.000000,0
3700,26.775001,92.625000,0.000000,82.623067,-162.387503,0
3710,26.775001,92.625000,0.000000,0.000000,0.000000,0
3720,26.325000,92.374998,0.000000,51.478318,-150.945257,0
3730,26.100001,92.250000,0.000000,25.738908,-150.945674,0
3740,26.100001,92.250000,0.000000,0.000000,0.000000,0
3750,25.537502,91.624998,0.000000,84.085235,-131.987082,0
3760,25.312500,91.374999,0.000000,33.634104,-131.987539,0
3770,25.312500,91.249998,0.042969,12.500095,-90.000000,1
3780,25.312500,91.249998,0.042969,0.000000,0.000000,1
3790,25.312500,91.249998,0.042969,0.000000,0.000000,1
3800,25.425001,90.999999,0.289063,27.414589,-65.772009,1
3810,25.425001,90.874998,0.327148,12.500095,-90.000000,1
3820,25.425001,90.874998,0.327148,0.000000,0.000000,1
3830,25.537502,90.750000,0.354492,16.816946,-48.012135,1
3840,25.537502,90.750000,0.354492,0.000000,0.000000,1
3850,25.762501,90.624999,0.418945,25.739047,-29.054882,1
3860,25.987500,90.499998,0.467773,25.739047,-29.054882,1
3870,25.987500,90.499998,0.467773,0.000000,0.000000,1
3880,26.212502,90.375000,0.498047,25.739133,-29.054047,1
3890,26.212502,90.375000,0.498047,0.000000,0.000000,1
3900,26.550002,90.375000,0.539063,33.750000,0.000000,1
3910,27.450001,90.874998,0.561523,102.956134,29.054535,1
3920,27.450001,90.874998,0.561523,0.000000,0.000000,1
3930,28.800001,91.624998,0.595703,154.434452,29.054604,1
3940,28.800001,91.624998,0.595703,0.000000,0.000000,1
3950,31.500001,93.375000,0.635742,321.753115,32.949244,1
3960,31.500001,93.375000,0.635742,0.000000,0.000000,1
3970,33.975002,95.250000,0.682617,310.503692,37.146677,1
3980,36.787500,97.125000,0.699219,338.020289,33.690084,1
3990,36.787500,97.125000,0.699219,0.000000,0.000000,1
4000,41.625001,99.999999,0.708008,562.734698,30.723649,1
4010,44.775002,101.874999,0.714844,366.580556,30.762713,1
4020,44.775002,101.874999,0.714844,0.000000,0.000000,1
4030,47.812502,103.624998,0.718750,350.555315,29.947594,1
4040,47.812502,103.624998,0.718750,0.000000,0.000000,1
4050,50.400003,105.000000,0.722656,293.015279,27.986237,1
4060,50.400003,105.000000,0.722656,0.000000,0.000000,1
4070,53.775003,106.749999,0.741211,380.172614,27.407563,1
4080,55.687500,107.625000,0.751953,210.315710,24.584931,1
4090,55.687500,107.625000,0.751953,0.000000,0.000000,1
4100,56.925002,108.249999,0.752930,138.637452,26.796014,1
4110,57.262502,108.499998,0.753906,42.000687,36.528751,1
4120,57.262502,108.499998,0.753906,0.000000,0.000000,1
4130,57.600002,108.624999,0.708008,35.990483,20.323279,1
4140,57.600002,108.624999,0.708008,0.000000,0.000000,1
4150,56.700000,108.499998,0.000000,90.864092,-172.092793,0
4160,56.250002,108.499998,0.000000,44.999828,180.000000,0
4170,56.250002,108.499998,0.000000,0.000000,0.000000,0
4180,55.800003,108.499998,0.000000,44.999828,180.000000,0
4190,55.800003,108.499998,0.000000,0.000000,0.000000,0
4200,55.350000,108.499998,0.000000,45.000343,180.000000,0
4210,54.337500,108.874998,0.000000,107.971350,159.676863,0
4220,54.337500,108.874998,0.000000,0.000000,0.000000,0
4230,53.437503,109.374999,0.000000,102.956048,150.945257,0
4240,53.437503,109.374999,0.000000,0.000000,0.000000,0
4250,51.975000,110.499999,0.000000,184.513991,142.431473,0
4260,51.412503,110.874999,0.000000,67.603801,146.309771,0
4270,51.412503,110.874999,0.000000,0.000000,0.000000,0
4280,50.400003,111.875000,0.000000,142.308018,135.355856,0
4290,50.400003,111.875000,0.000000,0.000000,0.000000,0
4300,49.275000,113.375000,0.000000,187.500206,126.869982,0
4310,49.275000,113.375000,0.000000,0.000000,0.000000,0
4320,48.600000,114.375000,0.000000,120.649325,124.019337,0
4330,48.150002,115.250000,0.000000,98.393222,117.216035,0
4340,48.150002,115.250000,0.000000,0.000000,0.000000,0
4350,47.700003,116.250000,0.000000,109.658534,114.227653,0
4360,47.025003,117.624999,0.000000,153.174651,116.146857,0
4370,47.025003,117.624999,0.000000,0.000000,0.000000,0
4380,46.462502,118.500000,0.000000,104.020904,122.735277,0
4390,46.462502,118.500000,0.000000,0.000000,0.000000,0
4400,46.012503,119.499999,0.000000,109.658404,114.227684,0
4410,45.675003,120.500000,0.000000,105.541802,108.649530,0
4420,45.675003,120.500000,0.000000,0.000000,0.000000,0
4430,45.225000,121.500000,0.000000,109.658745,114.227899,0
4440,45.225000,121.500000,0.000000,0.000000,0.000000,0
4450,44.662503,122.625000,0.000000,125.778670,116.564911,0
4460,44.325003,123.250000,0.000000,71.030342,118.369055,0
4470,44.325003,123.250000,0.000000,0.000000,0.000000,0
4480,43.987503,123.875000,0.000000,71.030342,118.369055,0
4490,43.987503,123.875000,0.000000,0.000000,0.000000,0
4500,43.762502,124.375000,0.000000,54.829373,114.227899,0
4510,43.537500,125.000000,0.000000,66.426687,109.799023,0
4520,43.537500,125.000000,0.000000,0.000000,0.000000,0
4530,43.312503,125.375000,0.000000,43.731963,120.963371,0
4540,43.312503,125.375000,0.000000,0.000000,0.000000,0
4550,43.087502,125.625000,0.000000,33.634210,131.987376,0
4560,42.862500,125.750000,0.000000,25.739202,150.945674,0
4570,42.862500,125.750000,0.000000,0.000000,0.000000,0
4580,42.750002,125.875000,0.000000,16.816933,131.986723,0
4590,42.637501,125.875000,0.202148,11.250086,180.000000,1
4600,42.637501,125.875000,0.202148,0.000000,0.000000,1
4610,42.637501,125.875000,0.202148,0.000000,0.000000,1
4620,42.637501,125.875000,0.202148,0.000000,0.000000,1
4630,42.862500,126.000000,0.297852,25.739012,29.054743,1
4640,42.862500,126.000000,0.297852,0.000000,0.000000,1
4650,43.200000,125.875000,0.377930,35.990458,-20.323172,1
4660,44.100002,125.750000,0.440430,90.864083,-7.907163,1
4670,44.100002,125.750000,0.440430,0.000000,0.000000,1
4680,45.000003,125.625000,0.468750,90.864073,-7.907118,1
4690,45.000003,125.625000,0.468750,0.000000,0.000000,1
4700,45.787502,125.500000,0.472656,79.735726,-9.019359,1
4710,45.787502,125.500000,0.472656,0.000000,0.000000,1
4720,46.575000,125.250000,0.472656,82.622844,-17.612598,1
4730,47.250000,124.875000,0.473633,77.217226,-29.054604,1
4740,47.250000,124.875000,0.473633,0.000000,0.000000,1
4750,47.587500,124.375000,0.477539,60.324662,-55.980663,1
4760,48.037503,123.000000,0.527344,144.676447,-71.878008,1
4770,48.037503,123.000000,0.527344,0.000000,0.000000,1
4780,48.150002,122.250000,0.571289,75.839031,-81.469363,1
4790,48.150002,122.250000,0.571289,0.000000,0.000000,1
4800,48.375003,120.375000,0.584961,188.845195,-83.157175,1
4810,48.487502,118.500000,0.606445,187.837187,-86.566422,1
4820,48.487502,118.500000,0.606445,0.000000,0.000000,1
4830,48.600000,115.625000,0.676758,287.720065,-87.759169,1
4840,48.600000,115.625000,0.676758,0.000000,0.000000,1
4850,48.487502,113.499999,0.705078,212.797624,-93.030430,1
4860,48.375003,111.125000,0.742188,237.766242,-92.711943,1
4870,48.375003,111.125000,0.742188,0.000000,0.000000,1
4880,48.375003,108.624999,0.771484,250.000048,-90.000000,1
4890,48.375003,108.624999,0.771484,0.000000,0.000000,1
4900,48.150002,104.625000,0.803711,400.632227,-93.219520,1
4910,48.150002,101.874999,0.817383,275.000095,-90.000000,1
4920,48.150002,101.874999,0.817383,0.000000,0.000000,1
4930,48.037503,98.874999,0.832031,300.210857,-92.147553,1
4940,48.037503,98.874999,0.832031,0.000000,0.000000,1
4950,48.037503,95.749998,0.845703,312.500095,-90.000000,1
4960,48.037503,95.749998,0.845703,0.000000,0.000000,1
4970,48.150002,92.749998,0.851563,300.210857,-87.852447,1
4980,48.150002,88.125000,0.851563,462.499809,-90.000000,1
4990,48.150002,88.125000,0.851563,0.000000,0.000000,1
5000,48.150002,84.750000,0.856445,337.500000,-90.000000,1
5010,48.037503,81.249996,0.862305,350.181133,-91.840986,1
5020,48.037503,81.249996,0.862305,0.000000,0.000000,1
5030,47.925000,77.625000,0.867188,362.674156,-91.777630,1
5040,47.925000,77.625000,0.867188,0.000000,0.000000,1
5050,47.925000,73.999998,0.872070,362.500191,-90.000000,1
5060,47.925000,68.499996,0.875000,550.000191,-90.000000,1
5070,47.925000,68.499996,0.875000,0.000000,0.000000,1
5080,48.037503,64.999998,0.876953,350.180577,-88.158927,1
5090,48.037503,64.999998,0.876953,0.000000,0.000000,1
5100,48.262500,61.624998,0.887695,338.249146,-86.185983,1
5110,48.600000,58.374996,0.889648,326.747894,-84.071308,1
5120,48.600000,58.374996,0.889648,0.000000,0.000000,1
5130,49.050003,53.749998,0.899414,464.683876,-84.442723,1
5140,49.050003,53.749998,0.899414,0.000000,0.000000,1
5150,49.387503,50.749998,0.900391,301.892468,-83.581213,1
5160,49.612500,48.000000,0.900391,275.918701,-85.322650,1
5170,49.612500,48.000000,0.900391,0.000000,0.000000,1
5180,49.837502,45.124998,0.903320,288.379294,-85.525072,1
5190,49.837502,45.124998,0.903320,0.000000,0.000000,1
5200,49.837502,42.249996,0.903320,287.500191,-90.000000,1
5210,49.725003,37.999992,0.890625,425.149248,-91.516274,1
5220,49.725003,37.999992,0.890625,0.000000,0.000000,1
5230,49.612500,35.374992,0.863281,262.740976,-92.454106,1
5240,49.612500,35.374992,0.863281,0.000000,0.000000,1
5250,49.500002,33.000000,0.775391,237.765528,-92.711951,1
5260,49.612500,31.500000,0.371094,150.421271,-85.710912,1
5270,49.612500,31.374996,0.000000,12.500381,-90.000000,0
5280,49.612500,31.374996,0.000000,0.000000,0.000000,0
5290,49.612500,31.374996,0.000000,0.000000,0.000000,0
5300,49.612500,31.749996,0.000000,37.500000,90.000000,0
5310,49.950000,33.375000,0.000000,165.968179,78.266943,0
5320,49.950000,33.375000,0.000000,0.000000,0.000000,0
5330,49.950000,36.499992,0.000000,312.499237,90.000000,0
5340,49.950000,36.499992,0.000000,0.000000,0.000000,0
5350,49.500002,40.500000,0.000000,402.524030,96.418750,0
5360,49.162502,45.624996,0.000000,513.609698,93.767699,0
5370,49.162502,45.624996,0.000000,0.000000,0.000000,0
5380,48.937500,48.874998,0.000000,325.778117,93.960340,0
5390,48.937500,48.874998,0.000000,0.000000,0.000000,0
5400,48.712503,52.125000,0.000000,325.778082,93.960249,0
5410,48.262500,55.749996,0.000000,365.282089,97.076439,0
5420,48.262500,55.749996,0.000000,0.000000,0.000000,0
5430,47.587500,61.249998,0.000000,554.126754,96.996764,0
5440,47.587500,61.249998,0.000000,0.000000,0.000000,0
5450,47.362503,64.999998,0.000000,375.674373,93.433578,0
5460,46.800002,68.250000,0.000000,329.832087,99.819324,0
5470,46.800002,68.250000,0.000000,0.000000,0.000000,0
5480,46.125002,71.499996,0.000000,331.935238,101.733098,0
5490,46.125002,71.499996,0.000000,0.000000,0.000000,0
5500,45.562500,74.124996,0.000000,268.459181,102.094793,0
5510,44.887500,76.749996,0.000000,271.039665,104.420773,0
5520,44.887500,76.749996,0.000000,0.000000,0.000000,0
5530,44.100002,80.374998,0.000000,370.955420,102.256539,0
5540,44.100002,80.374998,0.000000,0.000000,0.000000,0
5550,43.650003,82.500000,0.000000,217.212605,101.956530,0
5560,43.425002,84.375000,0.000000,188.845195,96.842825,0
5570,43.425002,84.375000,0.000000,0.000000,0.000000,0
5580,43.200000,86.250000,0.000000,188.845195,96.842825,0
5590,43.200000,86.250000,0.000000,0.000000,0.000000,0
5600,42.750002,88.249998,0.000000,204.999776,102.680348,0
5610,42.637501,88.749999,0.000000,51.250112,102.680454,0
5620,42.637501,88.749999,0.000000,0.000000,0.000000,0
5630,42.525000,89.124999,0.000000,39.151174,106.699365,0
5640,42.525000,89.124999,0.000000,0.000000,0.000000,0
5650,42.300001,90.000000,0.000000,90.346626,104.420705,0
5660,42.075002,90.750000,0.000000,78.302274,106.699184,0
5670,42.075002,90.750000,0.000000,0.000000,0.000000,0
5680,41.737502,91.624998,0.000000,93.783149,111.092381,0
5690,41.737502,91.624998,0.000000,0.000000,0.000000,0
5700,41.512500,92.250000,0.000000,66.426889,109.798960,0
5710,41.287501,92.625000,0.000000,43.732095,120.963660,0
5720,41.287501,92.625000,0.000000,0.000000,0.000000,0
5730,41.062502,93.000000,0.000000,43.732095,120.963660,0
5740,41.062502,93.000000,0.000000,0.000000,0.000000,0
5750,41.062502,93.249999,0.000000,24.999905,90.000000,0
5760,41.062502,93.624999,0.000000,37.500000,90.000000,0
5770,41.062502,93.624999,0.000000,0.000000,0.000000,0
5780,41.175000,93.874998,0.000000,27.414483,65.772500,0
5790,41.175000,93.874998,0.000000,0.000000,0.000000,0
5800,41.287501,94.500000,0.162109,63.504632,79.795981,1
5810,41.287501,94.500000,0.162109,0.000000,0.000000,1
5820,41.287501,94.500000,0.162109,0.000000,0.000000,1
5830,41.287501,94.500000,0.162109,0.000000,0.000000,1
5840,41.287501,94.500000,0.162109,0.000000,0.000000,1
5850,41.287501,94.500000,0.162109,0.000000,0.000000,1
5860,41.287501,94.374999,0.410156,12.500095,-90.000000,1
5870,41.287501,94.374999,0.410156,0.000000,0.000000,1
5880,41.287501,93.999999,0.463867,37.500000,-90.000000,1
5890,41.287501,93.999999,0.463867,0.000000,0.000000,1
5900,41.287501,92.874999,0.551758,112.500000,-90.000000,1
5910,41.175000,91.999998,0.583008,88.220355,-97.326454,1
5920,41.175000,91.999998,0.583008,0.000000,0.000000,1
5930,40.837500,90.750000,0.628906,129.475924,-105.109597,1
5940,40.837500,90.750000,0.628906,0.000000,0.000000,1
5950,40.387502,88.500000,0.656250,229.455844,-101.309890,1
5960,39.487500,85.875000,0.690430,277.500056,-108.924678,1
5970,39.487500,85.875000,0.690430,0.000000,0.000000,1
5980,38.700002,83.625000,0.721680,238.383169,-109.290007,1
5990,38.700002,83.625000,0.721680,0.000000,0.000000,1
6000,37.350002,81.000000,0.738281,295.180030,-117.216112,1
6010,36.000002,78.375000,0.748047,295.180030,-117.216112,1
6020,36.000002,78.375000,0.748047,0.000000,0.000000,1
6030,34.537501,75.375000,0.763672,333.750038,-115.989247,1
6040,34.537501,75.375000,0.763672,0.000000,0.000000,1
6050,32.175001,70.624998,0.770508,530.508477,-116.444292,1
6060,30.712500,67.374996,0.791992,356.390532,-114.227745,1
6070,30.712500,67.374996,0.791992,0.000000,0.000000,1
6080,28.912502,64.374996,0.799805,349.857025,-120.963732,1
6090,28.912502,64.374996,0.799805,0.000000,0.000000,1
6100,27.225002,61.500000,0.804688,333.365555,-120.411114,1
6110,24.525002,57.750000,0.803711,462.087654,-125.753887,1
6120,24.525002,57.750000,0.803711,0.000000,0.000000,1
6130,22.725001,55.749996,0.802734,269.072822,-131.987172,1
6140,22.725001,55.749996,0.802734,0.000000,0.000000,1
6150,20.475000,54.249996,0.788086,270.416381,-146.309938,1
6160,18.675001,53.250000,0.710938,205.912380,-150.945483,1
6170,18.675001,53.250000,0.710938,0.000000,0.000000,1
6180,17.212500,52.500000,0.557617,164.359629,-152.850332,1
6190,16.425000,52.749996,0.000000,82.622858,162.387665,0
6200,16.425000,52.749996,0.000000,0.000000,0.000000,0
6210,16.312501,53.250000,0.000000,51.250363,102.680243,0
6220,16.312501,53.250000,0.000000,0.000000,0.000000,0
6230,16.312501,54.999996,0.000000,174.999619,90.000000,0
6240,16.312501,54.999996,0.000000,0.000000,0.000000,0
6250,17.775000,57.624996,0.000000,300.491764,60.875954,0
6260,20.812500,61.374996,0.000000,482.585808,50.992527,0
6270,20.812500,61.374996,0.000000,0.000000,0.000000,0
6280,23.625000,64.249998,0.000000,402.191370,45.629622,0
6290,23.625000,64.249998,0.000000,0.000000,0.000000,0
6300,26.437501,67.125000,0.000000,402.191460,45.629609,0
6310,30.037500,70.249998,0.000000,476.713823,40.959785,0
6320,30.037500,70.249998,0.000000,0.000000,0.000000,0
6330,33.187501,73.249998,0.000000,435.000062,43.602811,0
6340,33.187501,73.249998,0.000000,0.000000,0.000000,0
6350,38.137500,77.124996,0.000000,628.634248,38.054835,0
6360,40.837500,79.500000,0.000000,359.592034,41.335861,0
6370,40.837500,79.500000,0.000000,0.000000,0.000000,0
6380,42.862500,81.375000,0.000000,275.975542,42.797402,0
6390,42.862500,81.375000,0.000000,0.000000,0.000000,0
6400,44.550000,82.749996,0.000000,217.675694,39.173580,0
6410,45.787502,83.625000,0.000000,151.559961,35.263092,0
6420,45.787502,83.625000,0.000000,0.000000,0.000000,0
6430,46.237500,84.375000,0.000000,87.464190,59.036340,0
6440,46.237500,84.375000,0.000000,0.000000,0.000000,0
6450,46.462502,84.624996,0.000000,33.633891,48.012135,0
6460,46.687503,85.249998,0.000000,66.426889,70.201040,0
6470,46.687503,85.249998,0.000000,0.000000,0.000000,0
6480,46.462502,85.624998,0.000000,43.732228,120.963949,0
6490,46.462502,85.624998,0.000000,0.000000,0.000000,0
6500,46.012503,85.749996,0.000000,46.703638,164.476058,0
6510,44.775002,85.875000,0.000000,124.379920,174.231944,0
6520,44.775002,85.875000,0.000000,0.000000,0.000000,0
6530,44.212500,85.999998,0.000000,57.622279,167.471414,0
6540,44.212500,85.999998,0.000000,0.000000,0.000000,0
6550,43.650003,86.124996,0.000000,57.621776,167.471303,0
6560,42.975001,86.499996,0.000000,77.217451,150.945489,0
6570,42.975001,86.499996,0.000000,0.000000,0.000000,0
6580,42.750002,86.749998,0.000000,33.634144,131.986886,0
6590,42.750002,86.749998,0.000000,0.000000,0.000000,0
6600,42.525000,87.124998,0.000000,43.732228,120.963949,0
6610,42.525000,87.249999,0.000000,12.500095,90.000000,0
6620,42.525000,87.249999,0.000000,0.000000,0.000000,0
6630,42.525000,87.874998,0.125000,62.499905,90.000000,1
6640,42.525000,87.874998,0.125000,0.000000,0.000000,1
6650,42.637501,87.874998,0.275391,11.250086,0.000000,1
6660,43.087502,88.125000,0.350586,51.478318,29.054743,1
6670,43.087502,88.125000,0.350586,0.000000,0.000000,1
6680,43.650003,88.249998,0.440430,57.622279,12.528586,1
6690,43.650003,88.249998,0.440430,0.000000,0.000000,1
6700,44.325003,88.125000,0.490234,68.647616,-10.491320,1
6710,45.787502,87.750000,0.583008,150.981000,-14.381411,1
6720,45.787502,87.750000,0.583008,0.000000,0.000000,1
6730,47.137502,87.249999,0.598633,143.961834,-20.323172,1
6740,47.137502,87.249999,0.598633,0.000000,0.000000,1
6750,49.050003,86.374998,0.649414,210.316178,-24.584873,1
6760,50.287500,85.500000,0.661133,151.559210,-35.263028,1
6770,50.287500,85.500000,0.661133,0.000000,0.000000,1
6780,51.750003,84.375000,0.674805,184.513991,-37.568527,1
6790,51.750003,84.375000,0.674805,0.000000,0.000000,1
6800,53.100003,83.250000,0.700195,175.730618,-39.805571,1
6810,55.462503,81.000000,0.731445,326.250000,-43.602819,1
6820,55.462503,81.000000,0.731445,0.000000,0.000000,1
6830,56.925002,79.624998,0.750977,200.736929,-43.233803,1
6840,56.925002,79.624998,0.750977,0.000000,0.000000,1
6850,58.612502,78.124998,0.769531,225.779898,-41.633539,1
6860,61.087500,75.624996,0.809570,351.790080,-45.287958,1
6870,61.087500,75.624996,0.809570,0.000000,0.000000,1
6880,63.000002,74.250000,0.835938,235.547815,-35.714307,1
6890,63.000002,74.250000,0.835938,0.000000,0.000000,1
6900,64.800000,72.874998,0.842773,226.508809,-37.375872,1
6910,66.600003,71.499996,0.846680,226.509218,-37.375793,1
6920,66.600003,71.499996,0.846680,0.000000,0.000000,1
6930,68.512500,70.374996,0.846680,221.884387,-30.465590,1
6940,68.512500,70.374996,0.846680,0.000000,0.000000,1
6950,70.650003,69.124998,0.844727,247.616965,-30.318818,1
6960,73.800002,67.500000,0.848633,354.444749,-27.287973,1
6970,73.800002,67.500000,0.848633,0.000000,0.000000,1
6980,75.825002,66.624996,0.845703,220.595935,-23.369204,1
6990,75.825002,66.624996,0.845703,0.000000,0.000000,1
7000,77.850002,65.749998,0.850586,220.595709,-23.369068,1
7010,79.875002,64.875000,0.791992,220.595709,-23.369068,1
7020,79.875002,64.875000,0.791992,0.000000,0.000000,1
7030,81.675000,64.125000,0.000000,194.999842,-22.619884,0
7040,81.675000,64.125000,0.000000,0.000000,0.000000,0
7050,82.125003,64.249998,0.000000,46.704134,15.523773,0
7060,82.687500,64.374996,0.000000,57.621776,12.528697,0
7070,82.687500,64.374996,0.000000,0.000000,0.000000,0
7080,83.362500,64.500000,0.000000,68.647721,10.491790,0
7090,83.362500,64.500000,0.000000,0.000000,0.000000,0
7100,84.262502,64.875000,0.000000,97.500158,22.619826,0
7110,85.612502,65.874996,0.000000,168.002749,36.528751,0
7120,85.612502,65.874996,0.000000,0.000000,0.000000,0
7130,86.962507,67.374996,0.000000,201.804705,48.012679,0
7140,86.962507,67.374996,0.000000,0.000000,0.000000,0
7150,88.762500,69.124998,0.000000,251.047445,44.193211,0
7160,90.562503,70.749996,0.000000,242.500127,42.074934,0
7170,90.562503,70.749996,0.000000,0.000000,0.000000,0
7180,93.037507,72.874998,0.000000,326.209673,40.648908,0
7190,93.037507,72.874998,0.000000,0.000000,0.000000,0
7200,94.837500,74.625000,0.000000,251.047445,44.193211,0
7210,96.525000,76.500000,0.000000,252.255451,48.012788,0
7220,96.525000,76.500000,0.000000,0.000000,0.000000,0
7230,98.100007,78.999996,0.000000,295.476354,57.788920,0
7240,98.100007,78.999996,0.000000,0.000000,0.000000,0
7250,99.675003,81.375000,0.000000,284.978198,56.449438,0
7260,102.150007,84.750000,0.000000,418.524396,53.746124,0
7270,102.150007,84.750000,0.000000,0.000000,0.000000,0
7280,103.837507,87.874998,0.000000,355.151648,61.630939,0
7290,103.837507,87.874998,0.000000,0.000000,0.000000,0
7300,104.625000,89.874999,0.000000,214.945324,68.508140,0
7310,105.300000,91.624998,0.000000,187.566566,68.907650,0
7320,105.300000,91.624998,0.000000,0.000000,0.000000,0
7330,106.200007,94.374999,0.000000,289.353030,71.878016,0
7340,106.200007,94.374999,0.000000,0.000000,0.000000,0
7350,106.762503,96.249999,0.000000,195.755648,73.300852,0
7360,107.100003,97.749999,0.000000,153.750000,77.319617,0
7370,107.100003,97.749999,0.000000,0.000000,0.000000,0
7380,107.550007,99.124998,0.000000,144.676379,71.877999,0
7390,107.550007,99.124998,0.000000,0.000000,0.000000,0
7400,108.000000,100.374999,0.000000,132.853160,70.201416,0
7410,108.787503,102.499998,0.000000,226.622651,69.665797,0
7420,108.787503,102.499998,0.000000,0.000000,0.000000,0
7430,109.125003,103.374999,0.000000,93.783416,68.907681,0
7440,109.125003,103.374999,0.000000,0.000000,0.000000,0
7450,109.350000,103.875000,0.000000,54.829227,65.772623,0
7460,109.462503,104.250000,0.000000,39.151248,73.300275,0
7470,109.462503,104.250000,0.000000,0.000000,0.000000,0
7480,109.800003,105.249999,0.000000,105.541667,71.350445,0
7490,109.800003,105.249999,0.000000,0.000000,0.000000,0
7500,109.912507,105.874998,0.000000,63.504396,79.795706,0
7510,110.137503,106.374999,0.000000,54.829227,65.772623,0
7520,110.137503,106.374999,0.000000,0.000000,0.000000,0
7530,110.250007,106.624998,0.000000,27.414694,65.771519,0
7540,110.250007,106.624998,0.000000,0.000000,0.000000,0
7550,110.362500,106.749999,0.000000,16.816642,48.014744,0
7560,110.700000,107.124999,0.000000,50.451090,48.012788,0
7570,110.700000,107.124999,0.000000,0.000000,0.000000,0
7580,111.037500,107.374998,0.000000,42.000687,36.528751,0
7590,111.037500,107.374998,0.000000,0.000000,0.000000,0
7600,111.262507,107.625000,0.000000,33.634661,48.012135,0
7610,111.600007,107.749998,0.000000,35.990384,20.322852,0
7620,111.600007,107.749998,0.000000,0.000000,0.000000,0
7630,112.162503,107.874999,0.000000,57.621838,12.528974,0
7640,112.162503,107.874999,0.000000,0.000000,0.000000,0
7650,112.387500,107.874999,0.000000,22.499657,0.000000,0
7660,112.387500,107.874999,0.000000,0.000000,0.000000,0
7670,112.612507,108.000000,0.000000,25.739722,29.054047,0
7680,112.725000,108.000000,0.000000,11.249313,0.000000,0
7690,112.725000,108.000000,0.000000,0.000000,0.000000,0
7700,112.837503,108.124998,0.000000,16.817118,48.011483,0
7710,112.950007,108.124998,0.000000,11.250343,0.000000,0
7720,112.950007,108.124998,0.000000,0.000000,0.000000,0
7730,113.400000,108.249999,0.000000,46.703218,15.524449,0
7740,113.400000,108.249999,0.057617,0.000000,0.000000,1
7750,113.400000,108.249999,0.057617,0.000000,0.000000,1
7760,113.400000,108.249999,0.057617,0.000000,0.000000,1
7770,113.400000,108.249999,0.057617,0.000000,0.000000,1
7780,113.287507,108.249999,0.414063,11.249313,180.000000,1
7790,113.287507,108.249999,0.414063,0.000000,0.000000,1
7800,113.287507,108.249999,0.414063,0.000000,0.000000,1
7810,113.287507,108.124998,0.488281,12.500095,-90.000000,1
7820,113.287507,108.124998,0.488281,0.000000,0.000000,1
7830,113.287507,107.874999,0.515625,24.999905,-90.000000,1
7840,113.287507,107.874999,0.515625,0.000000,0.000000,1
7850,113.287507,107.499999,0.538086,37.500000,-90.000000,1
7860,113.062500,106.999998,0.573242,54.829649,-114.228359,1
7870,113.062500,106.999998,0.573242,0.000000,0.000000,1
7880,112.387500,105.874998,0.610352,131.196418,-120.963757,1
7890,112.387500,105.874998,0.610352,0.000000,0.000000,1
7900,111.825003,104.874999,0.645508,114.734497,-119.357627,1
7910,110.587507,103.500000,0.657227,184.987030,-131.987153,1
7920,110.587507,103.500000,0.657227,0.000000,0.000000,1
7930,108.562507,101.374998,0.672852,293.534633,-133.619620,1
7940,108.562507,101.374998,0.672852,0.000000,0.000000,1
7950,105.637500,98.749998,0.724609,393.017686,-138.094125,1
7960,103.050003,96.624999,0.730469,334.824722,-140.605218,1
7970,103.050003,96.624999,0.730469,0.000000,0.000000,1
7980,100.350003,94.500000,0.748047,343.593087,-141.795957,1
7990,100.350003,94.500000,0.748047,0.000000,0.000000,1
8000,97.312503,91.999998,0.753906,393.400760,-140.544052,1
8010,94.050007,89.749998,0.756836,396.312804,-145.407683,1
8020,94.050007,89.749998,0.756836,0.000000,0.000000,1
8030,89.662507,86.250000,0.778320,561.249881,-141.419923,1
8040,89.662507,86.250000,0.778320,0.000000,0.000000,1
8050,86.962507,84.249996,0.785156,336.006179,-143.471092,1
8060,84.712500,82.749996,0.788086,270.416917,-146.310013,1
8070,84.712500,82.749996,0.788086,0.000000,0.000000,1
8080,82.912502,81.750000,0.777344,205.912268,-150.945465,1
8090,82.912502,81.750000,0.777344,0.000000,0.000000,1
8100,81.900002,81.375000,0.616211,107.971350,-159.676863,1
8110,81.450003,81.874998,0.195313,67.267864,131.987212,1
8120,81.675000,82.374996,0.000000,54.828966,65.772500,0
8130,81.675000,82.374996,0.000000,0.000000,0.000000,0
8140,81.675000,82.374996,0.000000,0.000000,0.000000,0
8150,82.012500,82.875000,0.000000,60.324959,55.980853,0
8160,82.912502,83.874996,0.000000,134.536072,48.012624,0
8170,82.912502,83.874996,0.000000,0.000000,0.000000,0
8180,86.625007,86.625000,0.000000,462.008825,36.528855,0
8190,86.625007,86.625000,0.000000,0.000000,0.000000,0
8200,89.437500,88.374999,0.000000,331.249367,31.890841,0
8210,91.687507,89.499999,0.000000,251.558262,26.564981,0
8220,91.687507,89.499999,0.000000,0.000000,0.000000,0
8230,93.937503,90.499998,0.000000,246.221093,23.962501,0
8240,93.937503,90.499998,0.000000,0.000000,0.000000,0
8250,96.750007,91.500000,0.000000,298.499236,19.573138,0
8260,97.987503,91.875000,0.000000,129.306719,16.858443,0
8270,97.987503,91.875000,0.000000,0.000000,0.000000,0
8280,98.437507,91.999998,0.000000,46.704134,15.523773,0
8290,98.437507,91.999998,0.000000,0.000000,0.000000,0
8300,98.550000,91.999998,0.000000,11.249313,0.000000,0
8310,99.112507,91.999998,0.000000,56.250687,0.000000,0
8320,99.112507,91.999998,0.000000,0.000000,0.000000,0
8330,99.225000,91.875000,0.000000,16.816429,-48.014092,0
8340,99.225000,91.875000,0.000000,0.000000,0.000000,0
8350,99.112507,91.624998,0.000000,27.414532,-114.226273,0
8360,99.000003,91.500000,0.000000,16.817118,-131.988517,0
8370,99.000003,91.500000,0.000000,0.000000,0.000000,0
8380,99.000003,91.500000,0.000000,0.000000,0.000000,0
8390,99.000003,91.624998,0.000000,12.499809,90.000000,0
8400,99.112507,91.624998,0.348633,11.250343,0.000000,1
8410,99.112507,91.624998,0.348633,0.000000,0.000000,1
8420,99.112507,91.624998,0.348633,0.000000,0.000000,1
8430,99.225000,91.624998,0.380859,11.249313,0.000000,1
8440,99.225000,91.624998,0.380859,0.000000,0.000000,1
8450,99.450007,91.374999,0.436523,33.634449,-48.011809,1
8460,99.900000,91.125000,0.526367,51.477504,-29.054882,1
8470,99.900000,91.125000,0.526367,0.000000,0.000000,1
8480,100.350003,90.750000,0.548828,58.577136,-39.805356,1
8490,100.350003,90.750000,0.548828,0.000000,0.000000,1
8500,100.912500,90.124998,0.554688,84.085062,-48.013048,1
8510,101.475007,89.499999,0.562500,84.085539,-48.012396,1
8520,101.475007,89.499999,0.562500,0.000000,0.000000,1
8530,101.925000,88.749999,0.583008,87.463925,-59.036629,1
8540,101.925000,88.749999,0.583008,0.000000,0.000000,1
8550,102.487507,87.375000,0.631836,148.560976,-67.750717,1
8560,102.825007,86.499996,0.644531,93.783683,-68.907744,1
8570,102.825007,86.499996,0.644531,0.000000,0.000000,1
8580,103.162507,84.624996,0.667969,190.513287,-79.796026,1
8590,103.162507,84.624996,0.667969,0.000000,0.000000,1
8600,103.500007,83.124996,0.707031,153.750000,-77.319617,1
8610,103.612500,81.750000,0.729492,137.959023,-85.322853,1
8620,103.612500,81.750000,0.729492,0.000000,0.000000,1
8630,103.837507,79.500000,0.769531,226.122270,-84.289234,1
8640,103.837507,79.500000,0.769531,0.000000,0.000000,1
8650,103.950000,78.000000,0.785156,150.421232,-85.711107,1
8660,103.950000,76.249998,0.801758,175.000191,-90.000000,1
8670,103.950000,76.249998,0.801758,0.000000,0.000000,1
8680,104.062503,74.499996,0.811523,175.361447,-86.321653,1
8690,104.062503,74.499996,0.811523,0.000000,0.000000,1
8700,103.950000,71.499996,0.835938,300.210876,-92.147651,1
8710,103.725003,69.499998,0.849609,201.261418,-96.418696,1
8720,103.725003,69.499998,0.849609,0.000000,0.000000,1
8730,103.500007,67.249998,0.852539,226.122167,-95.710507,1
8740,103.500007,67.249998,0.852539,0.000000,0.000000,1
8750,103.162507,64.749996,0.857422,252.268028,-97.688442,1
8760,102.825007,62.250000,0.867188,252.267461,-97.688459,1
8770,102.825007,62.250000,0.867188,0.000000,0.000000,1
8780,102.375003,58.374996,0.876953,390.104571,-96.624076,1
8790,102.375003,58.374996,0.876953,0.000000,0.000000,1
8800,102.037503,55.749996,0.882813,264.660750,-97.326407,1
8810,101.925000,53.250000,0.882813,250.252631,-92.576654,1
8820,101.925000,53.250000,0.882813,0.000000,0.000000,1
8830,101.925000,50.625000,0.886719,262.500000,-90.000000,1
8840,101.925000,50.625000,0.886719,0.000000,0.000000,1
8850,102.037503,48.124998,0.880859,250.253203,-87.423352,1
8860,102.262500,44.374998,0.833984,375.674373,-86.566422,1
8870,102.262500,44.374998,0.833984,0.000000,0.000000,1
8880,102.150007,42.000000,0.580078,237.766075,-92.711820,1
8890,101.700003,40.999998,0.000000,109.658876,-114.227868,0
8900,101.700003,40.999998,0.000000,0.000000,0.000000,0
8910,101.362503,40.749996,0.000000,42.000858,-143.470936,0
8920,101.362503,40.749996,0.000000,0.000000,0.000000,0
8930,100.800007,40.749996,0.000000,56.249657,180.000000,0
8940,100.800007,40.749996,0.000000,0.000000,0.000000,0
8950,100.125007,41.250000,0.000000,84.001715,143.470936,0
8960,99.450007,43.624998,0.000000,246.905669,105.865720,0
8970,99.450007,43.624998,0.000000,0.000000,0.000000,0
8980,99.225000,45.874998,0.000000,226.122270,95.710766,0
8990,99.225000,45.874998,0.000000,0.000000,0.000000,0
9000,99.225000,45.874998,0.000000,0.000000,0.000000,0
9010,99.225000,45.874998,0.000000,0.000000,0.000000,0
9020,99.225000,45.874998,0.000000,0.000000,0.000000,0
9030,99.225000,45.874998,0.000000,0.000000,0.000000,0
9040,99.225000,45.874998,0.000000,0.000000,0.000000,0
9050,99.225000,45.874998,0.000000,0.000000,0.000000,0
9060,99.225000,45.874998,0.000000,0.000000,0.000000,0
9070,99.225000,45.874998,0.000000,0.000000,0.000000,0
9080,99.225000,45.874998,0.000000,0.000000,0.000000,0
9090,99.225000,45.874998,0.000000,0.000000,0.000000,0
9100,99.225000,45.874998,0.000000,0.000000,0.000000,0
9110,99.225000,45.874998,0.000000,0.000000,0.000000,0
9120,99.225000,45.874998,0.000000,0.000000,0.000000,0
9130,99.225000,45.874998,0.000000,0.000000,0.000000,0
9140,122.962503,85.999998,0.000000,4662.064665,59.391913,0
9150,123.300003,86.625000,0.000000,71.030531,61.631027,0
9160,124.650003,89.250000,0.000000,295.180030,62.783888,0
9170,124.650003,89.250000,0.000000,0.000000,0.000000,0
9180,125.325003,90.874998,0.000000,175.961467,67.442730,0
9190,125.325003,90.874998,0.000000,0.000000,0.000000,0
9200,125.550000,92.250000,0.000000,139.328881,80.706843,0
9210,125.550000,93.624999,0.000000,137.499905,90.000000,0
9220,125.550000,93.624999,0.000000,0.000000,0.000000,0
9230,125.212500,94.875000,0.000000,129.476200,105.109564,0
9240,125.212500,94.875000,0.000000,0.000000,0.000000,0
9250,124.987503,95.625000,0.000000,78.302200,106.699004,0
9260,124.875000,96.124998,0.000000,51.249889,102.680805,0
9270,124.875000,96.124998,0.000000,0.000000,0.000000,0
9280,124.650003,97.125000,0.000000,102.500111,102.680173,0
9290,124.650003,97.125000,0.000000,0.000000,0.000000,0
9300,124.425007,97.875000,0.000000,78.302200,106.699004,0
9310,124.087507,99.000000,0.000000,117.453448,106.699244,0
9320,124.087507,99.000000,0.000000,0.000000,0.000000,0
9330,123.750007,99.624999,0.000000,71.030279,118.369083,0
9340,123.750007,99.624999,0.000000,0.000000,0.000000,0
9350,123.300003,100.125000,0.000000,67.268421,131.987376,0
9360,122.737507,100.749999,0.000000,84.084850,131.987082,0
9370,122.737507,100.749999,0.000000,0.000000,0.000000,0
9380,122.512500,101.250000,0.000000,54.829649,114.228359,0
9390,122.512500,101.250000,0.000000,0.000000,0.000000,0
9400,122.287503,101.874999,0.000000,66.426445,109.798626,0
9410,121.950003,102.249999,0.000000,50.451090,131.987212,0
9420,121.950003,102.249999,0.000000,0.000000,0.000000,0
9430,121.500000,102.624999,0.000000,58.577136,140.194644,0
9440,121.500000,102.624999,0.000000,0.000000,0.000000,0
9450,121.162500,102.750000,0.000000,35.990483,159.676721,0
9460,120.937503,102.750000,0.000000,22.499657,180.000000,0
9470,120.937503,102.750000,0.000000,0.000000,0.000000,0
9480,120.600003,102.624999,0.000000,35.990483,-159.676721,0
9490,120.600003,102.624999,0.000000,0.000000,0.000000,0
9500,120.600003,102.499998,0.000000,12.500095,-90.000000,0
9510,120.712507,102.124998,0.000000,39.151248,-73.300275,0
9520,120.712507,102.124998,0.031250,0.000000,0.000000,1
9530,120.712507,102.000000,0.228516,12.499809,-90.000000,1
9540,120.712507,102.000000,0.228516,0.000000,0.000000,1
9550,120.712507,102.000000,0.228516,0.000000,0.000000,1
9560,121.050007,101.625000,0.417969,50.451090,-48.012788,1
9570,121.050007,101.625000,0.417969,0.000000,0.000000,1
9580,121.387507,101.374998,0.474609,42.000858,-36.529064,1
9590,121.387507,101.374998,0.474609,0.000000,0.000000,1
9600,121.950003,101.250000,0.485352,57.621776,-12.528697,1
9610,123.187500,101.374998,0.524414,124.379350,5.767817,1
9620,123.187500,101.374998,0.524414,0.000000,0.000000,1
9630,126.112507,102.249999,0.593750,305.307907,16.654287,1
9640,126.112507,102.249999,0.593750,0.000000,0.000000,1
9650,128.362503,102.999999,0.621094,237.170499,18.434975,1
9660,130.612500,103.749999,0.682617,237.170499,18.434975,1
9670,130.612500,103.749999,0.682617,0.000000,0.000000,1
9680,132.862507,104.374998,0.701172,233.519907,15.524043,1
9690,132.862507,104.374998,0.701172,0.000000,0.000000,1
9700,136.237507,105.124998,0.713867,345.732917,12.528808,1
9710,138.037500,105.499998,0.715820,183.864088,11.768333,1
9720,138.037500,105.499998,0.715820,0.000000,0.000000,1
9730,139.275007,105.624999,0.714844,124.380404,5.767901,1
9740,139.275007,105.624999,0.714844,0.000000,0.000000,1
9750,139.725000,105.750000,0.714844,46.703218,15.524449,1
9760,140.287507,105.750000,0.712891,56.250687,0.000000,1
9770,140.287507,105.750000,0.712891,0.000000,0.000000,1
9780,140.737500,105.499998,0.690430,51.477643,-29.055161,1
9790,140.737500,105.499998,0.690430,0.000000,0.000000,1
9800,140.850003,105.375000,0.667969,16.817118,-48.011483,1
9810,140.737500,105.249999,0.672852,16.817331,-131.987865,1
9820,140.737500,105.249999,0.672852,0.000000,0.000000,1
9830,140.625007,104.874999,0.687500,39.150952,-106.698282,1
9840,140.625007,104.874999,0.687500,0.000000,0.000000,1
9850,140.175003,104.374998,0.703125,67.268421,-131.987376,1
9860,139.725000,103.999998,0.711914,58.577136,-140.194644,1
9870,139.725000,103.999998,0.711914,0.000000,0.000000,1
9880,139.162503,103.500000,0.719727,75.259583,-138.366396,1
9890,139.162503,103.500000,0.719727,0.000000,0.000000,1
9900,138.487503,102.874998,0.722656,91.991977,-137.202511,1
9910,137.587507,102.124998,0.734375,117.153481,-140.194321,1
9920,137.587507,102.124998,0.734375,0.000000,0.000000,1
9930,135.000000,99.624999,0.739258,359.794205,-135.985421,1
9940,135.000000,99.624999,0.739258,0.000000,0.000000,1
9950,133.537507,98.124999,0.741211,209.496687,-134.274641,1
9960,132.075003,96.499998,0.744141,218.621691,-131.987263,1
9970,132.075003,96.499998,0.744141,0.000000,0.000000,1
9980,130.725003,94.875000,0.746094,211.260948,-129.718792,1
9990,130.725003,94.875000,0.746094,0.000000,0.000000,1
10000,129.150007,91.999998,0.740234,327.814737,-118.715009,1
10010,128.475007,90.249999,0.756836,187.566566,-111.092350,1
10020,128.475007,90.249999,0.756836,0.000000,0.000000,1
10030,128.025003,88.749999,0.770508,156.604696,-106.699365,1
10040,128.025003,88.749999,0.770508,0.000000,0.000000,1
10050,127.800007,87.375000,0.776367,139.328598,-99.293176,1
10060,127.800007,85.999998,0.779297,137.500191,-90.000000,1
10070,127.800007,85.999998,0.779297,0.000000,0.000000,1
10080,128.362503,84.000000,0.779297,207.759350,-74.291439,1
10090,128.362503,84.000000,0.779297,0.000000,0.000000,1
10100,128.812507,82.875000,0.774414,121.166336,-68.198440,1
10110,129.150007,82.249998,0.776367,71.030531,-61.631027,1
10120,129.150007,82.249998,0.776367,0.000000,0.000000,1
10130,130.162507,80.625000,0.776367,191.462139,-58.073889,1
10140,130.162507,80.625000,0.776367,0.000000,0.000000,1
10150,130.612500,80.124996,0.774414,67.267944,-48.013440,1
10160,131.625000,78.874998,0.778320,160.861788,-50.992485,1
10170,131.625000,78.874998,0.778320,0.000000,0.000000,1
10180,132.525007,77.874996,0.780273,134.536842,-48.012624,1
10190,132.525007,77.874996,0.780273,0.000000,0.000000,1
10200,133.312500,76.875000,0.780273,127.284634,-51.779705,1
10210,134.212507,75.874998,0.782227,134.536842,-48.012624,1
10220,134.212507,75.874998,0.782227,0.000000,0.000000,1
10230,135.337500,74.250000,0.782227,197.641806,-55.304979,1
10240,135.337500,74.250000,0.782227,0.000000,0.000000,1
10250,136.350000,72.499998,0.783203,202.179695,-59.947579,1
10260,136.800003,70.749996,0.785156,180.693380,-75.579137,1
10270,136.800003,70.749996,0.785156,0.000000,0.000000,1
10280,137.137503,69.249996,0.787109,153.750000,-77.319617,1
10290,137.137503,69.249996,0.787109,0.000000,0.000000,1
10300,137.137503,66.624996,0.790039,262.500000,-90.000000,1
10310,137.025000,64.749996,0.803711,187.837217,-93.433735,1
10320,137.025000,64.749996,0.803711,0.000000,0.000000,1
10330,136.687500,62.874996,0.815430,190.513287,-100.203974,1
10340,136.687500,62.874996,0.815430,0.000000,0.000000,1
10350,136.350000,60.999996,0.826172,190.513287,-100.203974,1
10360,135.675000,58.875000,0.824219,222.962638,-107.622327,1
10370,135.675000,58.875000,0.824219,0.000000,0.000000,1
10380,134.437503,55.999998,0.828125,313.002136,-113.288654,1
10390,134.437503,55.999998,0.828125,0.000000,0.000000,1
10400,133.425003,54.000000,0.833008,224.168433,-116.850835,1
10410,132.187507,51.999996,0.834961,235.189562,-121.747030,1
10420,132.187507,51.999996,0.834961,0.000000,0.000000,1
10430,130.950000,50.124996,0.835938,224.656365,-123.424957,1
10440,130.950000,50.124996,0.835938,0.000000,0.000000,1
10450,128.812507,47.625000,0.848633,328.920322,-130.530395,1
10460,127.350003,46.125000,0.852539,209.497406,-134.274843,1
10470,127.350003,46.125000,0.852539,0.000000,0.000000,1
10480,125.662503,44.874996,0.854492,210.003947,-143.471061,1
10490,125.662503,44.874996,0.854492,0.000000,0.000000,1
10500,123.862500,43.749996,0.852539,212.264867,-147.994666,1
10510,122.175000,43.125000,0.857422,179.952118,-159.676977,1
10520,122.175000,43.125000,0.857422,0.000000,0.000000,1
10530,120.712507,42.999996,0.863281,146.782564,-175.114626,1
10540,120.712507,42.999996,0.863281,0.000000,0.000000,1
10550,118.125000,43.624998,0.859375,266.192020,166.420542,1
10560,116.662507,45.000000,0.856445,200.736554,136.766097,1
10570,116.662507,45.000000,0.856445,0.000000,0.000000,1
10580,115.425000,46.624998,0.834961,204.255772,127.290853,1
10590,114.412500,49.624998,0.748047,316.625271,108.649539,1
10600,114.412500,49.624998,0.748047,0.000000,0.000000,1
10610,113.962507,51.375000,0.462891,180.693124,104.420547,1
10620,113.512503,52.500000,0.000000,121.166336,111.801560,0
10630,113.512503,52.500000,0.000000,0.000000,0.000000,0
10640,112.725000,54.124998,0.000000,180.576312,115.855667,0
10650,112.725000,54.124998,0.000000,0.000000,0.000000,0
10660,112.275007,55.249998,0.000000,121.165953,111.801108,0
10670,112.275007,55.249998,0.000000,0.000000,0.000000,0
10680,112.050000,56.374998,0.000000,114.728074,101.310269,0
10690,112.162503,58.249998,0.000000,187.837217,86.566265,0
10700,112.162503,58.249998,0.000000,0.000000,0.000000,0
10710,112.387500,59.374998,0.000000,114.727872,78.690236,0
10720,112.387500,59.374998,0.000000,0.000000,0.000000,0
10730,112.725000,60.624996,0.000000,129.475924,74.890403,0
10740,112.950007,61.125000,0.000000,54.829910,65.771764,0
10750,112.950007,61.125000,0.000000,0.000000,0.000000,0
10760,113.062500,61.624998,0.000000,51.249663,77.320319,0
10770,113.062500,61.624998,0.000000,0.000000,0.000000,0
10780,113.175003,62.250000,0.000000,63.504678,79.795752,0
10790,113.175003,62.250000,0.000000,0.000000,0.000000,0
10800,113.287507,62.874996,0.000000,63.504114,79.795660,0
10810,113.287507,63.499998,0.000000,62.500191,90.000000,0
10820,113.287507,63.499998,0.000000,0.000000,0.000000,0
10830,113.175003,64.249998,0.000000,75.839107,98.531022,0
10840,113.175003,64.249998,0.000000,0.000000,0.000000,0
10850,112.837503,65.124996,0.000000,93.783149,111.092381,0
10860,112.387500,65.749998,0.000000,77.014964,125.754012,0
10870,112.387500,65.749998,0.000000,0.000000,0.000000,0
10880,111.712500,66.124998,0.000000,77.217226,150.945396,0
10890,111.712500,66.124998,0.000000,0.000000,0.000000,0
10900,110.250007,66.499998,0.000000,150.980501,165.618541,0
10910,108.900007,66.750000,0.000000,137.295337,169.508445,0
10920,108.900007,66.750000,0.000000,0.000000,0.000000,0
10930,108.225007,66.874998,0.000000,68.647616,169.508680,0
10940,108.225007,66.874998,0.000000,0.000000,0.000000,0
10950,107.212507,67.125000,0.000000,104.290805,166.130212,0
10960,105.975000,67.374996,0.000000,126.250598,168.579045,0
10970,105.975000,67.374996,0.000000,0.000000,0.000000,0
10980,105.075003,67.624998,0.000000,93.407429,164.475720,0
10990,105.075003,67.624998,0.000000,0.000000,0.000000,0
11000,103.837507,67.749996,0.000000,124.379350,174.232183,0
11010,103.162507,67.875000,0.000000,68.647721,169.508210,0
11020,103.162507,67.875000,0.000000,0.000000,0.000000,0
11030,102.712503,67.875000,0.000000,45.000343,180.000000,0
11040,102.712503,67.875000,0.000000,0.000000,0.000000,0
11050,102.600000,67.999998,0.000000,16.817118,131.988517,0
11060,103.050003,67.999998,0.054688,45.000343,0.000000,1
11070,103.050003,67.999998,0.054688,0.000000,0.000000,1
11080,103.275000,68.124996,0.265625,25.738683,29.054604,1
11090,103.275000,68.124996,0.265625,0.000000,0.000000,1
11100,103.950000,68.250000,0.332031,68.647721,10.491790,1
11110,105.300000,68.625000,0.417969,140.111563,15.524111,1
11120,105.300000,68.625000,0.417969,0.000000,0.000000,1
11130,108.000000,69.624996,0.497070,287.923468,20.323066,1
11140,108.000000,69.624996,0.497070,0.000000,0.000000,1
11150,112.387500,70.999998,0.596680,459.791110,17.400508,1
11160,115.875003,72.249996,0.655273,370.475039,19.718799,1
11170,115.875003,72.249996,0.655273,0.000000,0.000000,1
11180,120.375007,73.500000,0.687500,467.038975,15.524145,1
11190,120.375007,73.500000,0.687500,0.000000,0.000000,1
11200,125.100007,74.749998,0.720703,488.754747,14.818126,1
11210,132.862507,76.249998,0.728516,790.609931,10.936849,1
11220,132.862507,76.249998,0.728516,0.000000,0.000000,1
11230,138.150003,77.250000,0.731445,538.122883,10.709615,1
11240,138.150003,77.250000,0.731445,0.000000,0.000000,1
11250,143.325007,78.124998,0.741211,524.845522,9.596898,1
11260,148.162500,78.750000,0.746094,487.770102,7.361807,1
11270,148.162500,78.750000,0.746094,0.000000,0.000000,1
11280,152.775007,79.125000,0.755859,462.772564,4.647964,1
11290,152.775007,79.125000,0.755859,0.000000,0.000000,1
11300,158.737503,79.374996,0.784180,596.773520,2.400897,1
11310,162.225007,79.249998,0.790039,348.974279,-2.052700,1
11320,162.225007,79.249998,0.790039,0.000000,0.000000,1
11330,164.700000,79.125000,0.784180,247.814760,-2.891234,1
11340,164.700000,79.125000,0.784180,0.000000,0.000000,1
11350,166.500003,78.499998,0.000000,190.542377,-19.148158,0
11360,166.500003,78.499998,0.000000,0.000000,0.000000,0
11370,166.500003,78.499998,0.000000,0.000000,0.000000,0
11380,166.162503,78.375000,0.000000,35.990384,-159.677148,0
11390,166.162503,78.375000,0.000000,0.000000,0.000000,0
11400,165.937507,78.124998,0.000000,33.633972,-131.986560,0
11410,165.487503,77.874996,0.000000,51.478543,-150.945396,0
11420,165.487503,77.874996,0.000000,0.000000,0.000000,0
11430,165.262507,77.749998,0.000000,25.738683,-150.945396,0
11440,164.925007,77.625000,0.000000,35.990384,-159.677148,0
11450,164.925007,77.625000,0.000000,0.000000,0.000000,0
11460,164.587507,77.625000,0.000000,33.750000,180.000000,0
11470,164.587507,77.625000,0.000000,0.000000,0.000000,0
11480,164.587507,77.625000,0.000000,0.000000,0.000000,0
11490,164.587507,77.625000,0.000000,0.000000,0.000000,0
11500,164.587507,77.625000,0.000000,0.000000,0.000000,0
11510,164.587507,77.625000,0.000000,0.000000,0.000000,0
11520,164.587507,77.625000,0.000000,0.000000,0.000000,0
11530,164.587507,77.625000,0.000000,0.000000,0.000000,0
11540,164.587507,77.625000,0.000000,0.000000,0.000000,0
11550,164.587507,77.625000,0.000000,0.000000,0.000000,0
11560,164.587507,77.625000,0.000000,0.000000,0.000000,0
11570,164.587507,77.625000,0.000000,0.000000,0.000000,0
11580,164.587507,77.625000,0.000000,0.000000,0.000000,0
11590,164.587507,77.625000,0.000000,0.000000,0.000000,0
11600,164.587507,77.625000,0.000000,0.000000,0.000000,0
11610,164.587507,77.625000,0.000000,0.000000,0.000000,0
11620,164.587507,77.625000,0.000000,0.000000,0.000000,0
11630,164.587507,77.625000,0.000000,0.000000,0.000000,0
11640,164.587507,77.625000,0.000000,0.000000,0.000000,0
11650,164.587507,77.625000,0.000000,0.000000,0.000000,0
11660,164.587507,77.625000,0.000000,0.000000,0.000000,0
11670,164.587507,77.625000,0.000000,0.000000,0.000000,0
11680,164.587507,77.625000,0.000000,0.000000,0.000000,0
11690,164.587507,77.625000,0.000000,0.000000,0.000000,0
11700,164.587507,77.625000,0.000000,0.000000,0.000000,0
11710,164.587507,77.625000,0.000000,0.000000,0.000000,0
11720,164.587507,77.625000,0.000000,0.000000,0.000000,0
11730,164.587507,77.625000,0.000000,0.000000,0.000000,0
11740,164.587507,77.625000,0.000000,0.000000,0.000000,0
11750,164.587507,77.625000,0.000000,0.000000,0.000000,0
11760,164.587507,77.625000,0.000000,0.000000,0.000000,0
11770,164.587507,77.625000,0.000000,0.000000,0.000000,0
11780,164.587507,77.625000,0.000000,0.000000,0.000000,0
11790,164.587507,77.625000,0.000000,0.000000,0.000000,0
11800,164.587507,77.625000,0.000000,0.000000,0.000000,0
11810,164.587507,77.625000,0.000000,0.000000,0.000000,0
11820,164.587507,77.625000,0.000000,0.000000,0.000000,0
11830,164.587507,77.625000,0.000000,0.000000,0.000000,0
11840,164.587507,77.625000,0.000000,0.000000,0.000000,0
11850,164.587507,77.625000,0.000000,0.000000,0.000000,0
11860,164.587507,77.625000,0.000000,0.000000,0.000000,0
11870,164.587507,77.625000,0.000000,0.000000,0.000000,0
11880,164.587507,77.625000,0.000000,0.000000,0.000000,0
11890,164.587507,77.625000,0.000000,0.000000,0.000000,0
11900,164.587507,77.625000,0.000000,0.000000,0.000000,0
11910,119.475000,61.999998,0.000000,4774.179469,-160.896149,0
11920,119.475000,61.999998,0.000000,0.000000,0.000000,0
11930,119.587503,62.124996,0.000000,16.817118,48.011483,0
11940,119.700007,62.374998,0.000000,27.414955,65.771764,0
11950,119.700007,62.374998,0.000000,0.000000,0.000000,0
11960,119.700007,62.499996,0.000000,12.499809,90.000000,0
11970,119.700007,62.499996,0.000000,0.000000,0.000000,0
11980,119.812500,62.874996,0.000000,39.150952,73.301718,0
11990,119.812500,62.874996,0.000000,0.000000,0.000000,0
12000,119.812500,63.249996,0.000000,37.500000,90.000000,0
12010,119.812500,63.499998,0.000000,25.000191,90.000000,0
12020,119.812500,63.499998,0.000000,0.000000,0.000000,0
12030,119.812500,63.624996,0.000000,12.499809,90.000000,0
12040,119.812500,63.624996,0.000000,0.000000,0.000000,0
12050,119.812500,63.874998,0.000000,25.000191,90.000000,0
12060,119.812500,63.999996,0.000000,12.499809,90.000000,0
12070,119.812500,63.999996,0.000000,0.000000,0.000000,0
12080,119.812500,64.374996,0.000000,37.500000,90.000000,0
12090,119.812500,64.374996,0.000000,0.000000,0.000000,0
12100,119.812500,64.624998,0.000000,25.000191,90.000000,0
12110,119.812500,64.749996,0.000000,12.499809,90.000000,0
12120,119.812500,64.749996,0.000000,0.000000,0.000000,0
12130,119.812500,64.749996,0.000000,0.000000,0.000000,0
12140,119.925003,64.999998,0.000000,27.414955,65.771764,0
12150,119.925003,64.999998,0.000000,0.000000,0.000000,0
12160,119.925003,64.999998,0.000000,0.000000,0.000000,0
12170,119.925003,64.999998,0.000000,0.000000,0.000000,0
12180,119.925003,64.999998,0.000000,0.000000,0.000000,0
12190,119.925003,64.999998,0.000000,0.000000,0.000000,0
12200,119.925003,64.999998,0.000000,0.000000,0.000000,0
12210,119.925003,64.999998,0.000000,0.000000,0.000000,0
12220,119.925003,64.999998,0.000000,0.000000,0.000000,0
12230,119.925003,64.999998,0.000000,0.000000,0.000000,0
12240,119.925003,64.999998,0.000000,0.000000,0.000000,0
12250,119.925003,64.999998,0.000000,0.000000,0.000000,0
12260,119.925003,64.999998,0.000000,0.000000,0.000000,0
12270,119.925003,64.999998,0.000000,0.000000,0.000000,0
12280,119.925003,64.999998,0.000000,0.000000,0.000000,0
12290,119.925003,64.999998,0.000000,0.000000,0.000000,0
12300,119.925003,64.999998,0.000000,0.000000,0.000000,0
12310,119.925003,64.999998,0.000000,0.000000,0.000000,0
12320,119.925003,64.999998,0.000000,0.000000,0.000000,0
12330,119.925003,64.999998,0.000000,0.000000,0.000000,0
12340,119.925003,64.999998,0.000000,0.000000,0.000000,0
12350,119.925003,64.999998,0.000000,0.000000,0.000000,0
12360,119.925003,64.999998,0.000000,0.000000,0.000000,0
12370,119.925003,64.999998,0.000000,0.000000,0.000000,0
12380,119.925003,64.999998,0.000000,0.000000,0.000000,0
12390,119.925003,64.999998,0.000000,0.000000,0.000000,0
12400,119.925003,64.999998,0.000000,0.000000,0.000000,0
12410,119.925003,64.999998,0.000000,0.000000,0.000000,0
12420,119.925003,64.999998,0.000000,0.000000,0.000000,0
12430,119.925003,64.999998,0.000000,0.000000,0.000000,0
12440,119.925003,64.999998,0.000000,0.000000,0.000000,0
12450,119.925003,64.999998,0.000000,0.000000,0.000000,0
12460,119.925003,64.999998,0.000000,0.000000,0.000000,0
12470,119.925003,64.999998,0.000000,0.000000,0.000000,0
12480,119.925003,64.999998,0.000000,0.000000,0.000000,0
12490,119.925003,64.999998,0.000000,0.000000,0.000000,0
12500,119.925003,64.999998,0.000000,0.000000,0.000000,0
12510,119.925003,64.999998,0.000000,0.000000,0.000000,0
12520,119.925003,64.999998,0.000000,0.000000,0.000000,0
12530,119.925003,64.999998,0.000000,0.000000,0.000000,0
12540,119.925003,64.999998,0.000000,0.000000,0.000000,0
12550,119.925003,64.999998,0.000000,0.000000,0.000000,0
12560,119.925003,64.999998,0.000000,0.000000,0.000000,0
12570,119.925003,64.999998,0.000000,0.000000,0.000000,0
12580,119.925003,64.999998,0.000000,0.000000,0.000000,0
12590,119.925003,64.999998,0.000000,0.000000,0.000000,0
12600,119.925003,64.999998,0.000000,0.000000,0.000000,0
12610,119.925003,64.999998,0.000000,0.000000,0.000000,0
12620,119.925003,64.999998,0.000000,0.000000,0.000000,0
12630,119.925003,64.999998,0.000000,0.000000,0.000000,0
12640,119.925003,64.999998,0.000000,0.000000,0.000000,0
12650,119.925003,64.999998,0.000000,0.000000,0.000000,0
12660,119.925003,64.999998,0.000000,0.000000,0.000000,0
12670,119.925003,64.999998,0.000000,0.000000,0.000000,0
12680,119.925003,64.999998,0.000000,0.000000,0.000000,0
12690,119.925003,64.999998,0.000000,0.000000,0.000000,0
12700,119.925003,64.999998,0.000000,0.000000,0.000000,0
12710,119.925003,64.999998,0.000000,0.000000,0.000000,0
12720,119.925003,64.999998,0.000000,0.000000,0.000000,0
12730,119.925003,64.999998,0.000000,0.000000,0.000000,0
12740,119.925003,64.999998,0.000000,0.000000,0.000000,0
12750,119.925003,64.999998,0.000000,0.000000,0.000000,0
12760,119.925003,64.999998,0.000000,0.000000,0.000000,0
12770,119.925003,64.999998,0.000000,0.000000,0.000000,0
12780,119.925003,64.999998,0.000000,0.000000,0.000000,0
12790,119.925003,64.999998,0.000000,0.000000,0.000000,0
12800,119.925003,64.999998,0.000000,0.000000,0.000000,0
12810,119.925003,64.999998,0.000000,0.000000,0.000000,0
12820,119.925003,64.999998,0.000000,0.000000,0.000000,0
12830,119.925003,64.999998,0.000000,0.000000,0.000000,0
12840,119.925003,64.999998,0.000000,0.000000,0.000000,0
12850,119.925003,64.999998,0.000000,0.000000,0.000000,0
12860,119.925003,64.999998,0.000000,0.000000,0.000000,0
12870,119.925003,64.999998,0.000000,0.000000,0.000000,0
12880,119.925003,64.999998,0.000000,0.000000,0.000000,0
12890,119.925003,64.999998,0.000000,0.000000,0.000000,0
12900,119.925003,64.999998,0.000000,0.000000,0.000000,0
12910,119.925003,64.999998,0.000000,0.000000,0.000000,0
12920,119.925003,64.999998,0.000000,0.000000,0.000000,0
12930,119.925003,64.999998,0.000000,0.000000,0.000000,0
12940,119.925003,64.999998,0.000000,0.000000,0.000000,0
12950,119.925003,64.999998,0.000000,0.000000,0.000000,0
12960,119.925003,64.999998,0.000000,0.000000,0.000000,0
12970,200.250014,114.125000,0.000000,9415.610997,31.449035,0
12980,200.362507,114.125000,0.000000,11.249313,0.000000,0
12990,200.362507,114.249999,0.000000,12.499952,90.000000,0
13000,200.362507,114.249999,0.000000,0.000000,0.000000,0
13010,200.250014,114.249999,0.000000,11.249313,180.000000,0
13020,200.250014,114.249999,0.000000,0.000000,0.000000,0
13030,200.137500,114.500000,0.000000,27.415247,114.230322,0
13040,200.137500,114.500000,0.000000,0.000000,0.000000,0
13050,200.025007,114.624999,0.000000,16.816535,131.985582,0
13060,200.137500,114.999999,0.000000,39.150952,73.301718,0
13070,200.137500,114.999999,0.000000,0.000000,0.000000,0
13080,200.362507,115.625000,0.000000,66.426929,70.200580,0
13090,200.362507,115.625000,0.000000,0.000000,0.000000,0
13100,200.250014,115.875000,0.000000,27.414402,114.226396,0
13110,200.025007,116.124999,0.000000,33.634449,131.988191,0
13120,200.025007,116.124999,0.000000,0.000000,0.000000,0
13130,199.687507,116.375000,0.000000,42.000772,143.471092,0
13140,199.575014,116.499999,0.000000,16.816535,131.985582,0
13150,199.575014,116.499999,0.000000,0.000000,0.000000,0
13160,199.350007,117.000000,0.000000,54.829649,114.228359,0
13170,199.350007,117.000000,0.000000,0.000000,0.000000,0
13180,199.125000,117.500000,0.000000,54.829519,114.228420,0
13190,199.012507,117.624999,0.000000,16.816535,131.985582,0
13200,199.012507,117.624999,0.000000,0.000000,0.000000,0
13210,198.900014,117.624999,0.000000,11.249313,180.000000,0
13220,198.900014,117.624999,0.000000,0.000000,0.000000,0
13230,198.562514,117.624999,0.000000,33.750000,180.000000,0
13240,198.337507,117.500000,0.000000,25.739652,-150.946231,0
13250,198.337507,117.500000,0.000000,0.000000,0.000000,0
13260,198.225014,117.375000,0.000000,16.816535,-131.985582,0
13270,198.225014,117.375000,0.000000,0.000000,0.000000,0
13280,198.225014,117.500000,0.000000,12.499952,90.000000,0
13290,198.225014,117.500000,0.000000,0.000000,0.000000,0
13300,198.112500,117.624999,0.000000,16.817913,131.990799,0
13310,198.112500,117.624999,0.000000,0.000000,0.000000,0
13320,198.225014,117.875000,0.000000,27.415247,65.769678,0
13330,198.225014,117.875000,0.000000,0.000000,0.000000,0
13340,198.225014,117.999999,0.000000,12.499952,90.000000,0
13350,198.225014,117.999999,0.000000,0.000000,0.000000,0
13360,198.225014,117.999999,0.000000,0.000000,0.000000,0
13370,198.225014,117.999999,0.000000,0.000000,0.000000,0
13380,198.225014,117.999999,0.000000,0.000000,0.000000,0
13390,198.225014,117.999999,0.000000,0.000000,0.000000,0
13400,198.225014,118.250000,0.000000,25.000048,90.000000,0
13410,198.225014,118.250000,0.000000,0.000000,0.000000,0
13420,198.337507,118.250000,0.000000,11.249313,0.000000,0
13430,198.225014,118.250000,0.000000,11.249313,180.000000,0
13440,198.225014,118.250000,0.000000,0.000000,0.000000,0
13450,198.225014,118.250000,0.000000,0.000000,0.000000,0
13460,198.225014,118.250000,0.000000,0.000000,0.000000,0
13470,198.225014,118.250000,0.000000,0.000000,0.000000,0
13480,198.000007,118.374999,0.000000,25.739652,150.946231,0
13490,198.000007,118.875000,0.000000,50.000095,90.000000,0
13500,198.000007,118.875000,0.229492,0.000000,0.000000,1
13510,198.000007,119.000000,0.360352,12.499952,90.000000,1
13520,198.000007,119.000000,0.360352,0.000000,0.000000,1
13530,197.887514,119.124999,0.431641,16.816535,131.985582,1
13540,197.887514,119.250000,0.461914,12.500095,90.000000,1
13550,197.887514,119.250000,0.461914,0.000000,0.000000,1
13560,197.887514,119.250000,0.461914,0.000000,0.000000,1
13570,197.887514,119.250000,0.461914,0.000000,0.000000,1
13580,197.887514,119.250000,0.461914,0.000000,0.000000,1
13590,197.887514,119.250000,0.461914,0.000000,0.000000,1
13600,197.887514,119.250000,0.461914,0.000000,0.000000,1
13610,198.112500,119.124999,0.680664,25.737921,-29.056274,1
13620,198.112500,119.124999,0.680664,0.000000,0.000000,1
13630,199.462500,118.500000,0.733398,148.765715,-24.842356,1
13640,201.600014,117.249999,0.756836,247.617999,-30.318755,1
13650,201.600014,117.249999,0.756836,0.000000,0.000000,1
13660,203.175000,116.250000,0.786133,186.563122,-32.412508,1
13670,203.175000,116.250000,0.786133,0.000000,0.000000,1
13680,204.862500,115.250000,0.787109,196.154460,-30.650680,1
13690,206.662514,113.874999,0.728516,226.509950,-37.375606,1
13700,206.662514,113.874999,0.728516,0.000000,0.000000,1
13710,207.112507,113.124999,0.437500,87.463925,-59.036629,1
13720,207.000014,113.000000,0.000000,16.816535,-131.985582,0
13730,207.000014,113.000000,0.000000,0.000000,0.000000,0
13740,206.550000,112.875000,0.000000,46.705165,-164.476396,0
13750,206.550000,112.875000,0.000000,0.000000,0.000000,0
13760,205.875000,112.749999,0.000000,68.647668,-169.508445,0
13770,205.875000,112.749999,0.000000,0.000000,0.000000,0
13780,204.862500,112.625000,0.000000,102.018681,-172.962086,0
13790,203.850000,112.500000,0.000000,102.018681,-172.962086,0
13800,203.850000,112.500000,0.000000,0.000000,0.000000,0
13810,202.950014,112.374999,0.000000,90.862562,-172.092659,0
13820,202.950014,112.374999,0.000000,0.000000,0.000000,0
13830,202.050007,112.125000,0.000000,93.408345,-164.476058,0
13840,200.250014,111.624999,0.000000,186.814781,-164.475804,0
13850,200.250014,111.624999,0.000000,0.000000,0.000000,0
13860,198.450000,111.000000,0.000000,190.543256,-160.852025,0
13870,198.450000,111.000000,0.000000,0.000000,0.000000,0
13880,196.537514,110.250000,0.000000,205.428910,-158.586891,0
13890,194.850014,109.624998,0.000000,179.952317,-159.676806,0
13900,194.850014,109.624998,0.000000,0.000000,0.000000,0
13910,193.500014,109.249998,0.000000,140.111563,-164.475889,0
13920,193.500014,109.249998,0.000000,0.000000,0.000000,0
13930,190.462514,108.624999,0.000000,310.113367,-168.373036,0
13940,190.462514,108.624999,0.000000,0.000000,0.000000,0
13950,188.437514,108.000000,0.000000,211.925666,-162.847603,0
13960,186.525007,107.374998,0.000000,201.204123,-161.902753,0
13970,186.525007,107.374998,0.000000,0.000000,0.000000,0
13980,184.950000,106.875000,0.000000,165.246625,-162.387557,0
13990,182.250000,106.374999,0.000000,274.590622,-169.508503,0
14000,182.250000,106.374999,0.000000,0.000000,0.000000,0
14010,180.787507,106.125000,0.000000,148.370674,-170.299600,0
14020,180.787507,106.125000,0.000000,0.000000,0.000000,0
14030,179.325014,105.624999,0.000000,154.560251,-161.125334,0
14040,178.200000,105.249999,0.000000,118.586715,-161.565261,0
14050,178.200000,105.249999,0.000000,0.000000,0.000000,0
14060,177.637514,105.000000,0.000000,61.554068,-156.037073,0
14070,177.637514,105.000000,0.000000,0.000000,0.000000,0
14080,177.187500,104.749998,0.000000,51.479444,-150.945953,0
14090,175.837500,104.124999,0.000000,148.765715,-155.157644,0
14100,175.837500,104.124999,0.000000,0.000000,0.000000,0
14110,174.937514,103.749999,0.000000,97.498732,-157.379825,0
14120,174.937514,103.749999,0.000000,0.000000,0.000000,0
14130,174.262514,103.374999,0.000000,77.217226,-150.945396,0
14140,173.812500,103.125000,0.000000,51.479305,-150.946231,0
14150,173.812500,103.125000,0.000000,0.000000,0.000000,0
14160,174.037507,102.874998,0.000000,33.634661,-48.012135,0
14170,174.037507,102.874998,0.166992,0.000000,0.000000,1
14180,174.037507,102.874998,0.166992,0.000000,0.000000,1
14190,174.262514,102.750000,0.409180,25.739583,-29.053491,1
14200,174.262514,102.750000,0.409180,0.000000,0.000000,1
14210,174.937514,102.750000,0.466797,67.500000,0.000000,1
14220,174.937514,102.750000,0.466797,0.000000,0.000000,1
14230,176.175000,102.874998,0.531250,124.378325,5.767865,1
14240,179.550000,103.749999,0.607422,348.658166,14.534470,1
14250,179.550000,103.749999,0.607422,0.000000,0.000000,1
14260,182.137507,104.499999,0.681641,269.401035,16.164458,1
14270,182.137507,104.499999,0.681641,0.000000,0.000000,1
14280,185.287500,105.499998,0.744141,330.491374,17.612598,1
14290,188.775014,106.500000,0.762695,362.805125,15.999597,1
14300,188.775014,106.500000,0.762695,0.000000,0.000000,1
14310,194.512514,108.000000,0.774414,593.033779,14.651359,1
14320,194.512514,108.000000,0.774414,0.000000,0.000000,1
14330,198.450000,108.999999,0.781250,406.248645,14.250067,1
14340,202.387507,109.875000,0.797852,403.355761,12.528800,1
14350,202.387507,109.875000,0.797852,0.000000,0.000000,1
14360,205.987514,110.749998,0.805664,370.481728,13.661100,1
14370,205.987514,110.749998,0.805664,0.000000,0.000000,1
14380,209.587500,111.500000,0.806641,367.728205,11.768354,1
14390,213.300000,112.125000,0.796875,376.474194,9.556154,1
14400,213.300000,112.125000,0.796875,0.000000,0.000000,1
14410,215.550007,112.374999,0.772461,226.385300,6.340149,1
14420,215.550007,112.374999,0.772461,0.000000,0.000000,1
14430,215.887507,112.374999,0.745117,33.750000,0.000000,1
14440,215.887507,112.250000,0.346680,12.499952,-90.000000,1
14450,215.887507,112.250000,0.000000,0.000000,0.000000,0
14460,215.887507,112.250000,0.000000,0.000000,0.000000,0
14470,215.887507,112.250000,0.000000,0.000000,0.000000,0
14480,215.887507,112.125000,0.000000,12.499952,-90.000000,0
14490,215.887507,111.875000,0.000000,25.000048,-90.000000,0
14500,215.887507,111.875000,0.000000,0.000000,0.000000,0
14510,215.662500,111.624999,0.000000,33.634555,-131.988028,0
14520,215.662500,111.624999,0.000000,0.000000,0.000000,0
14530,215.437514,111.500000,0.000000,25.737852,-150.944004,0
14540,214.987500,111.125000,0.000000,58.577928,-140.195289,0
14550,214.987500,111.125000,0.000000,0.000000,0.000000,0
14560,214.875007,111.000000,0.000000,16.816535,-131.985582,0
14570,214.875007,111.000000,0.000000,0.000000,0.000000,0
14580,214.762514,110.625000,0.000000,39.150952,-106.698282,0
14590,214.650000,110.374998,0.000000,27.415378,-114.230199,0
14600,214.650000,110.374998,0.000000,0.000000,0.000000,0
14610,214.537507,110.250000,0.000000,16.816429,-131.985908,0
14620,214.537507,110.250000,0.000000,0.000000,0.000000,0
14630,214.312500,109.875000,0.000000,43.732492,-120.964528,0
14640,213.975000,109.500000,0.000000,50.451090,-131.987212,0
14650,213.975000,109.500000,0.000000,0.000000,0.000000,0
14660,213.525007,108.999999,0.000000,67.267732,-131.986723,0
14670,213.525007,108.999999,0.000000,0.000000,0.000000,0
14680,212.962500,108.499998,0.000000,75.260543,-138.366754,0
14690,211.725014,107.499999,0.000000,159.102808,-141.058704,0
14700,211.725014,107.499999,0.000000,0.000000,0.000000,0
14710,210.712514,106.749999,0.000000,126.002232,-143.471145,0
14720,210.712514,106.749999,0.000000,0.000000,0.000000,0
14730,208.912500,105.499998,0.000000,219.147252,-145.222353,0
14740,206.887500,104.374998,0.000000,231.651678,-150.945396,0
14750,206.887500,104.374998,0.000000,0.000000,0.000000,0
14760,206.212500,103.875000,0.000000,84.001375,-143.471249,0
14770,206.212500,103.875000,0.000000,0.000000,0.000000,0
14780,204.975014,103.125000,0.000000,144.702186,-148.781315,0
14790,203.287514,102.124998,0.000000,196.154533,-149.349284,0
14800,203.287514,102.124998,0.000000,0.000000,0.000000,0
14810,201.487500,100.999998,0.000000,212.265740,-147.994813,0
14820,201.487500,100.999998,0.000000,0.000000,0.000000,0
14830,200.137500,100.500000,0.000000,143.961734,-159.676934,0
14840,198.450000,99.874998,0.000000,179.952317,-159.676806,0
14850,198.450000,99.874998,0.000000,0.000000,0.000000,0
14860,198.000007,99.874998,0.000000,44.999313,180.000000,0
14870,198.000007,99.874998,0.000000,0.000000,0.000000,0
14880,197.550014,99.874998,0.000000,44.999313,180.000000,0
14890,196.875014,99.874998,0.000000,67.500000,180.000000,0
14900,196.875014,99.874998,0.000000,0.000000,0.000000,0
14910,195.862514,99.874998,0.000000,101.250000,180.000000,0
14920,195.862514,99.874998,0.000000,0.000000,0.000000,0
14930,194.962507,100.125000,0.000000,93.408421,164.475889,0
14940,194.512514,100.374999,0.000000,51.477504,150.945118,0
14950,194.512514,100.374999,0.000000,0.000000,0.000000,0
14960,194.287507,100.624998,0.000000,33.634449,131.988191,0
14970,194.287507,100.624998,0.000000,0.000000,0.000000,0
14980,194.175014,101.124999,0.483398,51.249942,102.679611,1
14990,194.175014,101.124999,0.483398,0.000000,0.000000,1
15000,194.175014,101.124999,0.483398,0.000000,0.000000,1
15010,194.062500,100.999998,0.591797,16.818020,-131.990473,1
15020,194.062500,100.999998,0.591797,0.000000,0.000000,1
15030,194.062500,100.749999,0.601563,24.999905,-90.000000,1
15040,194.175014,99.499998,0.672852,125.505447,-84.856615,1
15050,194.175014,99.499998,0.672852,0.000000,0.000000,1
15060,194.400000,96.874998,0.721680,263.462404,-85.101205,1
15070,194.400000,96.874998,0.721680,0.000000,0.000000,1
15080,195.075000,94.624998,0.760742,234.906896,-73.300756,1
15090,195.412500,93.874998,0.660156,82.243921,-65.772255,1
15100,195.412500,93.874998,0.660156,0.000000,0.000000,1
15110,195.862514,93.624999,0.365234,51.479305,-29.053769,1
15120,197.325007,94.249998,0.000000,159.044333,23.139527,0
15130,197.325007,94.249998,0.000000,0.000000,0.000000,0
15140,199.350007,96.499998,0.000000,302.706541,48.012788,0
15150,199.350007,96.499998,0.000000,0.000000,0.000000,0
15160,200.587514,98.124999,0.000000,204.256000,52.709196,0
15170,200.587514,98.124999,0.000000,0.000000,0.000000,0
15180,201.487500,99.874998,0.000000,196.785974,62.784231,0
15190,202.500000,101.499999,0.000000,191.462381,58.073934,0
15200,202.500000,101.499999,0.000000,0.000000,0.000000,0
15210,203.175000,102.249999,0.000000,100.902180,48.012788,0
15220,203.175000,102.249999,0.000000,0.000000,0.000000,0
15230,203.737507,102.874998,0.000000,84.085539,48.012396,0
15240,204.412507,103.374999,0.000000,84.001545,36.528908,0
15250,204.412507,103.374999,0.000000,0.000000,0.000000,0
15260,204.975014,103.749999,0.000000,67.604658,33.689745,0
15270,204.975014,103.749999,0.000000,0.000000,0.000000,0
15280,205.200000,103.875000,0.000000,25.737921,29.056274,0
15290,205.200000,103.875000,0.000000,0.000000,0.000000,0
15300,205.200000,103.749999,0.278320,12.500095,-90.000000,1
15310,205.200000,103.624998,0.484375,12.500095,-90.000000,1
15320,205.200000,103.624998,0.484375,0.000000,0.000000,1
15330,205.200000,103.500000,0.497070,12.499809,-90.000000,1
15340,205.087507,102.874998,0.550781,63.504495,-100.203334,1
15350,205.087507,102.874998,0.550781,0.000000,0.000000,1
15360,204.862500,101.625000,0.606445,127.008792,-100.204294,1
15370,204.862500,101.625000,0.606445,0.000000,0.000000,1
15380,203.400007,98.250000,0.681641,367.824838,-113.428595,1
15390,202.050007,96.000000,0.716797,262.392835,-120.963757,1
15400,202.050007,96.000000,0.716797,0.000000,0.000000,1
15410,199.800000,93.624999,0.731445,327.156850,-133.451918,1
15420,199.800000,93.624999,0.731445,0.000000,0.000000,1
15430,197.325007,91.125000,0.704102,351.789514,-134.712015,1
15440,194.175014,87.624999,0.513672,470.876453,-131.987143,1
15450,194.175014,87.624999,0.513672,0.000000,0.000000,1
15460,193.275007,86.625000,0.000000,134.536629,-131.987457,0
15470,193.275007,86.625000,0.000000,0.000000,0.000000,0
15480,190.800014,84.874998,0.000000,303.118750,-144.736884,0
15490,190.012500,84.375000,0.000000,93.283223,-147.588244,0
15500,190.012500,84.375000,0.000000,0.000000,0.000000,0
15510,189.675000,84.124998,0.000000,42.000858,-143.470936,0
15520,189.675000,84.124998,0.000000,0.000000,0.000000,0
15530,189.112514,83.874996,0.000000,61.554184,-156.036830,0
15540,188.887507,83.874996,0.000000,22.500687,180.000000,0
15550,188.887507,83.874996,0.000000,0.000000,0.000000,0
15560,189.000000,83.874996,0.000000,11.249313,0.000000,0
15570,189.000000,83.874996,0.000000,0.000000,0.000000,0
15580,189.337500,84.124998,0.000000,42.000858,36.529064,0
15590,190.125014,84.750000,0.000000,100.538812,38.436900,0
15600,190.125014,84.750000,0.000000,0.000000,0.000000,0
15610,190.575007,84.999996,0.000000,51.477365,29.054604,0
15620,190.575007,84.999996,0.000000,0.000000,0.000000,0
15630,191.700000,85.999998,0.000000,150.519546,41.633767,0
15640,192.487514,86.625000,0.000000,100.538812,38.436900,0
15650,192.487514,86.625000,0.000000,0.000000,0.000000,0
15660,193.162514,87.124998,0.000000,84.001375,36.528751,0
15670,193.162514,87.124998,0.000000,0.000000,0.000000,0
15680,193.725000,87.750000,0.000000,84.084373,48.013570,0
15690,193.950007,88.125000,0.000000,43.732492,59.035472,0
15700,193.950007,88.125000,0.000000,0.000000,0.000000,0
15710,194.062500,88.374999,0.000000,27.414272,65.773482,0
15720,194.062500,88.374999,0.000000,0.000000,0.000000,0
15730,194.175014,88.624998,0.000000,27.415117,65.769556,0
15740,194.175014,88.749999,0.000000,12.500095,90.000000,0
15750,194.175014,88.749999,0.000000,0.000000,0.000000,0
15760,193.950007,88.875000,0.000000,25.739722,150.945953,0
15770,193.950007,88.875000,0.000000,0.000000,0.000000,0
15780,193.500014,88.624998,0.000000,51.477643,-150.944839,0
15790,192.825014,88.125000,0.000000,84.001375,-143.471249,0
15800,192.825014,88.125000,0.000000,0.000000,0.000000,0
15810,191.925007,87.499998,0.000000,109.573708,-145.222292,0
15820,191.925007,87.499998,0.000000,0.000000,0.000000,0
15830,190.687500,86.749998,0.000000,144.703948,-148.781738,0
15840,187.987500,84.624996,0.000000,343.593264,-141.795919,0
15850,187.987500,84.624996,0.000000,0.000000,0.000000,0
15860,186.075014,83.250000,0.000000,235.546561,-144.285473,0
15870,186.075014,83.250000,0.000000,0.000000,0.000000,0
15880,185.287500,82.624998,0.000000,100.538812,-141.563100,0
15890,184.725014,82.125000,0.000000,75.258813,-138.365875,0
15900,184.725014,82.125000,0.000000,0.000000,0.000000,0
15910,184.387514,81.874998,0.000000,42.000858,-143.470936,0
15920,184.387514,81.874998,0.000000,0.000000,0.000000,0
15930,183.825007,81.375000,0.000000,75.260353,-138.366916,0
15940,183.825007,81.249996,0.000000,12.500381,-90.000000,0
15950,184.050014,81.249996,0.419922,22.500687,0.000000,1
15960,184.050014,81.249996,0.419922,0.000000,0.000000,1
15970,184.050014,81.249996,0.419922,0.000000,0.000000,1
15980,184.275000,81.249996,0.493164,22.498627,0.000000,1
15990,185.400014,81.624996,0.572266,118.586715,18.434739,1
16000,185.400014,81.624996,0.572266,0.000000,0.000000,1
16010,187.650000,82.374996,0.624023,237.169522,18.435054,1
16020,187.650000,82.374996,0.624023,0.000000,0.000000,1
16030,190.687500,83.374998,0.671875,319.787587,18.222513,1
16040,195.637507,85.125000,0.748047,525.024520,19.470297,1
16050,195.637507,85.125000,0.748047,0.000000,0.000000,1
16060,199.575014,86.374998,0.761719,413.115668,17.612524,1
16070,199.575014,86.374998,0.761719,0.000000,0.000000,1
16080,203.737507,87.499998,0.766602,431.184115,15.124031,1
16090,208.237500,88.374999,0.768555,458.427365,11.003569,1
16100,208.237500,88.374999,0.768555,0.000000,0.000000,1
16110,212.625000,89.124999,0.777344,445.114101,9.700392,1
16120,212.625000,89.124999,0.777344,0.000000,0.000000,1
16130,215.887507,89.625000,0.795898,330.059873,8.713166,1
16140,215.887507,90.499998,0.832031,87.499809,90.000000,1
16150,215.887507,90.499998,0.832031,0.000000,0.000000,1
16160,215.887507,90.874998,0.000000,37.500000,90.000000,0
16170,215.887507,90.874998,0.000000,0.000000,0.000000,0
16180,215.887507,90.874998,0.000000,0.000000,0.000000,0
16190,215.887507,90.874998,0.000000,0.000000,0.000000,0
16200,215.887507,90.874998,0.000000,0.000000,0.000000,0
16210,215.887507,90.874998,0.000000,0.000000,0.000000,0
16220,215.887507,90.874998,0.000000,0.000000,0.000000,0
16230,215.887507,90.874998,0.000000,0.000000,0.000000,0
16240,215.887507,90.874998,0.000000,0.000000,0.000000,0
16250,215.887507,90.874998,0.000000,0.000000,0.000000,0
16260,215.887507,90.874998,0.000000,0.000000,0.000000,0
16270,215.887507,90.874998,0.000000,0.000000,0.000000,0
16280,215.887507,90.874998,0.000000,0.000000,0.000000,0
16290,215.887507,90.874998,0.000000,0.000000,0.000000,0
16300,215.887507,90.874998,0.000000,0.000000,0.000000,0
16310,215.887507,90.874998,0.000000,0.000000,0.000000,0
16320,215.887507,90.874998,0.000000,0.000000,0.000000,0
16330,215.887507,90.874998,0.000000,0.000000,0.000000,0
16340,215.887507,90.874998,0.000000,0.000000,0.000000,0
16350,215.887507,90.874998,0.000000,0.000000,0.000000,0
16360,215.887507,90.874998,0.000000,0.000000,0.000000,0
16370,215.887507,90.874998,0.000000,0.000000,0.000000,0
16380,215.887507,90.874998,0.000000,0.000000,0.000000,0
16390,215.887507,90.874998,0.000000,0.000000,0.000000,0
16400,215.887507,90.874998,0.000000,0.000000,0.000000,0
16410,215.887507,90.874998,0.000000,0.000000,0.000000,0
16420,215.887507,90.874998,0.000000,0.000000,0.000000,0
16430,215.887507,90.874998,0.000000,0.000000,0.000000,0
16440,215.887507,90.874998,0.000000,0.000000,0.000000,0
16450,215.887507,90.874998,0.000000,0.000000,0.000000,0
16460,215.887507,90.874998,0.000000,0.000000,0.000000,0
16470,215.887507,90.874998,0.000000,0.000000,0.000000,0
16480,215.887507,90.874998,0.000000,0.000000,0.000000,0
16490,198.450000,78.999996,0.000000,2109.697410,-145.745003,0
16500,198.450000,78.999996,0.000000,0.000000,0.000000,0
16510,196.875014,78.750000,0.000000,159.470368,-170.980736,0
16520,196.875014,78.750000,0.000000,0.000000,0.000000,0
16530,194.625007,78.249996,0.000000,230.489364,-167.471137,0
16540,193.837514,78.249996,0.000000,78.749313,180.000000,0
16550,193.837514,78.249996,0.000000,0.000000,0.000000,0
16560,193.387500,78.375000,0.000000,46.705280,164.475889,0
16570,193.387500,78.375000,0.000000,0.000000,0.000000,0
16580,193.050000,78.499998,0.000000,35.990384,159.677148,0
16590,192.150014,78.750000,0.000000,93.406436,164.475551,0
16600,192.150014,78.750000,0.000000,0.000000,0.000000,0
16610,191.025000,78.999996,0.000000,115.245564,167.471526,0
16620,191.025000,78.999996,0.000000,0.000000,0.000000,0
16630,190.125014,79.125000,0.000000,90.862601,172.092480,0
16640,189.337500,79.249998,0.000000,79.737219,170.980968,0
16650,189.337500,79.249998,0.000000,0.000000,0.000000,0
16660,188.662500,79.374996,0.000000,68.647616,169.508680,0
16670,188.662500,79.374996,0.000000,0.000000,0.000000,0
16680,188.100014,79.749996,0.000000,67.602944,146.309287,0
16690,187.762514,80.124996,0.000000,50.451090,131.987212,0
16700,187.762514,80.124996,0.000000,0.000000,0.000000,0
16710,187.537507,80.374998,0.000000,33.634661,131.987865,0
16720,187.537507,80.374998,0.000000,0.000000,0.000000,0
16730,187.200007,80.499996,0.000000,35.990384,159.677148,0
16740,187.087514,80.499996,0.000000,11.249313,180.000000,0
16750,187.087514,80.499996,0.000000,0.000000,0.000000,0
16760,186.750014,80.499996,0.000000,33.750000,180.000000,0
16770,186.750014,80.499996,0.000000,0.000000,0.000000,0
16780,186.750014,80.499996,0.000000,0.000000,0.000000,0
16790,186.862507,80.499996,0.000000,11.249313,0.000000,0
16800,186.862507,80.374998,0.000000,12.499809,-90.000000,0
16810,186.975000,80.250000,0.256836,16.816429,-48.014092,1
16820,186.975000,80.250000,0.256836,0.000000,0.000000,1
16830,187.087514,80.250000,0.278320,11.251373,0.000000,1
16840,187.200007,79.999998,0.357422,27.414532,-65.773727,1
16850,187.200007,79.999998,0.357422,0.000000,0.000000,1
16860,187.312500,79.624998,0.427734,39.150952,-73.301718,1
16870,187.312500,79.624998,0.427734,0.000000,0.000000,1
16880,187.425014,79.125000,0.495117,51.250115,-77.318072,1
16890,187.537507,78.499998,0.573242,63.504495,-79.796666,1
16900,187.537507,78.499998,0.573242,0.000000,0.000000,1
16910,187.537507,77.374998,0.624023,112.500000,-90.000000,1
16920,187.537507,77.374998,0.624023,0.000000,0.000000,1
16930,187.312500,76.125000,0.671875,127.008792,-100.204294,1
16940,187.087514,74.374998,0.725586,176.440514,-97.325956,1
16950,187.087514,74.374998,0.725586,0.000000,0.000000,1
16960,186.750014,72.750000,0.760742,165.967619,-101.733098,1
16970,186.750014,72.750000,0.760742,0.000000,0.000000,1
16980,186.300000,71.124996,0.790039,168.616421,-105.479053,1
16990,185.512507,68.124996,0.828125,310.163593,-104.708181,1
17000,185.512507,68.124996,0.828125,0.000000,0.000000,1
17010,184.725014,66.000000,0.839844,226.622025,-110.333984,1
17020,184.725014,66.000000,0.839844,0.000000,0.000000,1
17030,183.712514,63.750000,0.851563,246.731762,-114.227745,1
17040,182.587500,61.374996,0.864258,262.798383,-115.346411,1
17050,182.587500,61.374996,0.864258,0.000000,0.000000,1
17060,180.562500,57.375000,0.872070,448.336865,-116.850835,1
17070,180.562500,57.375000,0.872070,0.000000,0.000000,1
17080,179.212500,54.874998,0.883789,284.121621,-118.369028,1
17090,177.525000,52.374996,0.889648,301.623371,-124.019330,1
17100,177.525000,52.374996,0.889648,0.000000,0.000000,1
17110,175.500000,49.624998,0.889648,341.513023,-126.366599,1
17120,175.500000,49.624998,0.889648,0.000000,0.000000,1
17130,173.362507,46.875000,0.894531,348.301111,-127.856879,1
17140,170.100000,42.999996,0.896484,506.553113,-130.095247,1
17150,170.100000,42.999996,0.896484,0.000000,0.000000,1
17160,167.737500,40.624998,0.890625,334.992868,-134.848847,1
17170,167.737500,40.624998,0.890625,0.000000,0.000000,1
17180,165.375000,38.749992,0.877930,301.613208,-141.562613,1
17190,163.350000,37.374996,0.834961,244.770086,-145.823085,1
17200,163.350000,37.374996,0.834961,0.000000,0.000000,1
17210,161.325000,36.499992,0.280273,220.595935,-156.630796,1
17220,161.100003,36.624996,0.000000,25.738960,150.944282,0
17230,161.100003,36.624996,0.000000,0.000000,0.000000,0
17240,160.762503,37.249992,0.000000,71.030028,118.369193,0
17250,160.762503,37.249992,0.000000,0.000000,0.000000,0
17260,160.875007,39.000000,0.000000,175.362018,86.321665,0
17270,160.875007,39.000000,0.000000,0.000000,0.000000,0
17280,162.787503,42.249996,0.000000,377.095722,59.524841,0
17290,167.175003,47.499996,0.000000,684.197751,50.114014,0
17300,167.175003,47.499996,0.000000,0.000000,0.000000,0
17310,170.212503,50.124996,0.000000,401.460225,40.833495,0
17320,170.212503,50.124996,0.000000,0.000000,0.000000,0
17330,174.712507,53.749998,0.000000,577.846604,38.853368,0
17340,174.712507,53.749998,0.000000,0.000000,0.000000,0
17350,174.712507,53.749998,0.000000,0.000000,0.000000,0
17360,174.712507,53.749998,0.000000,0.000000,0.000000,0
17370,174.712507,53.749998,0.000000,0.000000,0.000000,0
17380,174.712507,53.749998,0.000000,0.000000,0.000000,0
17390,194.625007,63.375000,0.000000,2211.669772,25.797489,0
17400,195.075000,63.624996,0.000000,51.477365,29.054604,0
17410,196.087500,63.874998,0.000000,104.290805,13.869788,0
17420,196.087500,63.874998,0.000000,0.000000,0.000000,0
17430,198.000007,64.125000,0.000000,192.877771,7.447447,0
17440,198.675007,64.125000,0.000000,67.500000,0.000000,0
17450,198.675007,64.125000,0.000000,0.000000,0.000000,0
17460,198.787500,64.125000,0.000000,11.249313,0.000000,0
17470,198.787500,64.125000,0.000000,0.000000,0.000000,0
17480,199.350007,64.249998,0.000000,57.622782,12.528474,0
17490,199.575014,64.374996,0.000000,25.739583,29.053491,0
17500,199.575014,64.374996,0.000000,0.000000,0.000000,0
17510,199.687507,64.749996,0.000000,39.150952,73.301718,0
17520,199.687507,64.749996,0.000000,0.000000,0.000000,0
17530,199.800000,64.999998,0.000000,27.414532,65.773727,0
17540,199.800000,65.124996,0.000000,12.499809,90.000000,0
17550,199.800000,65.124996,0.000000,0.000000,0.000000,0
17560,199.912514,65.499996,0.000000,39.151544,73.298831,0
17570,199.912514,65.499996,0.000000,0.000000,0.000000,0
17580,200.137500,66.000000,0.000000,54.829065,65.773727,0
17590,200.475000,66.750000,0.000000,82.243921,65.772255,0
17600,200.475000,66.750000,0.000000,0.000000,0.000000,0
17610,200.700007,67.125000,0.000000,43.732492,59.035472,0
17620,200.700007,67.125000,0.000000,0.000000,0.000000,0
17630,201.037507,67.624998,0.000000,60.324484,55.980549,0
17640,201.150000,67.875000,0.000000,27.414532,65.773727,0
17650,201.150000,67.875000,0.000000,0.000000,0.000000,0
17660,201.375007,67.999998,0.000000,25.739583,29.053491,0
17670,201.487500,68.124996,0.396484,16.816429,48.014092,1
17680,201.487500,68.124996,0.396484,0.000000,0.000000,1
17690,201.487500,67.999998,0.483398,12.499809,-90.000000,1
17700,201.487500,67.999998,0.483398,0.000000,0.000000,1
17710,201.487500,67.999998,0.483398,0.000000,0.000000,1
17720,201.487500,67.999998,0.483398,0.000000,0.000000,1
17730,201.600014,67.749996,0.494141,27.415378,-65.769801,1
17740,201.487500,67.374996,0.575195,39.151544,-106.701169,1
17750,201.487500,67.374996,0.575195,0.000000,0.000000,1
17760,200.250014,65.625000,0.743164,214.332893,-125.265527,1
17770,200.250014,65.625000,0.743164,0.000000,0.000000,1
17780,197.325007,62.749998,0.814453,410.137796,-135.493965,1
17790,194.400000,60.000000,0.846680,401.474217,-136.766357,1
17800,194.400000,60.000000,0.846680,0.000000,0.000000,1
17810,189.450014,55.500000,0.854492,668.972077,-137.726232,1
17820,189.450014,55.500000,0.854492,0.000000,0.000000,1
17830,186.750014,52.999998,0.825195,367.967519,-137.202576,1
17840,184.950000,51.375000,0.701172,242.500892,-137.925229,1
17850,184.950000,51.375000,0.701172,0.000000,0.000000,1
17860,184.050014,50.874996,0.472656,102.955286,-150.944839,1
17870,184.050014,51.000000,0.000000,12.500381,90.000000,0
17880,184.050014,51.000000,0.000000,0.000000,0.000000,0
17890,185.175007,52.125000,0.000000,159.098540,45.000175,0
17900,185.175007,52.125000,0.000000,0.000000,0.000000,0
17910,189.450014,54.750000,0.000000,501.660330,31.551344,0
17920,189.450014,54.750000,0.000000,0.000000,0.000000,0
17930,193.275007,56.499996,0.000000,420.631182,24.584861,0
17940,197.100000,58.125000,0.000000,415.586452,23.017647,0
17950,197.100000,58.125000,0.000000,0.000000,0.000000,0
17960,201.262514,59.250000,0.000000,431.186103,15.123960,0
17970,201.262514,59.250000,0.000000,0.000000,0.000000,0
17980,206.212500,60.375000,0.000000,507.621799,12.804300,0
17990,209.025014,60.375000,0.000000,281.251373,0.000000,0
18000,209.025014,60.375000,0.000000,0.000000,0.000000,0
18010,210.825007,60.000000,0.000000,183.864088,-11.768333,0
18020,210.825007,60.000000,0.000000,0.000000,0.000000,0
18030,211.500007,59.625000,0.000000,77.217226,-29.054604,0
18040,211.725014,59.250000,0.000000,43.732492,-59.035472,0
18050,211.725014,59.250000,0.000000,0.000000,0.000000,0
18060,211.837507,58.374996,0.000000,88.220541,-82.674067,0
18070,211.837507,58.374996,0.000000,0.000000,0.000000,0
18080,211.612500,57.750000,0.000000,66.426525,-109.799545,0
18090,211.275000,57.124998,0.000000,71.030531,-118.368973,0
18100,211.275000,57.124998,0.000000,0.000000,0.000000,0
18110,210.937500,56.749998,0.328125,50.451090,-131.987212,1
18120,210.937500,56.749998,0.328125,0.000000,0.000000,1
18130,211.050014,56.749998,0.328125,11.251373,0.000000,1
18140,211.162507,56.874996,0.282227,16.816429,48.014092,1
18150,211.162507,56.874996,0.282227,0.000000,0.000000,1
18160,211.275000,56.874996,0.282227,11.249313,0.000000,1
18170,211.275000,56.874996,0.282227,0.000000,0.000000,1
18180,211.275000,56.874996,0.282227,0.000000,0.000000,1
18190,211.275000,56.749998,0.420898,12.499809,-90.000000,1
18200,211.275000,56.749998,0.420898,0.000000,0.000000,1
18210,210.825007,55.624998,0.627930,121.165953,-111.801108,1
18220,210.825007,55.624998,0.627930,0.000000,0.000000,1
18230,208.800007,53.625000,0.685547,284.615835,-135.355897,1
18240,206.437507,51.874998,0.742188,294.005322,-143.471115,1
18250,206.437507,51.874998,0.742188,0.000000,0.000000,1
18260,203.625014,49.749996,0.793945,352.501783,-142.926835,1
18270,203.625014,49.749996,0.793945,0.000000,0.000000,1
18280,199.012507,46.624998,0.808594,557.143004,-145.882150,1
18290,196.200014,44.874996,0.774414,331.249518,-148.109117,1
18300,196.200014,44.874996,0.774414,0.000000,0.000000,1
18310,194.175014,43.624998,0.663086,237.973113,-148.313671,1
18320,194.175014,43.624998,0.663086,0.000000,0.000000,1
18330,193.162514,43.374996,0.000000,104.290805,-166.130212,0
18340,193.275007,43.749996,0.000000,39.150952,73.301718,0
18350,193.275007,43.749996,0.000000,0.000000,0.000000,0
18360,196.762500,47.124996,0.000000,485.316735,44.060865,0
18370,196.762500,47.124996,0.000000,0.000000,0.000000,0
18380,201.262514,49.500000,0.000000,508.829703,27.824062,0
18390,204.862500,51.124998,0.000000,394.974935,24.293944,0
18400,204.862500,51.124998,0.000000,0.000000,0.000000,0
18410,210.600000,53.124996,0.000000,607.609238,19.217714,0
18420,210.600000,53.124996,0.000000,0.000000,0.000000,0
18430,210.600000,53.124996,0.000000,0.000000,0.000000,0
18440,210.600000,53.124996,0.000000,0.000000,0.000000,0
18450,210.600000,53.124996,0.000000,0.000000,0.000000,0
18460,210.600000,53.124996,0.000000,0.000000,0.000000,0
18470,210.600000,53.124996,0.000000,0.000000,0.000000,0
18480,210.600000,53.124996,0.000000,0.000000,0.000000,0
18490,210.600000,53.124996,0.000000,0.000000,0.000000,0
18500,210.600000,53.124996,0.000000,0.000000,0.000000,0
18510,210.600000,53.124996,0.000000,0.000000,0.000000,0
18520,210.600000,53.124996,0.000000,0.000000,0.000000,0
18530,210.600000,53.124996,0.000000,0.000000,0.000000,0
18540,210.600000,53.124996,0.000000,0.000000,0.000000,0
18550,210.600000,53.124996,0.000000,0.000000,0.000000,0
18560,210.600000,53.124996,0.000000,0.000000,0.000000,0
18570,210.600000,53.124996,0.000000,0.000000,0.000000,0
18580,210.600000,53.124996,0.000000,0.000000,0.000000,0
18590,210.600000,53.124996,0.000000,0.000000,0.000000,0
18600,210.600000,53.124996,0.000000,0.000000,0.000000,0
18610,210.600000,53.124996,0.000000,0.000000,0.000000,0
18620,210.600000,53.124996,0.000000,0.000000,0.000000,0
18630,210.600000,53.124996,0.000000,0.000000,0.000000,0
18640,210.600000,53.124996,0.000000,0.000000,0.000000,0
18650,210.600000,53.124996,0.000000,0.000000,0.000000,0
18660,210.600000,53.124996,0.000000,0.000000,0.000000,0
18670,210.600000,53.124996,0.000000,0.000000,0.000000,0
18680,210.600000,53.124996,0.000000,0.000000,0.000000,0
18690,210.600000,53.124996,0.000000,0.000000,0.000000,0
18700,210.600000,53.124996,0.000000,0.000000,0.000000,0
18710,210.600000,53.124996,0.000000,0.000000,0.000000,0
18720,210.600000,53.124996,0.000000,0.000000,0.000000,0
18730,210.600000,53.124996,0.000000,0.000000,0.000000,0
18740,210.600000,53.124996,0.000000,0.000000,0.000000,0
18750,210.600000,53.124996,0.000000,0.000000,0.000000,0
18760,215.887507,44.625000,0.000000,1001.037782,-58.115913,0
18770,215.887507,44.625000,0.000000,0.000000,0.000000,0
18780,215.887507,44.625000,0.000000,0.000000,0.000000,0
18790,215.887507,44.625000,0.000000,0.000000,0.000000,0
18800,215.887507,44.625000,0.000000,0.000000,0.000000,0
18810,215.887507,44.625000,0.000000,0.000000,0.000000,0
18820,215.887507,44.625000,0.000000,0.000000,0.000000,0
18830,215.887507,44.625000,0.000000,0.000000,0.000000,0
18840,215.887507,44.625000,0.000000,0.000000,0.000000,0
18850,215.887507,44.625000,0.000000,0.000000,0.000000,0
18860,215.887507,44.625000,0.071289,0.000000,0.000000,1
18870,215.887507,44.625000,0.071289,0.000000,0.000000,1
18880,215.887507,44.625000,0.071289,0.000000,0.000000,1
18890,215.887507,44.625000,0.071289,0.000000,0.000000,1
18900,215.887507,44.625000,0.071289,0.000000,0.000000,1
18910,215.887507,44.499996,0.510742,12.500381,-90.000000,1
18920,215.887507,44.499996,0.510742,0.000000,0.000000,1
18930,215.887507,44.124996,0.488281,37.500000,-90.000000,1
18940,215.887507,43.500000,0.490234,62.499619,-90.000000,1
18950,215.887507,43.500000,0.490234,0.000000,0.000000,1
18960,215.887507,42.499998,0.524414,100.000191,-90.000000,1
18970,215.887507,42.499998,0.524414,0.000000,0.000000,1
18980,215.887507,38.874996,0.583984,362.500191,-90.000000,1
18990,215.887507,36.624996,0.637695,225.000000,-90.000000,1
19000,215.887507,36.624996,0.637695,0.000000,0.000000,1
19010,215.887507,34.374996,0.686523,225.000000,-90.000000,1
19020,215.887507,34.374996,0.686523,0.000000,0.000000,1
19030,215.887507,30.874992,0.757813,350.000381,-90.000000,1
19040,215.775014,28.374996,0.803711,250.252585,-92.576419,1
19050,215.775014,28.374996,0.803711,0.000000,0.000000,1
19060,212.512507,25.749996,0.835938,418.743072,-141.179983,1
19070,212.512507,25.749996,0.835938,0.000000,0.000000,1
19080,209.137507,23.124996,0.862305,427.565784,-142.125016,1
19090,204.975014,20.499996,0.883789,492.107448,-147.763171,1
19100,204.975014,20.499996,0.883789,0.000000,0.000000,1
19110,200.475000,17.625000,0.901367,534.001186,-147.426057,1
19120,200.475000,17.625000,0.901367,0.000000,0.000000,1
19130,192.937507,14.124996,0.911133,831.046506,-155.092396,1
19140,187.875007,12.124992,0.912109,544.324549,-158.442883,1
19150,187.875007,12.124992,0.912109,0.000000,0.000000,1
19160,183.037514,10.500000,0.889648,510.313041,-161.431965,1
19170,178.537500,9.249996,0.820313,467.039968,-164.475889,1
19180,178.537500,9.249996,0.820313,0.000000,0.000000,1
19190,172.912514,8.374992,0.208984,569.263579,-171.158126,1
