时间（ms）,X坐标（mm）,Y坐标（mm）,压力（0-1）,速度（mm/s）,角度（度）,落笔情况（1落笔/0抬笔）
0,28.462501,83.624997,0.199219,0.000000,0.000000,1
10,28.462501,83.624997,0.199219,0.000000,0.000000,1
20,28.462501,83.624997,0.199219,0.000000,0.000000,1
30,28.462501,83.624997,0.199219,0.000000,0.000000,1
40,28.462501,83.624997,0.199219,0.000000,0.000000,1
50,28.462501,83.624997,0.199219,0.000000,0.000000,1
60,28.237500,83.624997,0.400391,22.500086,180.000000,1
70,28.237500,83.624997,0.400391,0.000000,0.000000,1
80,28.237500,83.624997,0.400391,0.000000,0.000000,1
90,28.237500,83.624997,0.400391,0.000000,0.000000,1
100,28.237500,83.624997,0.400391,0.000000,0.000000,1
110,28.237500,83.624997,0.400391,0.000000,0.000000,1
120,28.237500,83.499999,0.446289,12.499809,-90.000000,1
130,28.237500,83.499999,0.446289,0.000000,0.000000,1
140,28.462501,83.249998,0.452148,33.634188,-48.012788,1
150,28.687500,82.874999,0.456055,43.731991,-59.036324,1
160,28.687500,82.874999,0.456055,0.000000,0.000000,1
170,29.137500,82.624998,0.458984,51.478160,-29.054720,1
180,29.362500,82.500000,0.462891,25.739058,-29.054140,1
190,29.812500,82.374997,0.465820,46.703889,-15.524463,1
200,30.150001,82.374997,0.469727,33.750129,0.000000,1
210,30.937500,82.374997,0.476563,78.749871,0.000000,1
220,31.500000,82.500000,0.483398,57.622215,12.529085,1
230,32.287501,82.750001,0.487305,82.623125,17.612623,1
240,33.187500,83.125000,0.492188,97.499884,22.619833,1
250,33.975001,83.624997,0.498047,93.282085,32.412130,1
260,35.550000,84.625001,0.526367,186.564500,32.412413,1
270,36.337499,85.124998,0.536133,93.281904,32.412201,1
280,37.912501,86.250000,0.544922,193.552569,35.537694,1
290,38.812500,86.875000,0.547852,109.572965,34.777857,1
300,40.837499,88.125000,0.555664,237.973140,31.686379,1
310,41.850001,88.750000,0.555664,118.986752,31.686324,1
320,42.975001,89.625001,0.560547,142.521987,37.875014,1
330,45.225001,91.250000,0.568359,277.544986,35.837637,1
340,45.225001,91.250000,0.568359,0.000000,0.000000,1
350,47.700002,92.999997,0.575195,303.119106,35.262958,1
360,48.937500,93.750000,0.578125,144.703362,31.218535,1
370,51.187500,95.125000,0.581055,263.687814,31.429574,1
380,52.087499,95.750000,0.583984,109.572965,34.777857,1
390,53.887502,96.750000,0.583984,205.912782,29.054546,1
400,54.787501,97.124999,0.586914,97.499884,22.619833,1
410,55.687500,97.500000,0.586914,97.499976,22.619962,1
420,57.262502,98.125000,0.589844,169.447792,21.644414,1
430,57.262502,98.125000,0.589844,0.000000,0.000000,1
440,58.725001,98.625000,0.595703,154.560773,18.874543,1
450,59.287501,98.750000,0.601563,57.622163,12.528854,1
460,60.075002,98.999999,0.609375,82.623053,17.612465,1
470,60.412501,99.124999,0.613281,35.990386,20.323255,1
480,60.750000,99.124999,0.616211,33.749914,0.000000,1
490,60.862503,99.124999,0.616211,11.250257,0.000000,1
500,60.862503,99.124999,0.616211,0.000000,0.000000,1
510,60.975001,99.124999,0.619141,11.249828,0.000000,1
520,60.975001,99.124999,0.619141,0.000000,0.000000,1
530,60.975001,99.124999,0.619141,0.000000,0.000000,1
540,60.637502,98.999999,0.624023,35.990386,-159.676745,1
550,60.075002,98.750000,0.000000,61.555303,-156.037633,0
560,58.837499,98.625000,0.000000,124.379972,-174.232101,0
570,57.149999,98.625000,0.000000,168.750000,180.000000,0
580,56.475001,98.625000,0.000000,67.499828,180.000000,0
590,56.475001,98.625000,0.000000,0.000000,0.000000,0
600,54.675003,98.625000,0.000000,179.999828,180.000000,0
610,54.112503,98.625000,0.000000,56.250000,180.000000,0
620,53.662501,98.750000,0.000000,46.704032,164.475889,0
630,53.774999,98.875000,0.000000,16.816951,48.013331,0
640,53.887502,98.999999,0.000000,16.817061,48.011701,0
650,53.325002,99.124999,0.000000,57.622163,167.471146,0
660,52.762502,99.375000,0.000000,61.555400,156.037430,0
670,52.425003,99.749999,0.000000,50.450962,131.987212,0
680,52.425003,99.749999,0.000000,0.000000,0.000000,0
690,50.962499,100.374999,0.000000,159.045317,156.860587,0
700,50.399999,100.500000,0.000000,57.622163,167.471146,0
710,50.062500,100.750000,0.000000,42.000732,143.470970,0
720,49.500000,101.125000,0.000000,67.604034,146.310000,0
730,49.274999,101.250000,0.000000,25.739174,150.945396,0
740,49.162501,101.375000,0.000000,16.816951,131.986669,0
750,48.937500,101.499999,0.000000,25.739058,150.945860,0
760,48.825002,101.499999,0.000000,11.249828,180.000000,0
770,48.825002,101.624999,0.000000,12.500048,90.000000,0
780,48.712499,102.000000,0.000000,39.151360,106.699545,0
790,48.712499,102.000000,0.000000,0.000000,0.000000,0
800,48.600001,102.749999,0.000000,75.838842,98.530659,0
810,48.600001,103.000000,0.000000,25.000095,90.000000,0
820,48.600001,103.250000,0.000000,25.000095,90.000000,0
830,48.600001,103.499999,0.000000,24.999857,90.000000,0
840,48.600001,103.999999,0.000000,49.999952,90.000000,0
850,48.600001,104.250000,0.000000,25.000095,90.000000,0
860,48.600001,104.500000,0.000000,25.000095,90.000000,0
870,48.487503,104.875000,0.000000,39.151009,106.699044,0
880,48.487503,104.875000,0.000000,0.000000,0.000000,0
890,48.375000,105.374999,0.000000,51.250010,102.680676,0
900,48.375000,105.500000,0.000000,12.500048,90.000000,0
910,48.262502,105.750000,0.000000,27.414657,114.227336,0
920,48.262502,106.250000,0.000000,49.999952,90.000000,0
930,48.262502,106.499999,0.000000,24.999857,90.000000,0
940,48.262502,107.000000,0.000000,50.000191,90.000000,0
950,48.375000,107.249999,0.000000,27.414439,65.772459,0
960,48.712499,107.625000,0.000000,50.451139,48.012969,0
970,48.825002,107.874999,0.000000,27.414615,65.771641,0
980,48.937500,108.125000,0.000000,27.414657,65.772664,0
990,49.274999,108.499999,0.000000,50.450962,48.012788,0
1000,49.387502,108.750000,0.000000,27.414833,65.771846,0
1010,49.500000,108.999999,0.000000,27.414439,65.772459,0
1020,49.837499,109.375000,0.000000,50.451139,48.012969,0
1030,49.950002,109.500000,0.000000,16.817238,48.012244,0
1040,50.062500,109.624999,0.000000,16.816773,48.012788,0
1050,50.175003,109.749999,0.192383,16.817238,48.012244,1
1060,50.175003,109.749999,0.192383,0.000000,0.000000,1
1070,50.175003,109.749999,0.192383,0.000000,0.000000,1
1080,50.175003,109.749999,0.192383,0.000000,0.000000,1
1090,50.175003,109.749999,0.192383,0.000000,0.000000,1
1100,50.175003,109.749999,0.192383,0.000000,0.000000,1
1110,50.175003,109.749999,0.192383,0.000000,0.000000,1
1120,50.175003,109.749999,0.192383,0.000000,0.000000,1
1130,50.175003,109.749999,0.192383,0.000000,0.000000,1
1140,50.287501,109.250000,0.420898,51.249916,-77.319792,1
1150,50.287501,108.875000,0.445313,37.499905,-90.000000,1
1160,50.287501,108.875000,0.445313,0.000000,0.000000,1
1170,50.287501,107.375000,0.479492,150.000095,-90.000000,1
1180,50.287501,106.499999,0.490234,87.500095,-90.000000,1
1190,50.287501,104.749999,0.515625,174.999952,-90.000000,1
1200,50.287501,103.999999,0.527344,75.000048,-90.000000,1
1210,50.287501,102.375000,0.543945,162.499905,-90.000000,1
1220,50.287501,101.499999,0.550781,87.500095,-90.000000,1
1230,50.287501,99.624999,0.563477,187.500000,-90.000000,1
1240,50.399999,98.499999,0.569336,113.061036,-84.289491,1
1250,50.399999,98.499999,0.569336,0.000000,0.000000,1
1260,50.512502,96.375000,0.588867,212.797457,-86.969452,1
1270,50.625000,95.249999,0.594727,113.061273,-84.289503,1
1280,50.737503,92.874999,0.612305,237.766263,-87.287954,1
1290,50.850001,91.624999,0.622070,125.505214,-84.857313,1
1300,50.962499,89.249997,0.625000,237.766480,-87.288060,1
1310,51.075002,88.125000,0.631836,113.060842,-84.289263,1
1320,51.300003,85.625000,0.635742,251.010466,-84.857216,1
1330,51.412501,84.375000,0.636719,125.505214,-84.857313,1
1340,51.412501,84.375000,0.636719,0.000000,0.000000,1
1350,51.637502,80.250001,0.654297,413.113090,-86.877857,1
1360,51.637502,80.250001,0.654297,0.000000,0.000000,1
1370,51.750000,77.374997,0.671875,287.720399,-87.759172,1
1380,51.750000,75.999999,0.679688,137.499809,-90.000000,1
1390,51.750000,72.999997,0.684570,300.000191,-90.000000,1
1400,51.750000,71.500001,0.686523,149.999619,-90.000000,1
1410,51.750000,69.874997,0.686523,162.500381,-90.000000,1
1420,51.750000,66.749997,0.687500,312.500000,-90.000000,1
1430,51.750000,65.124998,0.687500,162.499905,-90.000000,1
1440,51.637502,63.624997,0.689453,150.421366,-94.289085,1
1450,51.412501,60.749998,0.691406,288.379002,-94.474915,1
1460,51.300003,59.499998,0.692383,125.505214,-95.142687,1
1470,51.075002,58.249998,0.692383,127.008873,-100.204012,1
1480,50.962499,56.374998,0.692383,187.837212,-93.433709,1
1490,50.850001,55.625000,0.692383,75.838842,-98.530659,1
1500,50.850001,55.124998,0.692383,50.000191,-90.000000,1
1510,50.737503,54.499998,0.692383,63.504399,-100.203821,1
1520,50.737503,54.375000,0.689453,12.499809,-90.000000,1
1530,50.625000,54.250002,0.679688,16.817061,-131.988299,1
1540,50.625000,54.124994,0.669922,12.500763,-90.000000,1
1550,50.625000,53.999996,0.653320,12.499809,-90.000000,1
1560,50.625000,53.999996,0.653320,0.000000,0.000000,1
1570,50.175003,55.875001,0.139648,192.824806,103.495626,1
1580,50.175003,55.875001,0.000000,0.000000,0.000000,0
1590,49.387502,57.874999,0.000000,214.945341,111.492080,0
1600,47.925003,60.499997,0.000000,300.491576,119.124057,0
1610,47.250000,61.749997,0.000000,142.060849,118.369138,0
1620,46.687500,62.999997,0.000000,137.073201,114.227745,0
1630,45.899999,65.250001,0.000000,238.383615,109.290035,0
1640,45.899999,66.374998,0.000000,112.499714,90.000000,0
1650,45.450002,67.500000,0.000000,121.166290,111.801263,0
1660,45.450002,68.624997,0.000000,112.499714,90.000000,0
1670,45.450002,68.624997,0.000000,0.000000,0.000000,0
1680,45.450002,68.624997,0.000000,0.000000,0.000000,0
1690,45.225001,75.000000,0.000000,637.897224,92.021372,0
1700,45.225001,75.250001,0.000000,25.000095,90.000000,0
1710,45.225001,75.250001,0.000000,0.000000,0.000000,0
1720,45.225001,75.499997,0.000000,24.999619,90.000000,0
1730,45.225001,75.749998,0.000000,25.000095,90.000000,0
1740,45.225001,75.875001,0.000000,12.500286,90.000000,0
1750,45.337499,75.999999,0.000000,16.816773,48.012788,0
1760,45.337499,76.124997,0.000000,12.499809,90.000000,0
1770,45.337499,76.374998,0.000000,25.000095,90.000000,0
1780,45.450002,76.624999,0.000000,27.414833,65.771846,0
1790,45.562500,76.624999,0.000000,11.249828,0.000000,0
1800,45.562500,76.624999,0.000000,0.000000,0.000000,0
1810,45.562500,76.374998,0.000000,25.000095,-90.000000,0
1820,45.675003,75.875001,0.000000,51.249777,-77.319265,0
1830,45.675003,75.749998,0.000000,12.500286,-90.000000,0
1840,45.675003,75.499997,0.000000,25.000095,-90.000000,0
1850,45.675003,75.499997,0.000000,0.000000,0.000000,0
1860,45.675003,75.499997,0.000000,0.000000,0.000000,0
1870,45.675003,75.499997,0.000000,0.000000,0.000000,0
1880,45.675003,75.499997,0.000000,0.000000,0.000000,0
1890,45.675003,75.499997,0.000000,0.000000,0.000000,0
1900,45.675003,75.875001,0.000000,37.500381,90.000000,0
1910,45.787501,76.124997,0.000000,27.414222,65.772255,0
1920,45.787501,76.374998,0.000000,25.000095,90.000000,0
1930,45.787501,76.875000,0.000000,50.000191,90.000000,0
1940,45.787501,76.999998,0.000000,12.499809,90.000000,0
1950,45.787501,77.125001,0.000000,12.500286,90.000000,0
1960,45.787501,77.249999,0.000000,12.499809,90.000000,0
1970,45.787501,77.249999,0.000000,0.000000,0.000000,0
1980,45.675003,77.374997,0.000000,16.816773,131.987212,0
1990,45.675003,77.374997,0.000000,0.000000,0.000000,0
2000,45.450002,77.500000,0.000000,25.739289,150.944932,0
2010,45.337499,77.500000,0.000000,11.250257,180.000000,0
2020,45.225001,77.500000,0.000000,11.249828,180.000000,0
2030,45.112503,77.624998,0.000000,16.816773,131.987212,0
2040,45.112503,77.624998,0.000000,0.000000,0.000000,0
2050,45.112503,77.750001,0.000000,12.500286,90.000000,0
2060,45.000000,77.874999,0.000000,16.817061,131.988299,0
2070,45.000000,77.874999,0.000000,0.000000,0.000000,0
2080,45.000000,77.999997,0.000000,12.499809,90.000000,0
2090,45.000000,77.999997,0.000000,0.000000,0.000000,0
2100,45.000000,77.999997,0.000000,0.000000,0.000000,0
2110,44.887502,78.249998,0.000000,27.414657,114.227336,0
2120,44.887502,78.499999,0.000000,25.000095,90.000000,0
2130,44.887502,78.750000,0.000000,25.000095,90.000000,0
2140,44.887502,79.249997,0.000000,49.999714,90.000000,0
2150,44.887502,79.499998,0.000000,25.000095,90.000000,0
2160,45.000000,79.749999,0.000000,27.414657,65.772664,0
2170,45.112503,80.374999,0.000000,63.504475,79.795798,0
2180,45.112503,80.625000,0.000000,25.000095,90.000000,0
2190,45.225001,80.875001,0.000000,27.414657,65.772664,0
2200,45.450002,81.374998,0.000000,54.829055,65.772050,0
2210,45.562500,81.624999,0.000000,27.414657,65.772664,0
2220,45.675003,81.749997,0.000000,16.817061,48.011701,0
2230,46.012502,82.249999,0.000000,60.324753,55.980819,0
2240,46.125000,82.500000,0.000000,27.414657,65.772664,0
2250,46.350001,82.750001,0.000000,33.634188,48.012788,0
2260,46.462499,82.999997,0.000000,27.414222,65.772255,0
2270,46.800003,83.624997,0.000000,71.030526,61.630710,0
2280,47.024999,84.000001,0.000000,43.732290,59.036886,0
2290,47.250000,84.375000,0.000000,43.732102,59.036083,0
2300,47.700002,85.000000,0.000000,77.014709,54.246009,0
2310,47.925003,85.374999,0.000000,43.732102,59.036083,0
2320,48.037501,85.749998,0.261719,39.151009,73.300956,1
2330,48.037501,85.749998,0.261719,0.000000,0.000000,1
2340,48.037501,85.749998,0.261719,0.000000,0.000000,1
2350,48.037501,85.749998,0.261719,0.000000,0.000000,1
2360,48.037501,85.749998,0.261719,0.000000,0.000000,1
2370,48.037501,85.749998,0.261719,0.000000,0.000000,1
2380,47.587499,86.250000,0.476563,67.268377,131.987212,1
2390,47.362503,86.250000,0.487305,22.499657,180.000000,1
2400,47.137502,86.250000,0.498047,22.500086,180.000000,1
2410,46.462499,85.875001,0.508789,77.217405,-150.945551,1
2420,46.125000,85.250001,0.512695,71.030322,-118.368985,1
2430,45.675003,84.375000,0.514648,98.393310,-117.215953,1
2440,44.550003,81.875000,0.521484,274.146402,-114.227745,1
2450,44.550003,81.875000,0.521484,0.000000,0.000000,1
2460,43.425003,78.750000,0.532227,332.133256,-109.798876,1
2470,42.300003,75.374999,0.541992,355.756327,-108.434944,1
2480,41.850001,73.624997,0.548828,180.693337,-104.420811,1
2490,41.287501,71.999998,0.562500,171.960116,-109.093502,1
2500,40.837499,70.499997,0.582031,156.604738,-106.699294,1
2510,40.162501,68.249998,0.611328,234.906756,-106.699211,1
2520,39.937500,67.374997,0.619141,90.346669,-104.420811,1
2530,39.487503,66.374998,0.631836,109.658368,-114.227643,1
2540,39.487503,66.374998,0.631836,0.000000,0.000000,1
2550,39.262502,65.749998,0.634766,66.426680,-109.798946,1
2560,38.812500,65.250001,0.639648,67.268022,-131.987484,1
2570,38.587499,65.000000,0.639648,33.634188,-131.987212,1
2580,38.362503,64.749999,0.639648,33.633901,-131.986669,1
2590,38.250000,64.499998,0.633789,27.414833,-114.228154,1
2600,38.024999,64.499998,0.620117,22.500086,180.000000,1
2610,38.024999,65.000000,0.557617,50.000191,90.000000,1
2620,38.137502,66.374998,0.000000,137.959291,85.322469,0
2630,38.137502,66.374998,0.000000,0.000000,0.000000,0
2640,38.587499,69.749999,0.000000,340.486844,82.405402,0
2650,39.149999,71.999998,0.000000,231.924599,75.963751,0
2660,39.600001,72.874999,0.000000,98.393507,62.783825,0
2670,40.162501,73.499999,0.000000,84.085150,48.012788,0
2680,41.512502,75.000000,0.000000,201.804489,48.012788,0
2690,42.300003,75.875001,0.000000,117.719339,48.012788,0
2700,42.975001,76.749997,0.000000,110.509774,52.352329,0
2710,44.774999,78.499999,0.000000,251.047814,44.193129,0
2720,44.774999,78.499999,0.000000,0.000000,0.000000,0
2730,47.250000,80.374999,0.000000,310.503692,37.146677,0
2740,48.487503,81.250000,0.000000,151.559866,35.262985,0
2750,49.612503,81.999998,0.000000,135.208067,33.690000,0
2760,51.187500,82.750001,0.000000,174.445441,25.463466,0
2770,51.975001,82.750001,0.000000,78.750086,0.000000,0
2780,53.325002,82.374997,0.000000,140.111747,-15.524252,0
2790,53.887502,82.374997,0.000000,56.250000,0.000000,0
2800,54.787501,82.999997,0.000000,109.572965,34.777857,0
2810,55.125000,82.999997,0.000000,33.749914,0.000000,0
2820,55.125000,82.999997,0.000000,0.000000,0.000000,0
2830,55.687500,82.874999,0.000000,57.622111,-12.528623,0
2840,55.800003,82.750001,0.000000,16.817061,-48.011701,0
2850,55.800003,82.750001,0.000000,0.000000,0.000000,0
2860,55.912501,82.624998,0.000000,16.817128,-48.013874,0
2870,55.800003,82.624998,0.000000,11.249828,180.000000,0
2880,55.800003,82.624998,0.000000,0.000000,0.000000,0
2890,55.237503,82.999997,0.000000,67.604034,146.310000,0
2900,55.012502,83.125000,0.000000,25.739289,150.944932,0
2910,54.787501,83.375001,0.000000,33.634188,131.987212,0
2920,54.337499,83.750000,0.000000,58.576943,140.194608,0
2930,54.112503,84.000001,0.000000,33.633901,131.986669,0
2940,54.000000,84.124999,0.000000,16.817061,131.988299,0
2950,53.887502,84.249997,0.000000,16.816773,131.987212,0
2960,53.887502,84.249997,0.000000,0.000000,0.000000,0
2970,53.887502,84.499998,0.000000,25.000095,90.000000,0
2980,53.887502,84.625001,0.000000,12.500286,90.000000,0
2990,53.887502,84.749999,0.305664,12.499809,90.000000,1
3000,53.887502,84.749999,0.305664,0.000000,0.000000,1
3010,53.887502,84.749999,0.305664,0.000000,0.000000,1
3020,53.887502,84.749999,0.305664,0.000000,0.000000,1
3030,53.887502,84.749999,0.305664,0.000000,0.000000,1
3040,53.887502,84.749999,0.305664,0.000000,0.000000,1
3050,54.000000,84.249997,0.505859,51.250148,-77.319851,1
3060,54.225001,83.624997,0.523438,66.426680,-70.201054,1
3070,55.125000,81.624999,0.556641,219.316913,-65.772255,1
3080,55.575002,80.625000,0.573242,109.658544,-65.772152,1
3090,56.137502,79.625001,0.591797,114.734665,-60.642223,1
3100,57.262502,77.750001,0.631836,218.660696,-59.036243,1
3110,57.262502,77.750001,0.631836,0.000000,0.000000,1
3120,58.274999,75.999999,0.665039,202.179567,-59.947643,1
3130,58.837499,75.250001,0.678711,93.749847,-53.130032,1
3140,60.075002,74.249997,0.704102,159.104376,-38.941061,1
3150,60.750000,74.000001,0.715820,71.980607,-20.322900,1
3160,61.987503,73.750000,0.734375,126.250271,-11.421206,1
3170,62.437500,73.750000,0.739258,44.999743,0.000000,1
3180,62.437500,73.750000,0.739258,0.000000,0.000000,1
3190,63.000000,73.750000,0.750000,56.250000,0.000000,1
3200,63.000000,73.750000,0.750000,0.000000,0.000000,1
3210,63.337499,73.874998,0.751953,35.990303,20.322900,1
3220,63.337499,74.000001,0.753906,12.500286,90.000000,1
3230,63.337499,74.000001,0.753906,0.000000,0.000000,1
3240,63.337499,74.000001,0.753906,0.000000,0.000000,1
3250,63.337499,74.000001,0.753906,0.000000,0.000000,1
3260,63.112503,74.249997,0.745117,33.633547,131.987212,1
3270,62.887502,74.375000,0.658203,25.739289,150.944932,1
3280,61.649999,75.000000,0.000000,138.637571,153.203967,0
3290,61.087499,75.250001,0.000000,61.555400,156.037430,0
3300,60.524999,75.625000,0.000000,67.604034,146.310000,0
3310,60.412501,76.749997,0.000000,113.060799,95.710521,0
3320,60.412501,77.374997,0.000000,62.500000,90.000000,0
3330,60.524999,77.874999,0.000000,51.250148,77.319851,0
3340,61.312500,78.874998,0.000000,127.285337,51.779511,0
3350,61.875000,79.499998,0.000000,84.085150,48.012788,0
3360,62.437500,80.000000,0.000000,75.260093,41.633648,0
3370,63.675003,80.999999,0.000000,159.104076,38.940927,0
3380,64.237503,81.500001,0.000000,75.260093,41.633648,0
3390,64.687500,81.875000,0.000000,58.576614,39.805661,0
3400,65.137502,82.624998,0.000000,87.464203,59.036083,0
3410,65.137502,82.750001,0.000000,12.500286,90.000000,0
3420,65.137502,82.999997,0.000000,24.999619,90.000000,0
3430,65.587499,83.624997,0.000000,77.014459,54.246268,0
3440,65.812500,83.874998,0.000000,33.634188,48.012788,0
3450,65.925003,84.375000,0.000000,51.250243,77.319382,0
3460,66.037501,85.000000,0.000000,63.504399,79.796179,0
3470,65.925003,85.250001,0.000000,27.414657,114.227336,0
3480,65.587499,85.374999,0.000000,35.990706,159.677338,0
3490,64.687500,85.749998,0.000000,97.499884,157.380167,0
3500,64.125000,85.749998,0.000000,56.250000,180.000000,0
3510,63.675003,85.749998,0.000000,44.999743,180.000000,0
3520,63.000000,85.875001,0.000000,68.647956,169.508327,0
3530,62.550003,85.875001,0.000000,44.999743,180.000000,0
3540,62.212499,85.875001,0.000000,33.750343,180.000000,0
3550,61.312500,85.875001,0.000000,89.999914,180.000000,0
3560,60.975001,85.875001,0.000000,33.749914,180.000000,0
3570,60.637502,85.875001,0.000000,33.749914,180.000000,0
3580,60.412501,85.875001,0.000000,22.500086,180.000000,0
3590,60.187500,85.749998,0.000000,25.739289,-150.944932,0
3600,60.075002,85.625000,0.000000,16.816773,-131.987212,0
3610,60.075002,85.625000,0.000000,0.000000,0.000000,0
3620,59.962499,85.124998,0.000000,51.250243,-102.680618,0
3630,59.962499,85.000000,0.282227,12.499809,-90.000000,1
3640,59.962499,85.000000,0.282227,0.000000,0.000000,1
3650,59.962499,85.000000,0.282227,0.000000,0.000000,1
3660,59.962499,85.000000,0.282227,0.000000,0.000000,1
3670,59.962499,85.000000,0.282227,0.000000,0.000000,1
3680,59.962499,85.000000,0.282227,0.000000,0.000000,1
3690,59.962499,84.499998,0.405273,50.000191,-90.000000,1
3700,60.075002,84.375000,0.414063,16.817061,-48.011701,1
3710,60.300003,84.249997,0.433594,25.739289,-29.055068,1
3720,60.412501,84.124999,0.447266,16.816773,-48.012788,1
3730,60.524999,84.124999,0.462891,11.249828,0.000000,1
3740,60.862503,84.000001,0.490234,35.990706,-20.322662,1
3750,60.862503,84.000001,0.490234,0.000000,0.000000,1
3760,61.425003,83.874998,0.505859,57.622215,-12.529085,1
3770,61.649999,83.874998,0.510742,22.499657,0.000000,1
3780,62.774999,84.000001,0.522461,113.192346,6.340336,1
3790,63.562500,84.249997,0.528320,82.622981,17.612308,1
3800,65.587499,85.124998,0.541016,220.595743,23.369145,1
3810,66.487503,85.625000,0.548828,102.956694,29.054604,1
3820,67.387502,86.124997,0.556641,102.956087,29.054488,1
3830,69.300003,87.125001,0.565430,215.816291,27.604059,1
3840,69.300003,87.125001,0.565430,0.000000,0.000000,1
3850,71.437500,88.249998,0.580078,241.547383,27.758509,1
3860,72.562500,88.750000,0.586914,123.110800,23.962570,1
3870,74.812500,89.874997,0.600586,251.557520,26.564993,1
3880,75.937500,90.499997,0.606445,128.695377,29.054604,1
3890,78.412505,91.999998,0.619141,289.407211,31.218366,1
3900,79.762502,92.750001,0.627930,154.434291,29.054759,1
3910,80.887502,93.499999,0.630859,135.208067,33.690000,1
3920,83.250000,95.000000,0.640625,279.846404,32.412342,1
3930,84.262502,95.750000,0.645508,126.002398,36.528826,1
3940,85.275003,96.375000,0.648438,118.986752,31.686324,1
3950,86.287505,97.000000,0.648438,118.986752,31.686324,1
3960,88.087503,98.000000,0.655273,205.912406,29.054604,1
3970,88.987498,98.374999,0.655273,97.499488,22.619930,1
3980,90.225005,98.999999,0.661133,138.637955,26.795953,1
3990,90.562500,99.250000,0.665039,42.000387,36.529378,1
4000,90.900003,99.375000,0.667969,35.990789,20.323018,1
4010,91.350005,99.624999,0.670898,51.478231,29.054372,1
4020,91.575002,99.624999,0.671875,22.499657,0.000000,1
4030,91.799998,99.749999,0.671875,25.738798,29.055068,1
4040,91.912505,99.875000,0.672852,16.817525,48.011157,1
4050,92.025003,99.875000,0.673828,11.249828,0.000000,1
4060,92.025003,99.875000,0.673828,0.000000,0.000000,1
4070,91.912505,99.875000,0.676758,11.249828,180.000000,1
4080,91.462503,99.875000,0.632813,45.000172,180.000000,1
4090,90.562500,99.624999,0.000000,93.408065,-164.475889,0
4100,90.562500,99.624999,0.000000,0.000000,0.000000,0
4110,88.424998,98.999999,0.000000,222.700215,-163.701216,0
4120,87.525003,98.875000,0.000000,90.863373,-172.092912,0
4130,86.062500,98.625000,0.000000,148.371721,-170.299594,0
4140,85.387502,98.625000,0.000000,67.499828,180.000000,0
4150,84.825002,98.625000,0.000000,56.250000,180.000000,0
4160,84.150003,98.625000,0.000000,67.499828,180.000000,0
4170,83.924998,98.625000,0.000000,22.500515,180.000000,0
4180,83.700002,98.625000,0.000000,22.499657,180.000000,0
4190,83.250000,98.625000,0.000000,45.000172,180.000000,0
4200,82.912505,98.750000,0.000000,35.989984,159.676507,0
4210,82.575002,98.999999,0.000000,42.000935,143.471580,0
4220,82.012502,99.250000,0.000000,61.555400,156.037430,0
4230,80.887502,100.374999,0.000000,159.098992,135.000012,0
4240,80.437500,100.500000,0.000000,46.704032,164.475889,0
4250,79.875000,101.125000,0.000000,84.085150,131.987212,0
4260,79.087503,102.124999,0.000000,127.285071,128.220337,0
4270,78.750000,102.500000,0.000000,50.451426,131.987394,0
4280,78.299998,102.749999,0.000000,51.478231,150.945628,0
4290,78.075002,102.874999,0.000000,25.738798,150.944932,0
4300,78.075002,103.000000,0.000000,12.500048,90.000000,0
4310,77.962503,103.499999,0.000000,51.249916,102.680208,0
4320,77.850005,103.750000,0.000000,27.414657,114.227336,0
4330,77.850005,103.999999,0.000000,24.999857,90.000000,0
4340,77.737498,104.500000,0.000000,51.250337,102.681086,0
4350,77.737498,104.749999,0.000000,24.999857,90.000000,0
4360,77.737498,105.125000,0.000000,37.500143,90.000000,0
4370,77.737498,105.625000,0.000000,49.999952,90.000000,0
4380,77.737498,105.999999,0.000000,37.499905,90.000000,0
4390,77.850005,106.250000,0.000000,27.415009,65.771028,0
4400,77.850005,106.624999,0.000000,37.499905,90.000000,0
4410,77.962503,107.500000,0.000000,88.220323,82.673712,0
4420,78.075002,107.874999,0.000000,39.151009,73.300956,0
4430,78.075002,108.250000,0.000000,37.500143,90.000000,0
4440,78.187500,108.750000,0.000000,51.249916,77.319792,0
4450,78.299998,109.124999,0.000000,39.151009,73.300956,0
4460,78.412505,109.624999,0.000000,51.250104,77.318856,0
4470,78.525003,109.875000,0.000000,27.414657,65.772664,0
4480,78.750000,110.125000,0.000000,33.633901,48.013331,0
4490,79.087503,110.625000,0.000000,60.324795,55.980354,0
4500,79.312500,110.874999,0.000000,33.633724,48.013059,0
4510,79.424998,110.999999,0.000000,16.816951,48.013331,0
4520,79.537505,111.125000,0.281250,16.817525,48.011157,1
4530,79.537505,111.125000,0.281250,0.000000,0.000000,1
4540,79.537505,111.125000,0.281250,0.000000,0.000000,1
4550,79.537505,111.125000,0.281250,0.000000,0.000000,1
4560,79.537505,111.125000,0.281250,0.000000,0.000000,1
4570,79.537505,111.125000,0.281250,0.000000,0.000000,1
4580,79.537505,110.374999,0.429688,75.000048,-90.000000,1
4590,79.537505,110.000000,0.453125,37.499905,-90.000000,1
4600,79.537505,108.999999,0.484375,100.000143,-90.000000,1
4610,79.650003,108.374999,0.492188,63.504399,-79.796179,1
4620,79.762502,106.499999,0.514648,187.837187,-86.566422,1
4630,79.762502,105.249999,0.529297,125.000000,-90.000000,1
4640,79.762502,102.874999,0.560547,237.499952,-90.000000,1
4650,79.762502,101.499999,0.572266,137.500048,-90.000000,1
4660,79.762502,100.125000,0.588867,137.499809,-90.000000,1
4670,79.762502,97.375000,0.618164,275.000095,-90.000000,1
4680,79.762502,97.375000,0.618164,0.000000,0.000000,1
4690,79.762502,94.499998,0.640625,287.500143,-90.000000,1
4700,79.762502,92.999997,0.648438,150.000095,-90.000000,1
4710,79.762502,90.000000,0.666016,299.999714,-90.000000,1
4720,79.762502,88.375001,0.678711,162.499905,-90.000000,1
4730,79.762502,85.250001,0.706055,312.500000,-90.000000,1
4740,79.762502,83.624997,0.713867,162.500381,-90.000000,1
4750,79.762502,82.125001,0.728516,149.999619,-90.000000,1
4760,79.650003,80.499997,0.739258,162.889326,-93.960242,1
4770,79.650003,78.874998,0.744141,162.499905,-90.000000,1
4780,79.537505,75.749998,0.754883,312.702428,-92.061726,1
4790,79.537505,74.124999,0.754883,162.499905,-90.000000,1
4800,79.537505,70.999999,0.758789,312.500000,-90.000000,1
4810,79.424998,69.375000,0.761719,162.888910,-93.960555,1
4820,79.312500,66.124997,0.765625,325.194933,-91.982492,1
4830,79.200002,64.499998,0.765625,162.888851,-93.960254,1
4840,79.200002,62.874999,0.769531,162.499905,-90.000000,1
4850,78.975005,59.625001,0.770508,325.777701,-93.960254,1
4860,78.975005,59.625001,0.770508,0.000000,0.000000,1
4870,78.750000,56.500001,0.771484,313.308990,-94.118284,1
4880,78.637502,55.000000,0.771484,150.421366,-94.289085,1
4890,78.525003,52.249994,0.769531,275.230582,-92.342571,1
4900,78.525003,50.874996,0.766602,137.499809,-90.000000,1
4910,78.412505,49.749994,0.763672,113.061273,-95.710497,1
4920,78.187500,47.749996,0.761719,201.261514,-96.418938,1
4930,78.187500,46.875000,0.758789,87.499619,-90.000000,1
4940,77.962503,45.625000,0.750977,127.008797,-100.203821,1
4950,77.962503,45.625000,0.750977,0.000000,0.000000,1
4960,77.737498,45.124998,0.726563,54.829666,-114.228154,1
4970,77.737498,45.000000,0.708008,12.499809,-90.000000,1
4980,77.512502,45.000000,0.672852,22.499657,180.000000,1
4990,77.400003,45.374994,0.615234,39.150552,106.699244,1
5000,76.612498,48.874998,0.119141,358.750485,102.680450,1
5010,76.612498,48.874998,0.000000,0.000000,0.000000,0
5020,75.487498,51.499996,0.000000,285.591316,113.198606,0
5030,73.912505,54.624996,0.000000,349.946115,116.748004,0
5040,73.237498,55.875001,0.000000,142.061472,118.369199,0
5050,72.674998,56.875000,0.000000,114.734665,119.357777,0
5060,72.337503,58.624997,0.000000,178.224374,100.915737,0
5070,72.450002,59.499998,0.000000,88.220323,82.673712,0
5080,72.562500,60.374999,0.000000,88.220323,82.673712,0
5090,72.562500,60.374999,0.000000,0.000000,0.000000,0
5100,72.562500,60.374999,0.000000,0.000000,0.000000,0
5110,72.562500,60.374999,0.000000,0.000000,0.000000,0
5120,72.562500,60.374999,0.000000,0.000000,0.000000,0
5130,72.562500,60.374999,0.000000,0.000000,0.000000,0
5140,72.562500,60.374999,0.000000,0.000000,0.000000,0
5150,72.562500,60.374999,0.000000,0.000000,0.000000,0
5160,71.325002,75.374999,0.000000,1505.096017,94.716215,0
5170,71.550003,76.250000,0.000000,90.346669,75.579189,0
5180,71.550003,76.374998,0.000000,12.499809,90.000000,0
5190,72.225005,78.249998,0.000000,199.280041,70.201054,0
5200,72.450002,79.124999,0.000000,90.346562,75.579453,0
5210,73.125000,80.374999,0.000000,142.060645,61.631015,0
5220,73.350005,80.749998,0.000000,43.732322,59.035601,0
5230,73.462503,80.999999,0.000000,27.414657,65.772664,0
5240,73.799998,81.500001,0.000000,60.324513,55.981157,0
5250,73.912505,81.749997,0.000000,27.414574,65.770619,0
5260,74.025003,81.999998,0.000000,27.414657,65.772664,0
5270,74.362498,82.624998,0.000000,71.030119,61.631319,0
5280,74.587503,83.125000,0.000000,54.829666,65.771846,0
5290,74.700002,83.499999,0.000000,39.151009,73.300956,0
5300,75.150003,84.375000,0.000000,98.393507,62.783825,0
5310,75.375000,84.874997,0.000000,54.828879,65.772459,0
5320,75.600005,85.374999,0.000000,54.829666,65.771846,0
5330,76.275003,86.124997,0.000000,100.901924,48.012788,0
5340,76.500000,86.500001,0.000000,43.732290,59.036886,0
5350,76.612498,86.624999,0.333008,16.816773,48.012788,1
5360,76.612498,86.624999,0.333008,0.000000,0.000000,1
5370,76.612498,86.624999,0.333008,0.000000,0.000000,1
5380,76.612498,86.624999,0.333008,0.000000,0.000000,1
5390,76.612498,86.624999,0.333008,0.000000,0.000000,1
5400,76.725005,86.624999,0.460938,11.250687,0.000000,1
5410,76.725005,86.624999,0.460938,0.000000,0.000000,1
5420,76.725005,86.624999,0.460938,0.000000,0.000000,1
5430,76.612498,86.500001,0.542969,16.817348,-131.989386,1
5440,76.500000,86.250000,0.563477,27.414657,-114.227336,1
5450,76.275003,85.625000,0.568359,66.426535,-109.798598,1
5460,75.375000,83.375001,0.578125,242.332455,-111.801493,1
5470,74.812500,81.875000,0.584961,160.200160,-110.556033,1
5480,73.799998,79.124999,0.610352,293.047180,-110.212815,1
5490,73.125000,77.874999,0.620117,142.060645,-118.368985,1
5500,72.450002,76.500001,0.629883,153.174490,-116.146815,1
5510,71.774999,75.250001,0.633789,142.060849,-118.369138,1
5520,70.987503,74.000001,0.641602,147.737972,-122.210815,1
5530,69.412501,71.624999,0.662109,284.978323,-123.550670,1
5540,68.512502,70.250001,0.671875,164.335578,-123.206582,1
5550,66.487503,67.874999,0.675781,312.109846,-130.451923,1
5560,65.362503,66.749997,0.675781,159.099161,-134.999951,1
5570,64.350001,65.749998,0.671875,142.308040,-135.355946,1
5580,62.325002,64.249997,0.665039,252.004452,-143.471116,1
5590,61.537501,63.750000,0.657227,93.282085,-147.587870,1
5600,60.637502,63.375001,0.612305,97.499884,-157.380167,1
5610,60.637502,63.375001,0.612305,0.000000,0.000000,1
5620,60.300003,63.874998,0.540039,60.324357,124.019434,1
5630,60.187500,65.000000,0.000000,113.061316,95.710713,0
5640,59.962499,66.374998,0.000000,139.328574,99.293356,0
5650,59.962499,66.999998,0.000000,62.500000,90.000000,0
5660,59.962499,67.874999,0.000000,87.500095,90.000000,0
5670,60.075002,68.249998,0.000000,39.151132,73.300355,0
5680,60.187500,68.750000,0.000000,51.250148,77.319851,0
5690,61.762502,70.625000,0.000000,244.872526,49.969710,0
5700,63.337499,71.749997,0.000000,193.551943,35.537653,0
5710,64.462499,72.874999,0.000000,159.099161,45.000049,0
5720,66.825002,74.874997,0.000000,309.538540,40.249887,0
5730,67.950002,75.875001,0.000000,150.520186,41.633648,0
5740,69.075002,76.875000,0.000000,150.519869,41.633512,0
5750,71.550003,78.750000,0.000000,310.503692,37.146677,0
5760,72.674998,79.499998,0.000000,135.207710,33.690101,0
5770,73.687500,80.250001,0.000000,126.002540,36.528913,0
5780,75.375000,81.250000,0.000000,196.154387,30.650644,0
5790,76.049998,81.624999,0.000000,77.217030,29.054604,0
5800,76.725005,81.624999,0.000000,67.500687,0.000000,0
5810,77.174998,81.500001,0.000000,46.703142,-15.524111,0
5820,77.962503,81.624999,0.000000,79.736371,9.019129,0
5830,78.075002,81.875000,0.000000,27.414657,65.772664,0
5840,78.299998,82.125001,0.000000,33.633901,48.013331,0
5850,78.862498,82.249999,0.000000,57.622111,12.528623,0
5860,79.087503,82.249999,0.000000,22.500515,0.000000,0
5870,79.424998,82.249999,0.000000,33.749485,0.000000,0
5880,79.650003,82.249999,0.000000,22.500515,0.000000,0
5890,79.987498,82.249999,0.388672,33.749485,0.000000,1
5900,79.987498,82.249999,0.388672,0.000000,0.000000,1
5910,79.987498,82.249999,0.388672,0.000000,0.000000,1
5920,79.987498,82.249999,0.388672,0.000000,0.000000,1
5930,79.987498,82.249999,0.388672,0.000000,0.000000,1
5940,79.987498,82.249999,0.388672,0.000000,0.000000,1
5950,80.549998,81.875000,0.531250,67.604034,-33.690000,1
5960,81.000000,81.500001,0.563477,58.576943,-39.805392,1
5970,82.687500,80.250001,0.620117,210.003720,-36.528855,1
5980,83.924998,79.499998,0.647461,144.703362,-31.218535,1
5990,85.275003,78.624997,0.672852,160.876989,-32.949144,1
6000,86.625000,77.874999,0.693359,154.434059,-29.054604,1
6010,89.212503,76.250000,0.726563,305.545347,-32.129566,1
6020,90.674998,75.499997,0.736328,164.359225,-27.149852,1
6030,93.712503,74.249997,0.756836,328.465181,-22.368241,1
6040,95.287505,73.750000,0.778320,165.246106,-17.612465,1
6050,96.750000,73.375001,0.791992,150.980644,-14.381408,1
6060,99.450002,73.125000,0.814453,271.155117,-5.290098,1
6070,100.462503,73.125000,0.822266,101.250172,0.000000,1
6080,101.250000,73.125000,0.828125,78.749657,0.000000,1
6090,101.812500,73.125000,0.830078,56.250000,0.000000,1
6100,102.150003,73.249998,0.829102,35.990706,20.322662,1
6110,102.150003,73.249998,0.829102,0.000000,0.000000,1
6120,99.900003,73.499999,0.343750,226.384639,173.659784,1
6130,99.900003,73.499999,0.000000,0.000000,0.000000,0
6140,96.637502,73.499999,0.000000,326.250172,180.000000,0
6150,92.250000,73.499999,0.000000,438.750172,180.000000,0
6160,92.250000,73.499999,0.000000,0.000000,0.000000,0
6170,92.250000,73.499999,0.000000,0.000000,0.000000,0
6180,92.250000,73.499999,0.000000,0.000000,0.000000,0
6190,92.250000,73.499999,0.000000,0.000000,0.000000,0
6200,92.250000,73.499999,0.000000,0.000000,0.000000,0
6210,92.250000,73.499999,0.000000,0.000000,0.000000,0
6220,92.250000,73.499999,0.000000,0.000000,0.000000,0
6230,92.250000,73.499999,0.000000,0.000000,0.000000,0
6240,92.250000,73.499999,0.000000,0.000000,0.000000,0
6250,92.250000,73.499999,0.000000,0.000000,0.000000,0
6260,92.250000,73.499999,0.000000,0.000000,0.000000,0
6270,92.250000,73.499999,0.000000,0.000000,0.000000,0
6280,92.250000,73.499999,0.000000,0.000000,0.000000,0
6290,92.250000,73.499999,0.000000,0.000000,0.000000,0
6300,92.250000,73.499999,0.000000,0.000000,0.000000,0
6310,92.250000,73.499999,0.000000,0.000000,0.000000,0
6320,92.250000,73.499999,0.000000,0.000000,0.000000,0
6330,92.250000,73.499999,0.000000,0.000000,0.000000,0
6340,92.250000,73.499999,0.000000,0.000000,0.000000,0
6350,92.250000,73.499999,0.000000,0.000000,0.000000,0
6360,92.250000,73.499999,0.000000,0.000000,0.000000,0
6370,92.250000,73.499999,0.000000,0.000000,0.000000,0
6380,92.250000,73.499999,0.000000,0.000000,0.000000,0
6390,92.250000,73.499999,0.000000,0.000000,0.000000,0
6400,92.250000,73.499999,0.000000,0.000000,0.000000,0
6410,92.250000,73.499999,0.000000,0.000000,0.000000,0
6420,92.250000,73.499999,0.000000,0.000000,0.000000,0
6430,92.250000,73.499999,0.000000,0.000000,0.000000,0
6440,92.250000,73.499999,0.000000,0.000000,0.000000,0
6450,92.250000,73.499999,0.000000,0.000000,0.000000,0
6460,92.250000,73.499999,0.000000,0.000000,0.000000,0
6470,92.250000,73.499999,0.000000,0.000000,0.000000,0
6480,92.250000,73.499999,0.000000,0.000000,0.000000,0
6490,92.250000,73.499999,0.000000,0.000000,0.000000,0
6500,92.250000,73.499999,0.000000,0.000000,0.000000,0
6510,92.250000,73.499999,0.000000,0.000000,0.000000,0
6520,92.250000,73.499999,0.000000,0.000000,0.000000,0
6530,92.250000,73.499999,0.000000,0.000000,0.000000,0
6540,92.250000,73.499999,0.000000,0.000000,0.000000,0
6550,92.250000,73.499999,0.000000,0.000000,0.000000,0
6560,92.250000,73.499999,0.000000,0.000000,0.000000,0
6570,92.250000,73.499999,0.000000,0.000000,0.000000,0
6580,92.250000,73.499999,0.000000,0.000000,0.000000,0
6590,92.250000,73.499999,0.000000,0.000000,0.000000,0
6600,92.250000,73.499999,0.000000,0.000000,0.000000,0
6610,92.250000,73.499999,0.000000,0.000000,0.000000,0
6620,92.250000,73.499999,0.000000,0.000000,0.000000,0
6630,92.250000,73.499999,0.000000,0.000000,0.000000,0
6640,92.250000,73.499999,0.000000,0.000000,0.000000,0
6650,92.250000,73.499999,0.000000,0.000000,0.000000,0
6660,92.250000,73.499999,0.000000,0.000000,0.000000,0
6670,92.250000,73.499999,0.000000,0.000000,0.000000,0
6680,92.250000,73.499999,0.000000,0.000000,0.000000,0
6690,92.250000,73.499999,0.000000,0.000000,0.000000,0
6700,92.250000,73.499999,0.000000,0.000000,0.000000,0
6710,92.250000,73.499999,0.000000,0.000000,0.000000,0
6720,92.250000,73.499999,0.000000,0.000000,0.000000,0
6730,92.250000,73.499999,0.000000,0.000000,0.000000,0
6740,92.250000,73.499999,0.000000,0.000000,0.000000,0
6750,92.250000,73.499999,0.000000,0.000000,0.000000,0
6760,92.250000,73.499999,0.000000,0.000000,0.000000,0
6770,92.250000,73.499999,0.000000,0.000000,0.000000,0
6780,92.250000,73.499999,0.000000,0.000000,0.000000,0
6790,92.250000,73.499999,0.000000,0.000000,0.000000,0
6800,92.250000,73.499999,0.000000,0.000000,0.000000,0
6810,92.250000,73.499999,0.000000,0.000000,0.000000,0
6820,92.250000,73.499999,0.000000,0.000000,0.000000,0
6830,92.250000,73.499999,0.000000,0.000000,0.000000,0
6840,92.250000,73.499999,0.000000,0.000000,0.000000,0
6850,92.250000,73.499999,0.000000,0.000000,0.000000,0
6860,92.250000,73.499999,0.000000,0.000000,0.000000,0
6870,92.250000,73.499999,0.000000,0.000000,0.000000,0
6880,92.250000,73.499999,0.000000,0.000000,0.000000,0
6890,92.250000,73.499999,0.000000,0.000000,0.000000,0
6900,92.250000,73.499999,0.000000,0.000000,0.000000,0
6910,92.250000,73.499999,0.000000,0.000000,0.000000,0
6920,92.250000,73.499999,0.000000,0.000000,0.000000,0
6930,92.250000,73.499999,0.000000,0.000000,0.000000,0
6940,92.250000,73.499999,0.000000,0.000000,0.000000,0
6950,92.250000,73.499999,0.000000,0.000000,0.000000,0
6960,92.250000,73.499999,0.000000,0.000000,0.000000,0
6970,92.250000,73.499999,0.000000,0.000000,0.000000,0
6980,92.250000,73.499999,0.000000,0.000000,0.000000,0
6990,92.250000,73.499999,0.000000,0.000000,0.000000,0
7000,92.250000,73.499999,0.000000,0.000000,0.000000,0
7010,92.250000,73.499999,0.000000,0.000000,0.000000,0
7020,92.250000,73.499999,0.000000,0.000000,0.000000,0
7030,92.250000,73.499999,0.000000,0.000000,0.000000,0
7040,92.250000,73.499999,0.000000,0.000000,0.000000,0
7050,92.250000,73.499999,0.000000,0.000000,0.000000,0
7060,92.250000,73.499999,0.000000,0.000000,0.000000,0
7070,92.250000,73.499999,0.000000,0.000000,0.000000,0
7080,92.250000,73.499999,0.000000,0.000000,0.000000,0
7090,107.325002,106.750000,0.000000,3650.778285,65.611244,0
7100,107.437500,106.750000,0.000000,11.249828,0.000000,0
7110,107.437500,106.750000,0.000000,0.000000,0.000000,0
7120,107.775003,107.000000,0.000000,42.001077,36.528681,0
7130,107.887502,107.000000,0.000000,11.249828,0.000000,0
7140,108.000000,107.124999,0.000000,16.816773,48.012788,0
7150,108.000000,107.124999,0.000000,0.000000,0.000000,0
7160,108.225005,107.124999,0.000000,22.500515,0.000000,0
7170,108.900003,107.124999,0.000000,67.499828,0.000000,0
7180,109.350005,107.249999,0.000000,46.704032,15.524111,0
7190,110.475005,107.249999,0.000000,112.500000,0.000000,0
7200,110.812500,107.124999,0.000000,35.989984,-20.323493,0
7210,111.150003,106.875000,0.000000,42.000935,-36.528420,0
7220,111.712503,106.250000,0.000000,84.085150,-48.012788,0
7230,112.049998,106.250000,0.000000,33.749485,0.000000,0
7240,112.162505,106.250000,0.000000,11.250687,0.000000,0
7250,112.387502,106.125000,0.000000,25.738798,-29.055068,0
7260,112.500000,105.999999,0.000000,16.816951,-48.013331,0
7270,112.500000,105.999999,0.000000,0.000000,0.000000,0
7280,112.500000,105.999999,0.000000,0.000000,0.000000,0
7290,112.500000,105.999999,0.000000,0.000000,0.000000,0
7300,112.500000,105.999999,0.000000,0.000000,0.000000,0
7310,112.500000,105.999999,0.000000,0.000000,0.000000,0
7320,112.612498,105.874999,0.000000,16.816951,-48.013331,0
7330,112.612498,105.874999,0.000000,0.000000,0.000000,0
7340,112.612498,105.874999,0.000000,0.000000,0.000000,0
7350,112.612498,105.874999,0.000000,0.000000,0.000000,0
7360,112.387502,105.874999,0.000000,22.499657,180.000000,0
7370,112.387502,105.874999,0.000000,0.000000,0.000000,0
7380,112.275003,105.874999,0.000000,11.249828,180.000000,0
7390,112.275003,105.874999,0.000000,0.000000,0.000000,0
7400,112.275003,105.999999,0.000000,12.500048,90.000000,0
7410,112.275003,106.125000,0.000000,12.500048,90.000000,0
7420,112.275003,106.125000,0.000000,0.000000,0.000000,0
7430,112.275003,106.375000,0.000000,25.000095,90.000000,0
7440,112.612498,106.624999,0.000000,42.000245,36.529117,0
7450,112.725005,106.624999,0.000000,11.250687,0.000000,0
7460,112.837503,106.750000,0.000000,16.816951,48.013331,0
7470,112.950002,106.750000,0.000000,11.249828,0.000000,0
7480,113.062500,106.750000,0.000000,11.249828,0.000000,0
7490,113.287505,106.750000,0.000000,22.500515,0.000000,0
7500,113.400003,106.750000,0.000000,11.249828,0.000000,0
7510,113.625000,106.750000,0.000000,22.499657,0.000000,0
7520,113.850005,106.499999,0.000000,33.634476,-48.012244,0
7530,113.962503,106.375000,0.000000,16.816773,-48.012788,0
7540,114.075002,106.250000,0.000000,16.816951,-48.013331,0
7550,114.299998,105.874999,0.000000,43.732085,-59.036726,0
7560,114.299998,105.750000,0.000000,12.499809,-90.000000,0
7570,114.412505,105.500000,0.000000,27.415009,-65.771028,0
7580,114.525003,105.249999,0.000000,27.414657,-65.772664,0
7590,114.637502,105.125000,0.000000,16.816773,-48.012788,0
7600,114.637502,105.125000,0.000000,0.000000,0.000000,0
7610,114.750000,105.000000,0.000000,16.816951,-48.013331,0
7620,114.750000,105.000000,0.000000,0.000000,0.000000,0
7630,114.750000,105.000000,0.000000,0.000000,0.000000,0
7640,114.750000,105.000000,0.000000,0.000000,0.000000,0
7650,114.750000,105.000000,0.000000,0.000000,0.000000,0
7660,114.750000,105.000000,0.000000,0.000000,0.000000,0
7670,114.637502,105.249999,0.000000,27.414439,114.227541,0
7680,114.637502,105.374999,0.000000,12.500048,90.000000,0
7690,114.637502,105.500000,0.000000,12.500048,90.000000,0
7700,114.525003,105.874999,0.000000,39.151009,106.699044,0
7710,114.525003,106.125000,0.000000,25.000095,90.000000,0
7720,114.525003,106.375000,0.000000,25.000095,90.000000,0
7730,114.525003,106.875000,0.000000,49.999952,90.000000,0
7740,114.525003,107.124999,0.000000,24.999857,90.000000,0
7750,114.525003,107.500000,0.000000,37.500143,90.000000,0
7760,114.637502,107.749999,0.000000,27.414439,65.772459,0
7770,114.750000,108.499999,0.000000,75.839078,81.469368,0
7780,114.862498,108.875000,0.000000,39.151237,73.301057,0
7790,114.975005,109.375000,0.000000,51.250104,77.318856,0
7800,115.087503,109.500000,0.000000,16.816951,48.013331,0
7810,115.200002,109.749999,0.000000,27.414439,65.772459,0
7820,115.424998,109.875000,0.000000,25.738798,29.055068,0
7830,115.537505,109.875000,0.000000,11.250687,0.000000,0
7840,115.537505,109.875000,0.000000,0.000000,0.000000,0
7850,115.650003,110.000000,0.000000,16.816951,48.013331,0
7860,115.762502,110.000000,0.000000,11.249828,0.000000,0
7870,115.762502,110.000000,0.000000,0.000000,0.000000,0
7880,115.762502,110.000000,0.000000,0.000000,0.000000,0
7890,115.762502,110.000000,0.000000,0.000000,0.000000,0
7900,115.762502,110.000000,0.000000,0.000000,0.000000,0
7910,115.650003,109.749999,0.000000,27.414657,-114.227336,0
7920,115.537505,109.624999,0.000000,16.816951,-131.986669,0
7930,115.424998,109.500000,0.000000,16.817348,-131.989386,0
7940,115.200002,109.500000,0.000000,22.499657,180.000000,0
7950,115.200002,109.375000,0.000000,12.500048,-90.000000,0
7960,115.087503,109.375000,0.000000,11.249828,180.000000,0
7970,115.087503,109.375000,0.000000,0.000000,0.000000,0
7980,114.975005,109.500000,0.000000,16.816951,131.986669,0
7990,114.975005,109.500000,0.000000,0.000000,0.000000,0
8000,114.975005,109.624999,0.000000,12.499809,90.000000,0
8010,114.862498,109.749999,0.000000,16.817525,131.988843,0
8020,114.862498,109.749999,0.000000,0.000000,0.000000,0
8030,114.750000,109.875000,0.000000,16.816951,131.986669,0
8040,114.750000,109.875000,0.000000,0.000000,0.000000,0
8050,114.750000,109.875000,0.000000,0.000000,0.000000,0
8060,114.750000,109.875000,0.000000,0.000000,0.000000,0
8070,114.750000,109.875000,0.000000,0.000000,0.000000,0
8080,114.975005,109.875000,0.000000,22.500515,0.000000,0
8090,115.087503,109.749999,0.000000,16.816951,-48.013331,0
8100,115.200002,109.749999,0.000000,11.249828,0.000000,0
8110,115.312500,109.624999,0.000000,16.816951,-48.013331,0
8120,115.537505,109.375000,0.000000,33.634298,-48.011972,0
8130,115.650003,109.124999,0.000000,27.414657,-65.772664,0
8140,115.762502,108.875000,0.000000,27.414439,-65.772459,0
8150,115.875000,108.000000,0.000000,88.220323,-82.673712,0
8160,115.987498,107.625000,0.000000,39.151009,-73.300956,0
8170,115.987498,107.249999,0.000000,37.500143,-90.000000,0
8180,116.100005,106.875000,0.000000,39.151255,-73.299753,0
8190,116.212503,106.750000,0.000000,16.816951,-48.013331,0
8200,116.325002,106.624999,0.000000,16.816951,-48.013331,0
8210,116.325002,106.750000,0.000000,12.500048,90.000000,0
8220,116.437500,106.875000,0.000000,16.816951,48.013331,0
8230,116.437500,107.000000,0.000000,12.500048,90.000000,0
8240,116.549998,107.249999,0.000000,27.414439,65.772459,0
8250,116.549998,107.500000,0.000000,25.000095,90.000000,0
8260,116.662505,107.749999,0.000000,27.414792,65.770823,0
8270,116.887502,108.250000,0.000000,54.829314,65.772664,0
8280,117.000000,108.499999,0.000000,27.414439,65.772459,0
8290,117.225005,108.875000,0.000000,43.732527,59.035761,0
8300,117.562500,109.500000,0.000000,71.030119,61.631319,0
8310,117.562500,109.500000,0.000000,0.000000,0.000000,0
8320,117.900003,110.000000,0.000000,60.324795,55.980354,0
8330,118.350005,110.125000,0.000000,46.704032,15.524111,0
8340,118.462503,110.249999,0.000000,16.816773,48.012788,0
8350,118.687500,110.249999,0.000000,22.499657,0.000000,0
8360,119.025003,110.249999,0.000000,33.750343,0.000000,0
8370,119.250000,110.249999,0.000000,22.499657,0.000000,0
8380,119.250000,110.249999,0.000000,0.000000,0.000000,0
8390,119.700002,110.374999,0.000000,46.704032,15.524111,0
8400,119.812500,110.374999,0.000000,11.249828,0.000000,0
8410,119.924998,110.500000,0.000000,16.816951,48.013331,0
8420,120.150003,110.625000,0.000000,25.739549,29.054140,0
8430,120.262502,110.625000,0.000000,11.249828,0.000000,0
8440,120.262502,110.625000,0.000000,0.000000,0.000000,0
8450,120.375000,110.625000,0.000000,11.249828,0.000000,0
8460,120.600005,110.750000,0.000000,25.739549,29.054140,0
8470,120.712503,110.750000,0.000000,11.249828,0.000000,0
8480,121.049998,110.999999,0.196289,42.000245,36.529117,1
8490,121.049998,110.999999,0.196289,0.000000,0.000000,1
8500,121.049998,110.999999,0.196289,0.000000,0.000000,1
8510,121.049998,110.999999,0.196289,0.000000,0.000000,1
8520,121.049998,110.999999,0.196289,0.000000,0.000000,1
8530,121.049998,110.999999,0.196289,0.000000,0.000000,1
8540,121.162505,111.250000,0.416016,27.415009,65.771028,1
8550,121.275003,111.250000,0.431641,11.249828,0.000000,1
8560,121.275003,111.250000,0.431641,0.000000,0.000000,1
8570,121.387502,111.250000,0.475586,11.249828,0.000000,1
8580,121.387502,111.250000,0.475586,0.000000,0.000000,1
8590,121.500000,111.250000,0.484375,11.249828,0.000000,1
8600,121.725005,111.250000,0.490234,22.500515,0.000000,1
8610,121.725005,111.250000,0.490234,0.000000,0.000000,1
8620,121.837503,111.250000,0.492188,11.249828,0.000000,1
8630,121.950002,111.250000,0.498047,11.249828,0.000000,1
8640,121.950002,111.250000,0.498047,0.000000,0.000000,1
8650,122.062500,111.125000,0.507813,16.816951,-48.013331,1
8660,122.062500,110.999999,0.519531,12.500048,-90.000000,1
8670,122.062500,110.874999,0.530273,12.500048,-90.000000,1
8680,122.062500,110.625000,0.541992,24.999857,-90.000000,1
8690,122.062500,109.875000,0.567383,75.000048,-90.000000,1
8700,122.062500,109.875000,0.567383,0.000000,0.000000,1
8710,121.275003,108.125000,0.594727,191.902297,-114.227658,1
8720,120.600005,106.875000,0.605469,142.060645,-118.368985,1
8730,118.687500,103.875000,0.617188,355.776237,-122.517585,1
8740,117.674998,102.375000,0.625000,180.974103,-124.019378,1
8750,116.662505,100.874999,0.632813,180.973623,-124.019153,1
8760,114.412505,98.000000,0.648438,365.076972,-128.047052,1
8770,113.400003,96.750000,0.659180,160.862044,-129.007520,1
8780,111.262502,94.499998,0.677734,310.345292,-133.531204,1
8790,111.262502,94.499998,0.677734,0.000000,0.000000,1
8800,108.674998,92.125001,0.688477,351.223368,-137.452046,1
8810,107.437500,91.124997,0.688477,159.104042,-141.058842,1
8820,106.424998,90.250001,0.687500,133.819956,-139.166677,1
8830,105.075002,89.375000,0.687500,160.876269,-147.050690,1
8840,104.850005,89.249997,0.688477,25.738914,-150.944468,1
8850,104.625000,89.249997,0.688477,22.500515,180.000000,1
8860,104.737498,89.749999,0.661133,51.250148,77.319851,1
8870,105.075002,90.625000,0.000000,93.783540,68.907486,0
8880,105.075002,90.625000,0.000000,0.000000,0.000000,0
8890,105.412505,91.999998,0.000000,141.581366,76.208980,0
8900,105.525003,92.374997,0.000000,39.151009,73.300956,0
8910,105.637502,92.249999,0.000000,16.816773,-48.012788,0
8920,105.862498,92.249999,0.000000,22.499657,0.000000,0
8930,106.200002,92.624998,0.000000,50.451249,48.012425,0
8940,107.887502,93.624997,0.000000,196.154387,30.650644,0
8950,109.462503,94.249997,0.000000,169.447792,21.644414,0
8960,111.375000,94.874997,0.000000,201.203084,18.097287,0
8970,111.150003,94.749999,0.000000,25.738683,-150.945396,0
8980,110.924998,94.749999,0.000000,22.500515,180.000000,0
8990,111.150003,95.000000,0.000000,33.634476,48.012244,0
9000,111.712503,95.249999,0.000000,61.555303,23.962367,0
9010,112.387502,95.374999,0.000000,68.647491,10.491542,0
9020,112.837503,95.374999,0.000000,45.000172,0.000000,0
9030,112.950002,95.374999,0.000000,11.249828,0.000000,0
9040,113.062500,95.374999,0.000000,11.249828,0.000000,0
9050,113.287505,95.750000,0.000000,43.732527,59.035761,0
9060,113.287505,95.999999,0.000000,24.999857,90.000000,0
9070,113.287505,96.375000,0.000000,37.500143,90.000000,0
9080,113.062500,97.000000,0.000000,66.426826,109.799294,0
9090,112.950002,97.375000,0.000000,39.151009,106.699044,0
9100,112.950002,97.625000,0.000000,25.000095,90.000000,0
9110,112.950002,98.374999,0.000000,74.999809,90.000000,0
9120,112.950002,98.750000,0.000000,37.500143,90.000000,0
9130,112.950002,99.124999,0.000000,37.499905,90.000000,0
9140,113.174998,99.875000,0.000000,78.302246,73.301006,0
9150,113.400003,100.249999,0.000000,43.732322,59.035601,0
9160,113.625000,100.500000,0.000000,33.633901,48.013331,0
9170,113.962503,100.874999,0.256836,50.451249,48.012425,1
9180,113.962503,100.874999,0.256836,0.000000,0.000000,1
9190,113.962503,100.874999,0.256836,0.000000,0.000000,1
9200,113.962503,100.874999,0.256836,0.000000,0.000000,1
9210,113.962503,100.874999,0.256836,0.000000,0.000000,1
9220,114.412505,100.999999,0.412109,46.704032,15.524111,1
9230,114.750000,100.874999,0.455078,35.989984,-20.323493,1
9240,114.862498,100.750000,0.477539,16.816773,-48.012788,1
9250,114.862498,100.750000,0.477539,0.000000,0.000000,1
9260,115.200002,100.249999,0.525391,60.324993,-55.980481,1
9270,115.424998,100.000000,0.544922,33.633724,-48.013059,1
9280,115.875000,99.250000,0.580078,87.464408,-59.036163,1
9290,115.987498,98.875000,0.595703,39.151009,-73.300956,1
9300,116.325002,97.625000,0.631836,129.476197,-74.890278,1
9310,116.549998,96.750000,0.647461,90.346562,-75.579453,1
9320,116.662505,95.000000,0.678711,175.361231,-86.321536,1
9330,116.775003,94.000001,0.693359,100.630709,-83.581304,1
9340,116.887502,93.125000,0.706055,88.220323,-82.673712,1
9350,116.887502,92.249999,0.713867,87.500095,-90.000000,1
9360,117.000000,91.250000,0.720703,100.630709,-83.581304,1
9370,117.000000,89.000001,0.732422,224.999905,-90.000000,1
9380,117.000000,87.750001,0.743164,125.000000,-90.000000,1
9390,116.775003,85.124998,0.766602,263.462777,-94.899013,1
9400,116.662505,83.624997,0.771484,150.421366,-94.289085,1
9410,116.437500,82.125001,0.776367,151.677812,-98.530979,1
9420,115.987498,79.000001,0.786133,315.723400,-98.194294,1
9430,115.762502,77.374997,0.792969,164.050628,-97.883002,1
9440,115.537505,75.875001,0.800781,151.677685,-98.530659,1
9450,115.312500,74.375000,0.800781,151.678284,-98.530953,1
9460,114.975005,71.374998,0.806641,301.892600,-96.418686,1
9470,114.750000,69.874997,0.806641,151.678284,-98.530953,1
9480,114.187500,66.624999,0.806641,329.831682,-99.819306,1
9490,113.850005,65.000000,0.804688,165.967608,-101.732917,1
9500,113.512502,63.249998,0.804688,178.225005,-100.915979,1
9510,112.837503,59.874997,0.807617,344.183877,-101.309901,1
9520,112.500000,58.249998,0.807617,165.967782,-101.733207,1
9530,112.275003,56.749997,0.804688,151.678157,-98.530632,1
9540,111.937500,55.374999,0.804688,141.581366,-103.791020,1
9550,111.487498,53.125000,0.804688,229.455818,-101.309979,1
9560,111.375000,52.124996,0.803711,100.631183,-96.418665,1
9570,111.150003,51.250000,0.799805,90.346100,-104.420623,1
9580,110.700002,49.250002,0.795898,204.999852,-102.680442,1
9590,110.475005,48.374996,0.792969,90.347024,-104.420472,1
9600,110.137502,46.999998,0.781250,141.581366,-103.791020,1
9610,110.137502,46.624994,0.770508,37.500381,-90.000000,1
9620,110.025003,46.250000,0.761719,39.150552,-106.699244,1
9630,110.025003,46.125002,0.752930,12.499809,-90.000000,1
9640,110.025003,46.125002,0.752930,0.000000,0.000000,1
9650,110.025003,46.125002,0.752930,0.000000,0.000000,1
9660,110.700002,47.624998,0.605469,164.487423,65.772255,1
9670,111.375000,48.999996,0.552734,153.174490,63.853185,1
9680,112.275003,50.999994,0.210938,219.317089,65.772152,1
9690,112.837503,52.500000,0.000000,160.200606,69.444027,0
9700,113.174998,53.249998,0.000000,82.243535,65.772527,0
9710,113.512502,54.124994,0.000000,93.783095,68.907381,0
9720,114.075002,55.499997,0.000000,148.561069,67.751018,0
9730,114.412505,56.250000,0.000000,82.244323,65.772118,0
9740,114.750000,57.125001,0.000000,93.783231,68.907975,0
9750,115.312500,59.249997,0.000000,219.818449,75.173495,0
9760,115.650003,60.374999,0.000000,117.453730,73.300622,0
9770,116.100005,61.500001,0.000000,121.166449,68.198549,0
9780,117.225005,64.249997,0.000000,297.121255,67.750948,0
9790,118.012502,65.999999,0.000000,191.902515,65.772372,0
9800,118.912505,67.750001,0.000000,196.787013,62.783825,0
9810,120.600005,71.124997,0.000000,377.336130,63.434923,0
9820,121.500000,72.374997,0.000000,154.028917,54.246268,0
9830,122.287505,73.624997,0.000000,147.738430,57.788903,0
9840,123.862498,76.250000,0.000000,306.124867,59.036381,0
9850,124.650003,77.500000,0.000000,147.738430,57.788903,0
9860,125.325002,78.750000,0.000000,142.060645,61.631015,0
9870,126.225005,80.875001,0.000000,230.773379,67.045844,0
9880,126.562500,81.875000,0.000000,105.541502,71.350710,0
9890,126.787505,82.750001,0.000000,90.346776,75.578926,0
9900,126.787505,84.375000,0.000000,162.499905,90.000000,0
9910,126.787505,85.124998,0.000000,74.999809,90.000000,0
9920,126.787505,85.749998,0.000000,62.500000,90.000000,0
9930,126.900003,86.999998,0.000000,125.505214,84.857313,0
9940,127.012502,87.624998,0.000000,63.504399,79.796179,0
9950,127.012502,88.125000,0.000000,50.000191,90.000000,0
9960,127.012502,88.750000,0.000000,62.500000,90.000000,0
9970,127.012502,88.874998,0.000000,12.499809,90.000000,0
9980,127.012502,88.874998,0.000000,0.000000,0.000000,0
9990,127.012502,89.124999,0.000000,25.000095,90.000000,0
10000,126.900003,89.499998,0.000000,39.151009,106.699044,0
10010,126.787505,89.499998,0.000000,11.249828,180.000000,0
10020,126.450002,89.625001,0.000000,35.990871,159.676626,0
10030,126.225005,89.749999,0.000000,25.738683,150.945396,0
10040,126.000000,89.874997,0.000000,25.739433,150.946324,0
10050,125.775003,90.124998,0.000000,33.633901,131.986669,0
10060,125.775003,90.250001,0.000000,12.500286,90.000000,0
10070,125.662505,90.374999,0.000000,16.816773,131.987212,0
10080,125.549998,90.499997,0.000000,16.817348,131.989386,0
10090,125.549998,90.499997,0.000000,0.000000,0.000000,0
10100,125.325002,90.749998,0.000000,33.633901,131.986669,0
10110,125.325002,90.875001,0.000000,12.500286,90.000000,0
10120,125.100005,90.999999,0.000000,25.738683,150.945396,0
10130,125.100005,91.124997,0.000000,12.499809,90.000000,0
10140,124.987498,91.500001,0.000000,39.151712,106.700046,0
10150,124.987498,91.500001,0.000000,0.000000,0.000000,0
10160,124.987498,91.624999,0.000000,12.499809,90.000000,0
10170,124.987498,91.999998,0.000000,37.499905,90.000000,0
10180,124.875000,92.125001,0.000000,16.817128,131.986126,0
10190,124.875000,92.249999,0.000000,12.499809,90.000000,0
10200,124.875000,92.500000,0.000000,25.000095,90.000000,0
10210,124.875000,92.500000,0.000000,0.000000,0.000000,0
10220,124.875000,92.624998,0.000000,12.499809,90.000000,0
10230,124.762502,92.750001,0.000000,16.817128,131.986126,0
10240,124.650003,92.874999,0.000000,16.816773,131.987212,0
10250,124.537505,92.999997,0.000000,16.816773,131.987212,0
10260,124.537505,92.999997,0.000000,0.000000,0.000000,0
10270,124.424998,93.375001,0.000000,39.151712,106.700046,0
10280,124.312500,93.499999,0.000000,16.816773,131.987212,0
10290,124.312500,93.499999,0.000000,0.000000,0.000000,0
10300,124.200002,93.624997,0.000000,16.816773,131.987212,0
10310,124.200002,93.624997,0.000000,0.000000,0.000000,0
10320,124.200002,93.874998,0.000000,25.000095,90.000000,0
10330,124.312500,93.874998,0.000000,11.249828,0.000000,0
10340,124.312500,93.874998,0.000000,0.000000,0.000000,0
10350,124.312500,93.874998,0.295898,0.000000,0.000000,1
10360,124.312500,93.874998,0.295898,0.000000,0.000000,1
10370,124.312500,93.874998,0.295898,0.000000,0.000000,1
10380,124.312500,93.874998,0.295898,0.000000,0.000000,1
10390,124.312500,93.874998,0.295898,0.000000,0.000000,1
10400,124.312500,93.874998,0.295898,0.000000,0.000000,1
10410,124.312500,94.000001,0.468750,12.500286,90.000000,1
10420,124.312500,94.000001,0.468750,0.000000,0.000000,1
10430,124.312500,94.000001,0.468750,0.000000,0.000000,1
10440,124.312500,94.000001,0.468750,0.000000,0.000000,1
10450,124.312500,94.000001,0.468750,0.000000,0.000000,1
10460,124.312500,93.874998,0.489258,12.500286,-90.000000,1
10470,124.312500,93.499999,0.497070,37.499905,-90.000000,1
10480,124.424998,93.249998,0.502930,27.414657,-65.772664,1
10490,124.537505,92.999997,0.509766,27.415009,-65.771028,1
10500,124.537505,92.624998,0.512695,37.499905,-90.000000,1
10510,124.762502,92.249999,0.516602,43.731881,-59.036565,1
10520,124.875000,91.999998,0.515625,27.414657,-65.772664,1
10530,125.212503,91.749997,0.516602,42.001077,-36.528681,1
10540,125.437500,91.624999,0.516602,25.738683,-29.054604,1
10550,125.775003,91.624999,0.517578,33.750343,0.000000,1
10560,126.225005,91.624999,0.517578,45.000172,0.000000,1
10570,127.462503,92.125001,0.517578,133.469244,22.000802,1
10580,128.362498,92.500000,0.518555,97.499488,22.619930,1
10590,129.262502,93.125000,0.518555,109.573317,34.777729,1
10600,131.062500,94.249997,0.522461,212.264278,32.005342,1
10610,131.850005,94.874997,0.522461,100.538021,38.437119,1
10620,133.424998,95.750000,0.523438,180.173089,29.054803,1
10630,133.424998,95.750000,0.523438,0.000000,0.000000,1
10640,134.325002,96.125000,0.523438,97.500280,22.619736,1
10650,134.549998,96.250000,0.523438,25.738798,29.055068,1
10660,134.775003,96.375000,0.522461,25.739549,29.054140,1
10670,135.112498,96.499999,0.520508,35.989901,20.323137,1
10680,135.337503,96.499999,0.520508,22.500515,0.000000,1
10690,135.450002,96.499999,0.521484,11.249828,0.000000,1
10700,135.450002,96.499999,0.521484,0.000000,0.000000,1
10710,135.450002,96.499999,0.521484,0.000000,0.000000,1
10720,135.450002,96.499999,0.521484,0.000000,0.000000,1
10730,135.450002,96.499999,0.521484,0.000000,0.000000,1
10740,135.450002,96.499999,0.521484,0.000000,0.000000,1
10750,135.450002,96.499999,0.521484,0.000000,0.000000,1
10760,135.450002,96.499999,0.521484,0.000000,0.000000,1
10770,135.450002,96.499999,0.521484,0.000000,0.000000,1
10780,135.450002,96.499999,0.521484,0.000000,0.000000,1
10790,135.450002,96.499999,0.521484,0.000000,0.000000,1
10800,135.450002,96.499999,0.521484,0.000000,0.000000,1
10810,135.450002,96.499999,0.521484,0.000000,0.000000,1
10820,135.450002,96.499999,0.521484,0.000000,0.000000,1
10830,135.450002,96.499999,0.521484,0.000000,0.000000,1
10840,135.450002,96.499999,0.521484,0.000000,0.000000,1
10850,135.450002,96.499999,0.521484,0.000000,0.000000,1
10860,135.450002,96.499999,0.521484,0.000000,0.000000,1
10870,135.450002,96.499999,0.521484,0.000000,0.000000,1
10880,135.450002,96.499999,0.521484,0.000000,0.000000,1
10890,135.337503,96.250000,0.596680,27.414439,-114.227541,1
10900,135.225005,96.125000,0.598633,16.816951,-131.986669,1
10910,135.112498,95.874999,0.600586,27.415009,-114.228972,1
10920,135.112498,95.874999,0.600586,0.000000,0.000000,1
10930,134.887502,95.625000,0.602539,33.633724,-131.986941,1
10940,134.549998,95.125000,0.604492,60.324795,-124.019646,1
10950,134.437500,94.874997,0.604492,27.414874,-114.227132,1
10960,133.875000,94.124999,0.606445,93.749847,-126.869968,1
10970,133.650003,93.624997,0.606445,54.829314,-114.227336,1
10980,132.862498,92.249999,0.606445,158.454540,-119.801140,1
10990,132.412505,91.374998,0.606445,98.393114,-117.215731,1
11000,132.412505,91.374998,0.606445,0.000000,0.000000,1
11010,131.512502,89.375000,0.609375,219.317089,-114.227848,1
11020,131.512502,89.375000,0.609375,0.000000,0.000000,1
11030,131.062500,88.125000,0.613281,132.853361,-109.798946,1
11040,130.837503,87.500000,0.617188,66.426535,-109.798598,1
11050,130.612498,86.374998,0.625977,114.728227,-101.310166,1
11060,130.612498,85.875001,0.634766,49.999714,-90.000000,1
11070,130.500000,85.000000,0.648438,88.220323,-97.326288,1
11080,130.500000,84.749999,0.653320,25.000095,-90.000000,1
11090,130.500000,84.749999,0.653320,0.000000,0.000000,1
11100,130.500000,83.750000,0.658203,99.999905,-90.000000,1
11110,130.500000,83.750000,0.658203,0.000000,0.000000,1
11120,130.612498,82.999997,0.659180,75.839314,-81.469395,1
11130,130.725005,82.750001,0.658203,27.414574,-65.770619,1
11140,131.174998,82.374997,0.658203,58.576589,-39.806288,1
11150,131.400003,82.249999,0.658203,25.739433,-29.053676,1
11160,131.962503,81.875000,0.660156,67.604034,-33.690000,1
11170,132.299998,81.624999,0.660156,42.000387,-36.529378,1
11180,132.299998,81.624999,0.660156,0.000000,0.000000,1
11190,133.200002,80.875001,0.660156,117.153887,-39.805392,1
11200,133.200002,80.875001,0.660156,0.000000,0.000000,1
11210,133.762502,80.250001,0.660156,84.085150,-48.012788,1
11220,133.987498,79.874997,0.662109,43.732290,-59.036886,1
11230,134.549998,79.000001,0.664063,104.020410,-57.264660,1
11240,134.887502,78.375001,0.664063,71.030526,-61.630710,1
11250,135.112498,77.624998,0.667969,78.302474,-73.301057,1
11260,135.674998,75.999999,0.674805,171.960116,-70.906498,1
11270,135.787505,75.250001,0.678711,75.838970,-81.468700,1
11280,136.012502,73.750000,0.689453,151.678157,-81.469368,1
11290,136.012502,73.750000,0.689453,0.000000,0.000000,1
11300,136.012502,71.999998,0.702148,175.000191,-90.000000,1
11310,136.012502,71.124997,0.708008,87.500095,-90.000000,1
11320,136.012502,69.249997,0.725586,187.500000,-90.000000,1
11330,135.787505,68.249998,0.731445,102.499832,-102.680208,1
11340,135.674998,67.249999,0.738281,100.630805,-96.419181,1
11350,135.225005,65.250001,0.750977,204.999663,-102.680208,1
11360,134.887502,64.249997,0.756836,105.542228,-108.649649,1
11370,134.212503,62.374997,0.764648,199.279896,-109.798830,1
11380,134.212503,62.374997,0.764648,0.000000,0.000000,1
11390,133.312500,60.749998,0.769531,185.758663,-118.979815,1
11400,132.862498,60.000000,0.771484,87.464203,-120.963917,1
11410,131.737498,58.624997,0.772461,177.658601,-129.289348,1
11420,131.062500,57.874999,0.774414,100.901924,-131.987212,1
11430,130.387502,57.249999,0.774414,91.991722,-137.202526,1
11440,128.924998,55.999999,0.776367,192.390652,-139.479527,1
11450,128.250000,55.625000,0.776367,77.217030,-150.945396,1
11460,127.237498,55.124998,0.783203,112.923055,-153.718541,1
11470,127.237498,55.124998,0.783203,0.000000,0.000000,1
11480,126.674998,55.124998,0.817383,56.250000,180.000000,1
11490,126.450002,55.499997,0.840820,43.731881,120.963435,1
11500,125.887502,57.125001,0.850586,171.960567,109.093450,1
11510,125.549998,58.375001,0.850586,129.476197,105.109722,1
11520,125.100005,59.625001,0.850586,132.853070,109.798598,1
11530,124.200002,61.749997,0.749023,230.772940,112.954202,1
11540,123.299998,62.750001,0.376953,134.536754,131.987212,1
11550,122.062500,62.624998,0.000000,124.379569,-174.231972,0
11560,121.275003,62.374997,0.000000,82.622716,-162.387287,0
11570,120.262502,61.999998,0.000000,107.971478,-159.676942,0
11580,118.799998,61.500001,0.000000,154.561102,-161.125592,0
11590,118.350005,61.500001,0.000000,44.999313,180.000000,0
11600,118.462503,61.500001,0.000000,11.249828,0.000000,0
11610,118.575002,61.500001,0.000000,11.249828,0.000000,0
11620,118.462503,61.500001,0.000000,11.249828,180.000000,0
11630,118.462503,61.624999,0.000000,12.499809,90.000000,0
11640,118.125000,62.624998,0.000000,105.541777,108.649732,0
11650,118.012502,63.750000,0.000000,113.061273,95.710497,0
11660,118.125000,65.374999,0.000000,162.888851,86.039746,0
11670,118.799998,68.125000,0.000000,283.162991,76.209171,0
11680,119.250000,69.124999,0.000000,109.658544,65.772152,0
11690,119.812500,69.874997,0.000000,93.749847,53.130032,0
11700,120.262502,70.625000,0.000000,87.464612,59.036243,0
11710,120.487498,71.500001,0.000000,90.346562,75.579453,0
11720,120.487498,71.749997,0.000000,24.999619,90.000000,0
11730,120.487498,71.749997,0.000000,0.000000,0.000000,0
11740,120.600005,71.749997,0.000000,11.250687,0.000000,0
11750,120.600005,72.125001,0.000000,37.500381,90.000000,0
11760,120.600005,72.374997,0.000000,24.999619,90.000000,0
11770,120.487498,72.750001,0.000000,39.151712,106.700046,0
11780,120.262502,72.999997,0.000000,33.633547,131.987212,0
11790,119.924998,73.125000,0.000000,35.990871,159.676626,0
11800,119.362498,73.249998,0.000000,57.622111,167.471377,0
11810,119.025003,73.375001,0.000000,35.990067,159.676151,0
11820,118.687500,73.375001,0.000000,33.750343,180.000000,0
11830,118.125000,73.499999,0.000000,57.622111,167.471377,0
11840,117.787505,73.499999,0.000000,33.749485,180.000000,0
11850,117.562500,73.499999,0.000000,22.500515,180.000000,0
11860,117.225005,73.499999,0.000000,33.749485,180.000000,0
11870,117.112498,73.499999,0.000000,11.250687,180.000000,0
11880,117.000000,73.375001,0.000000,16.816773,-131.987212,0
11890,116.887502,72.999997,0.000000,39.151465,-106.698843,0
11900,116.775003,72.624998,0.000000,39.151009,-106.699044,0
11910,116.662505,72.249999,0.000000,39.151009,-106.699044,0
11920,116.437500,71.749997,0.253906,54.829666,-114.228154,1
11930,116.437500,71.749997,0.253906,0.000000,0.000000,1
11940,116.437500,71.749997,0.253906,0.000000,0.000000,1
11950,115.987498,70.999999,0.417969,87.464203,-120.963917,1
11960,115.987498,70.999999,0.417969,0.000000,0.000000,1
11970,115.875000,70.875001,0.457031,16.816773,-131.987212,1
11980,115.875000,70.749998,0.492188,12.500286,-90.000000,1
11990,115.875000,70.749998,0.492188,0.000000,0.000000,1
12000,115.875000,70.749998,0.492188,0.000000,0.000000,1
12010,115.875000,70.625000,0.564453,12.499809,-90.000000,1
12020,115.875000,70.625000,0.564453,0.000000,0.000000,1
12030,115.987498,70.499997,0.578125,16.817128,-48.013874,1
12040,116.212503,70.250001,0.583984,33.634121,-48.011701,1
12050,116.325002,70.250001,0.586914,11.249828,0.000000,1
12060,116.549998,70.124998,0.594727,25.738914,-29.055532,1
12070,117.337503,70.124998,0.610352,78.750515,0.000000,1
12080,118.125000,70.124998,0.625000,78.749657,0.000000,1
12090,119.137502,70.374999,0.637695,104.290949,13.869715,1
12100,121.950002,70.999999,0.659180,288.110764,12.528808,1
12110,123.750000,71.374998,0.667969,183.864573,11.768271,1
12120,125.662505,71.875000,0.681641,197.678473,14.651374,1
12130,127.799998,72.374997,0.699219,219.519339,13.165763,1
12140,132.637502,73.750000,0.750977,502.912242,15.867170,1
12150,135.112498,74.499998,0.774414,258.613711,16.858380,1
12160,139.500000,75.749998,0.813477,456.209067,15.902262,1
12170,141.412505,76.250000,0.825195,197.678473,14.651374,1
12180,143.100005,76.624999,0.833984,172.866438,12.528777,1
12190,145.687500,76.875000,0.835938,259.954421,5.518726,1
12200,146.587503,76.875000,0.840820,90.000343,0.000000,1
12210,147.262510,76.875000,0.840820,67.500687,0.000000,1
12220,147.712503,76.875000,0.844727,44.999313,0.000000,1
12230,148.162497,76.875000,0.845703,44.999313,0.000000,1
12240,148.387510,76.875000,0.847656,22.501373,0.000000,1
12250,148.500000,76.875000,0.847656,11.248970,0.000000,1
12260,148.500000,76.875000,0.847656,0.000000,0.000000,1
12270,148.500000,76.875000,0.847656,0.000000,0.000000,1
12280,148.050007,76.875000,0.849609,44.999313,180.000000,1
12290,146.925007,77.125001,0.000000,115.244326,167.471146,0
12300,144.450010,77.125001,0.000000,247.499657,180.000000,0
12310,140.737498,77.125001,0.000000,371.251202,180.000000,0
12320,140.737498,77.125001,0.000000,0.000000,0.000000,0
12330,140.737498,77.125001,0.000000,0.000000,0.000000,0
12340,140.737498,77.125001,0.000000,0.000000,0.000000,0
12350,140.737498,77.125001,0.000000,0.000000,0.000000,0
12360,140.737498,77.125001,0.000000,0.000000,0.000000,0
12370,140.737498,77.125001,0.000000,0.000000,0.000000,0
12380,140.737498,77.125001,0.000000,0.000000,0.000000,0
12390,140.737498,77.125001,0.000000,0.000000,0.000000,0
12400,140.737498,77.125001,0.000000,0.000000,0.000000,0
12410,140.737498,77.125001,0.000000,0.000000,0.000000,0
12420,140.737498,77.125001,0.000000,0.000000,0.000000,0
12430,140.737498,77.125001,0.000000,0.000000,0.000000,0
12440,140.737498,77.125001,0.000000,0.000000,0.000000,0
12450,140.737498,77.125001,0.000000,0.000000,0.000000,0
12460,140.737498,77.125001,0.000000,0.000000,0.000000,0
12470,140.737498,77.125001,0.000000,0.000000,0.000000,0
12480,140.737498,77.125001,0.000000,0.000000,0.000000,0
12490,140.737498,77.125001,0.000000,0.000000,0.000000,0
12500,140.737498,77.125001,0.000000,0.000000,0.000000,0
12510,140.737498,77.125001,0.000000,0.000000,0.000000,0
12520,140.737498,77.125001,0.000000,0.000000,0.000000,0
12530,140.737498,77.125001,0.000000,0.000000,0.000000,0
12540,140.737498,77.125001,0.000000,0.000000,0.000000,0
12550,140.737498,77.125001,0.000000,0.000000,0.000000,0
12560,140.737498,77.125001,0.000000,0.000000,0.000000,0
12570,140.737498,77.125001,0.000000,0.000000,0.000000,0
12580,140.737498,77.125001,0.000000,0.000000,0.000000,0
12590,140.737498,77.125001,0.000000,0.000000,0.000000,0
12600,140.737498,77.125001,0.000000,0.000000,0.000000,0
12610,140.737498,77.125001,0.000000,0.000000,0.000000,0
12620,140.737498,77.125001,0.000000,0.000000,0.000000,0
12630,140.737498,77.125001,0.000000,0.000000,0.000000,0
12640,140.737498,77.125001,0.000000,0.000000,0.000000,0
12650,140.737498,77.125001,0.000000,0.000000,0.000000,0
12660,140.737498,77.125001,0.000000,0.000000,0.000000,0
12670,140.737498,77.125001,0.000000,0.000000,0.000000,0
12680,140.737498,77.125001,0.000000,0.000000,0.000000,0
12690,140.737498,77.125001,0.000000,0.000000,0.000000,0
12700,140.737498,77.125001,0.000000,0.000000,0.000000,0
12710,140.737498,77.125001,0.000000,0.000000,0.000000,0
12720,140.737498,77.125001,0.000000,0.000000,0.000000,0
12730,140.737498,77.125001,0.000000,0.000000,0.000000,0
12740,140.737498,77.125001,0.000000,0.000000,0.000000,0
12750,140.737498,77.125001,0.000000,0.000000,0.000000,0
12760,140.737498,77.125001,0.000000,0.000000,0.000000,0
12770,140.737498,77.125001,0.000000,0.000000,0.000000,0
12780,140.737498,77.125001,0.000000,0.000000,0.000000,0
12790,140.737498,77.125001,0.000000,0.000000,0.000000,0
12800,140.737498,77.125001,0.000000,0.000000,0.000000,0
12810,140.737498,77.125001,0.000000,0.000000,0.000000,0
12820,140.737498,77.125001,0.000000,0.000000,0.000000,0
12830,140.737498,77.125001,0.000000,0.000000,0.000000,0
12840,140.737498,77.125001,0.000000,0.000000,0.000000,0
12850,140.737498,77.125001,0.000000,0.000000,0.000000,0
12860,140.737498,77.125001,0.000000,0.000000,0.000000,0
12870,140.737498,77.125001,0.000000,0.000000,0.000000,0
12880,140.737498,77.125001,0.000000,0.000000,0.000000,0
12890,179.550007,98.999999,0.000000,4455.251220,29.405908,0
12900,179.550007,99.124999,0.000000,12.500048,90.000000,0
12910,179.550007,99.250000,0.000000,12.500048,90.000000,0
12920,179.550007,99.250000,0.000000,0.000000,0.000000,0
12930,179.550007,99.250000,0.000000,0.000000,0.000000,0
12940,179.550007,99.500000,0.000000,25.000095,90.000000,0
12950,179.437500,99.624999,0.000000,16.817348,131.989386,0
12960,179.437500,99.749999,0.000000,12.500048,90.000000,0
12970,179.325010,100.125000,0.000000,39.150990,106.697740,0
12980,179.099997,100.374999,0.000000,33.634872,131.989114,0
12990,178.875000,100.750000,0.000000,43.732085,120.963274,0
13000,178.200010,101.499999,0.000000,100.901350,131.986850,0
13010,177.750000,101.875000,0.000000,58.577755,140.194966,0
13020,177.187500,102.249999,0.000000,67.604034,146.310000,0
13030,176.062500,102.500000,0.000000,115.244326,167.471146,0
13040,175.724997,102.500000,0.000000,33.750343,180.000000,0
13050,175.387510,102.500000,0.000000,33.748627,180.000000,0
13060,174.712503,102.749999,0.000000,71.981494,159.677160,0
13070,174.375000,102.874999,0.000000,35.990789,159.676982,0
13080,174.037497,103.000000,0.000000,35.990789,159.676982,0
13090,173.587503,103.374999,0.000000,58.576284,140.194071,0
13100,173.362507,103.499999,0.000000,25.738798,150.944932,0
13110,173.137510,103.625000,0.000000,25.738798,150.944932,0
13120,173.137510,103.999999,0.000000,37.499905,90.000000,0
13130,173.025003,104.124999,0.000000,16.817525,131.988843,0
13140,173.025003,104.250000,0.000000,12.500048,90.000000,0
13150,172.800007,104.500000,0.000000,33.633901,131.986669,0
13160,172.800007,104.749999,0.000000,24.999857,90.000000,0
13170,172.687500,105.000000,0.000000,27.415009,114.228972,0
13180,172.462503,105.625000,0.000000,66.426535,109.798598,0
13190,172.349997,105.874999,0.000000,27.414792,114.229177,0
13200,172.349997,106.250000,0.000000,37.500143,90.000000,0
13210,172.237507,106.875000,0.000000,63.504247,100.203059,0
13220,172.237507,106.875000,0.000000,0.000000,0.000000,0
13230,172.237507,106.875000,0.000000,0.000000,0.000000,0
13240,172.125000,107.124999,0.000000,27.414792,114.229177,0
13250,172.237507,107.249999,0.000000,16.817525,48.011157,0
13260,172.349997,107.375000,0.000000,16.816377,48.015505,0
13270,172.687500,107.874999,0.000000,60.324795,55.980354,0
13280,173.025003,108.125000,0.000000,42.001077,36.528681,0
13290,173.250000,108.250000,0.000000,25.738798,29.055068,0
13300,173.474997,108.625000,0.000000,43.731881,59.036565,0
13310,173.474997,108.625000,0.000000,0.000000,0.000000,0
13320,173.587503,108.999999,0.000000,39.151255,73.299753,0
13330,173.700010,109.124999,0.000000,16.817525,48.011157,0
13340,173.925007,109.250000,0.000000,25.738798,29.055068,0
13350,174.150003,109.500000,0.000000,33.633901,48.013331,0
13360,174.262510,109.624999,0.000000,16.817348,48.010614,0
13370,174.375000,109.749999,0.000000,16.816377,48.015505,0
13380,174.375000,109.875000,0.000000,12.500048,90.000000,0
13390,174.487507,110.125000,0.000000,27.415009,65.771028,0
13400,174.487507,110.249999,0.000000,12.499809,90.000000,0
13410,174.487507,110.249999,0.000000,0.000000,0.000000,0
13420,174.487507,110.500000,0.000000,25.000095,90.000000,0
13430,174.487507,110.500000,0.000000,0.000000,0.000000,0
13440,174.487507,110.750000,0.000000,25.000095,90.000000,0
13450,174.487507,110.999999,0.000000,24.999857,90.000000,0
13460,174.487507,111.125000,0.000000,12.500048,90.000000,0
13470,174.487507,111.125000,0.000000,0.000000,0.000000,0
13480,174.487507,111.499999,0.000000,37.499905,90.000000,0
13490,174.487507,111.624999,0.000000,12.500048,90.000000,0
13500,174.487507,111.624999,0.000000,0.000000,0.000000,0
13510,174.487507,111.750000,0.000000,12.500048,90.000000,0
13520,174.599997,111.875000,0.000000,16.816377,48.015505,0
13530,174.599997,112.000000,0.000000,12.500048,90.000000,0
13540,174.599997,112.000000,0.000000,0.000000,0.000000,0
13550,174.599997,112.124999,0.000000,12.499809,90.000000,0
13560,174.599997,112.124999,0.000000,0.000000,0.000000,0
13570,174.599997,112.124999,0.000000,0.000000,0.000000,0
13580,174.599997,112.249999,0.000000,12.500048,90.000000,0
13590,174.599997,112.249999,0.000000,0.000000,0.000000,0
13600,174.599997,112.249999,0.000000,0.000000,0.000000,0
13610,174.599997,112.249999,0.000000,0.000000,0.000000,0
13620,174.599997,112.249999,0.000000,0.000000,0.000000,0
13630,174.599997,112.249999,0.000000,0.000000,0.000000,0
13640,174.487507,112.249999,0.000000,11.248970,180.000000,0
13650,174.487507,112.249999,0.000000,0.000000,0.000000,0
13660,174.487507,112.249999,0.000000,0.000000,0.000000,0
13670,174.375000,112.124999,0.000000,16.817525,-131.988843,0
13680,174.375000,112.124999,0.000000,0.000000,0.000000,0
13690,174.262510,112.124999,0.000000,11.248970,180.000000,0
13700,174.262510,112.124999,0.000000,0.000000,0.000000,0
13710,174.262510,112.124999,0.000000,0.000000,0.000000,0
13720,174.150003,112.124999,0.000000,11.250687,180.000000,0
13730,174.150003,112.124999,0.000000,0.000000,0.000000,0
13740,174.150003,112.124999,0.000000,0.000000,0.000000,0
13750,174.037497,112.124999,0.000000,11.250687,180.000000,0
13760,174.037497,112.124999,0.000000,0.000000,0.000000,0
13770,174.037497,112.124999,0.000000,0.000000,0.000000,0
13780,174.037497,112.124999,0.000000,0.000000,0.000000,0
13790,174.037497,112.249999,0.000000,12.500048,90.000000,0
13800,174.037497,112.249999,0.000000,0.000000,0.000000,0
13810,174.037497,112.375000,0.000000,12.500048,90.000000,0
13820,174.037497,112.375000,0.000000,0.000000,0.000000,0
13830,174.037497,112.375000,0.000000,0.000000,0.000000,0
13840,174.037497,112.625000,0.000000,25.000095,90.000000,0
13850,174.037497,112.749999,0.000000,12.499809,90.000000,0
13860,174.037497,112.749999,0.000000,0.000000,0.000000,0
13870,174.037497,113.000000,0.000000,25.000095,90.000000,0
13880,173.925007,113.000000,0.000000,11.248970,180.000000,0
13890,173.925007,113.000000,0.000000,0.000000,0.000000,0
13900,173.925007,113.250000,0.000000,25.000095,90.000000,0
13910,173.925007,113.374999,0.000000,12.499809,90.000000,0
13920,173.925007,113.499999,0.000000,12.500048,90.000000,0
13930,173.925007,113.625000,0.000000,12.500048,90.000000,0
13940,173.925007,113.625000,0.000000,0.000000,0.000000,0
13950,173.925007,113.875000,0.000000,25.000095,90.000000,0
13960,173.925007,113.999999,0.000000,12.499809,90.000000,0
13970,173.925007,113.999999,0.000000,0.000000,0.000000,0
13980,173.925007,114.124999,0.000000,12.500048,90.000000,0
13990,173.925007,114.124999,0.000000,0.000000,0.000000,0
14000,173.925007,114.250000,0.000000,12.500048,90.000000,0
14010,173.925007,114.250000,0.000000,0.000000,0.000000,0
14020,173.925007,114.250000,0.000000,0.000000,0.000000,0
14030,174.037497,114.250000,0.000000,11.248970,0.000000,0
14040,174.037497,114.124999,0.000000,12.500048,-90.000000,0
14050,174.150003,114.124999,0.000000,11.250687,0.000000,0
14060,174.599997,113.999999,0.000000,46.703205,-15.524393,0
14070,174.825010,113.999999,0.000000,22.501373,0.000000,0
14080,175.162497,113.875000,0.000000,35.989096,-20.323611,0
14090,175.950010,113.750000,0.000000,79.737256,-9.019202,0
14100,176.400003,113.750000,0.000000,44.999313,0.000000,0
14110,176.849997,113.750000,0.000000,44.999313,0.000000,0
14120,177.525003,113.625000,0.000000,68.648335,-10.491412,0
14130,177.862507,113.625000,0.000000,33.750343,0.000000,0
14140,178.200010,113.625000,0.000000,33.750343,0.000000,0
14150,178.875000,113.625000,0.000000,67.498970,0.000000,0
14160,179.212503,113.625000,0.000000,33.750343,0.000000,0
14170,179.550007,113.750000,0.000000,35.990789,20.323018,0
14180,180.112507,113.750000,0.000000,56.250000,0.000000,0
14190,180.450010,113.875000,0.000000,35.990789,20.323018,0
14200,180.787497,113.875000,0.000000,33.748627,0.000000,0
14210,181.462503,113.999999,0.000000,68.648292,10.491216,0
14220,181.687500,114.124999,0.000000,25.738798,29.055068,0
14230,182.025003,114.124999,0.000000,33.750343,0.000000,0
14240,182.474997,114.250000,0.000000,46.703205,15.524393,0
14250,182.700010,114.250000,0.000000,22.501373,0.000000,0
14260,182.925007,114.375000,0.000000,25.738798,29.055068,0
14270,183.375000,114.375000,0.000000,44.999313,0.000000,0
14280,183.599997,114.375000,0.000000,22.499657,0.000000,0
14290,183.825010,114.375000,0.000000,22.501373,0.000000,0
14300,184.275003,114.375000,0.000000,44.999313,0.000000,0
14310,184.275003,114.375000,0.000000,0.000000,0.000000,0
14320,184.275003,114.375000,0.000000,0.000000,0.000000,0
14330,184.387510,114.375000,0.000000,11.250687,0.000000,0
14340,184.387510,114.375000,0.000000,0.000000,0.000000,0
14350,184.387510,114.375000,0.000000,0.000000,0.000000,0
14360,184.500000,114.749999,0.000000,39.150762,73.302159,0
14370,184.500000,115.124999,0.000000,37.500024,90.000000,0
14380,184.387510,115.500000,0.000000,39.150876,106.697790,0
14390,183.937500,116.374999,0.000000,98.393793,117.216651,0
14400,183.599997,116.625000,0.000000,42.001077,143.471319,0
14410,183.262510,116.999999,0.000000,50.450101,131.986126,0
14420,182.362507,117.500000,0.000000,102.956636,150.945454,0
14430,182.362507,117.500000,0.000000,0.000000,0.000000,0
14440,181.575010,117.875000,0.000000,87.222475,154.536544,0
14450,181.237507,118.000000,0.000000,35.990747,159.677160,0
14460,180.562500,118.249999,0.000000,71.981536,159.677071,0
14470,180.337503,118.249999,0.000000,22.499657,180.000000,0
14480,180.224997,118.249999,0.000000,11.250687,180.000000,0
14490,180.112507,118.500000,0.000000,27.414305,114.225700,0
14500,180.112507,118.625000,0.000000,12.499928,90.000000,0
14510,180.112507,118.625000,0.000000,0.000000,0.000000,0
14520,180.000000,118.874999,0.000000,27.414900,114.229074,0
14530,180.000000,118.874999,0.000000,0.000000,0.000000,0
14540,180.000000,119.000000,0.000000,12.500048,90.000000,0
14550,180.337503,119.125000,0.000000,35.990789,20.323018,0
14560,180.450010,119.250000,0.000000,16.817436,48.010886,0
14570,180.900003,119.499999,0.000000,51.477539,29.054952,0
14580,181.125000,119.625000,0.000000,25.738798,29.055068,0
14590,181.237507,119.750000,0.000000,16.817525,48.011157,0
14600,181.462503,119.750000,0.000000,22.499657,0.000000,0
14610,181.687500,119.875000,0.000000,25.738740,29.054836,0
14620,181.912497,120.124999,0.000000,33.633813,48.013195,0
14630,182.250000,120.250000,0.000000,35.990789,20.323018,0
14640,182.250000,120.375000,0.000000,12.500048,90.000000,0
14650,182.250000,120.375000,0.000000,0.000000,0.000000,0
14660,182.474997,120.375000,0.000000,22.499657,0.000000,0
14670,182.474997,120.500000,0.000000,12.499928,90.000000,0
14680,182.474997,120.500000,0.000000,0.000000,0.000000,0
14690,182.474997,120.500000,0.000000,0.000000,0.000000,0
14700,182.474997,120.500000,0.000000,0.000000,0.000000,0
14710,182.474997,120.500000,0.000000,0.000000,0.000000,0
14720,182.362507,120.625000,0.000000,16.816377,131.984495,0
14730,182.025003,120.625000,0.000000,33.750343,180.000000,0
14740,181.800007,120.625000,0.000000,22.499657,180.000000,0
14750,181.462503,120.749999,0.000000,35.990747,159.677160,0
14760,181.237507,120.749999,0.000000,22.499657,180.000000,0
14770,181.012510,120.749999,0.000000,22.499657,180.000000,0
14780,180.562500,120.875000,0.000000,46.704859,164.476171,0
14790,180.337503,120.875000,0.000000,22.499657,180.000000,0
14800,180.000000,120.875000,0.000000,33.750343,180.000000,0
14810,179.325010,121.000000,0.000000,68.646647,169.508327,0
14820,178.875000,121.000000,0.000000,45.001030,180.000000,0
14830,178.537497,121.000000,0.000000,33.750343,180.000000,0
14840,177.974997,121.000000,0.000000,56.250000,180.000000,0
14850,177.750000,121.000000,0.000000,22.499657,180.000000,0
14860,177.637510,121.000000,0.000000,11.248970,180.000000,0
14870,177.525003,120.875000,0.000000,16.817525,-131.988843,0
14880,177.525003,120.875000,0.000000,0.000000,0.000000,0
14890,177.525003,120.875000,0.000000,0.000000,0.000000,0
14900,177.525003,120.749999,0.000000,12.500048,-90.000000,0
14910,177.525003,120.749999,0.000000,0.000000,0.000000,0
14920,177.750000,120.749999,0.000000,22.499657,0.000000,0
14930,177.974997,120.749999,0.000000,22.499657,0.000000,0
14940,178.425007,120.500000,0.000000,51.479039,-29.054024,0
14950,178.650003,120.250000,0.000000,33.633813,-48.013195,0
14960,179.325010,120.000000,0.000000,71.981536,-20.322929,0
14970,179.550007,119.750000,0.000000,33.633813,-48.013195,0
14980,179.887510,119.625000,0.000000,35.990789,-20.323018,0
14990,180.450010,119.499999,0.000000,57.622163,-12.528854,0
15000,180.562500,119.499999,0.000000,11.248970,0.000000,0
15010,180.787497,119.375000,0.000000,25.738740,-29.054836,0
15020,180.787497,119.375000,0.000000,0.000000,0.000000,0
15030,180.900003,119.250000,0.000000,16.817525,-48.011157,0
15040,180.900003,119.250000,0.000000,0.000000,0.000000,0
15050,180.900003,119.125000,0.000000,12.499928,-90.000000,0
15060,180.900003,119.125000,0.000000,0.000000,0.000000,0
15070,180.900003,119.125000,0.000000,0.000000,0.000000,0
15080,180.900003,119.125000,0.000000,0.000000,0.000000,0
15090,180.787497,119.125000,0.000000,11.250687,180.000000,0
15100,180.787497,119.125000,0.000000,0.000000,0.000000,0
15110,180.675007,119.125000,0.000000,11.248970,180.000000,0
15120,180.337503,118.874999,0.000000,42.001077,-143.471319,0
15130,180.112507,118.625000,0.000000,33.633813,-131.986805,0
15140,179.775003,118.249999,0.000000,50.451338,-131.987484,0
15150,179.550007,118.000000,0.000000,33.633813,-131.986805,0
15160,179.325010,117.750000,0.000000,33.633813,-131.986805,0
15170,178.875000,117.375000,0.000000,58.577679,-140.195056,0
15180,178.650003,117.250000,0.000000,25.738740,-150.945164,0
15190,178.537497,117.125000,0.000000,16.817525,-131.988843,0
15200,178.200010,116.999999,0.000000,35.989179,-159.676033,0
15210,177.974997,116.999999,0.000000,22.501373,180.000000,0
15220,177.862507,116.875000,0.000000,16.816288,-131.984767,0
15230,177.525003,116.750000,0.000000,35.990789,-159.676982,0
15240,177.300007,116.625000,0.000000,25.738740,-150.945164,0
15250,177.187500,116.500000,0.000000,16.817525,-131.988843,0
15260,177.075010,116.500000,0.000000,11.248970,180.000000,0
15270,176.962503,116.500000,0.000000,11.250687,180.000000,0
15280,176.962503,116.500000,0.000000,0.000000,0.000000,0
15290,176.849997,116.625000,0.000000,16.817525,131.988843,0
15300,176.737507,116.999999,0.000000,39.150762,106.697841,0
15310,176.737507,117.250000,0.000000,25.000095,90.000000,0
15320,176.737507,117.750000,0.000000,49.999952,90.000000,0
15330,176.737507,118.125000,0.000000,37.500024,90.000000,0
15340,176.737507,118.375000,0.000000,24.999976,90.000000,0
15350,176.962503,119.125000,0.000000,78.302246,73.301006,0
15360,177.187500,119.499999,0.000000,43.731881,59.036565,0
15370,177.300007,119.875000,0.000000,39.151370,73.299803,0
15380,177.637510,120.625000,0.000000,82.244105,65.772050,0
15390,177.862507,121.000000,0.000000,43.731983,59.036645,0
15400,177.974997,121.250000,0.000000,27.414196,65.774197,0
15410,178.312500,121.875000,0.000000,71.030526,61.630710,0
15420,178.537497,122.125000,0.000000,33.633813,48.013195,0
15430,178.537497,122.125000,0.000000,0.000000,0.000000,0
15440,179.099997,122.750000,0.000000,84.085150,48.012788,0
15450,179.325010,123.000000,0.000000,33.634961,48.011022,0
15460,179.550007,123.249999,0.000000,33.633813,48.013195,0
15470,180.224997,123.750000,0.000000,84.000703,36.529313,0
15480,180.450010,123.874999,0.000000,25.740241,29.052980,0
15490,180.675007,124.000000,0.254883,25.738798,29.055068,1
15500,180.675007,124.000000,0.254883,0.000000,0.000000,1
15510,180.675007,124.000000,0.254883,0.000000,0.000000,1
15520,180.675007,124.000000,0.254883,0.000000,0.000000,1
15530,180.675007,124.000000,0.254883,0.000000,0.000000,1
15540,180.675007,124.000000,0.254883,0.000000,0.000000,1
15550,180.787497,123.750000,0.511719,27.414196,-65.774197,1
15560,181.012510,123.375000,0.511719,43.732866,-59.034717,1
15570,181.349997,122.624999,0.537109,82.243401,-65.773141,1
15580,182.474997,120.250000,0.584961,262.797407,-64.653820,1
15590,183.487507,117.500000,0.624023,293.047365,-69.787020,1
15600,183.937500,116.374999,0.629883,121.166020,-68.198905,1
15610,184.275003,115.375000,0.641602,105.541777,-71.350268,1
15620,184.837503,113.875000,0.651367,160.200048,-69.443952,1
15630,184.837503,113.875000,0.651367,0.000000,0.000000,1
15640,185.062500,113.250000,0.682617,66.426535,-70.201402,1
15650,185.175007,113.125000,0.704102,16.817525,-48.011157,1
15660,185.287497,112.874999,0.734375,27.414305,-65.774300,1
15670,185.287497,112.874999,0.734375,0.000000,0.000000,1
15680,185.287497,112.749999,0.765625,12.500048,-90.000000,1
15690,185.175007,112.749999,0.791992,11.248970,180.000000,1
15700,184.950010,112.749999,0.791992,22.499657,180.000000,1
15710,183.375000,113.250000,0.378906,165.247068,162.387467,1
15720,183.375000,113.250000,0.000000,0.000000,0.000000,0
15730,181.912497,113.625000,0.000000,150.981475,165.618673,0
15740,180.112507,113.750000,0.000000,180.432482,176.027466,0
15750,179.325010,113.625000,0.000000,79.735561,-170.980605,0
15760,178.537497,113.374999,0.000000,82.624352,-162.387647,0
15770,177.075010,112.500000,0.000000,170.425602,-149.108118,0
15780,176.287497,112.124999,0.000000,87.224077,-154.536958,0
15790,175.612507,111.750000,0.000000,77.216279,-150.945087,0
15800,174.150003,110.874999,0.000000,170.427197,-149.108345,0
15810,174.150003,110.874999,0.000000,0.000000,0.000000,0
15820,171.450010,109.124999,0.000000,321.752409,-147.050726,0
15830,170.550007,108.499999,0.000000,109.573317,-145.222271,0
15840,169.650003,107.874999,0.000000,109.573317,-145.222271,0
15850,168.862507,107.375000,0.000000,93.281851,-147.587605,0
15860,167.512510,106.375000,0.000000,168.002644,-143.471101,0
15870,166.837503,105.999999,0.000000,77.217896,-150.945551,0
15880,166.162497,105.750000,0.000000,71.981494,-159.677160,0
15890,164.700010,105.125000,0.000000,159.043739,-156.860344,0
15900,164.137510,104.875000,0.000000,61.555400,-156.037430,0
15910,163.687500,104.749999,0.000000,46.704859,-164.476171,0
15920,163.237507,104.500000,0.000000,51.477481,-150.945164,0
15930,163.125000,104.375000,0.000000,16.817525,-131.988843,0
15940,162.900003,104.250000,0.000000,25.738798,-150.944932,0
15950,162.224997,103.750000,0.000000,84.002011,-143.471450,0
15960,161.887510,103.625000,0.000000,35.989179,-159.676033,0
15970,161.662497,103.499999,0.047852,25.740299,-150.946788,1
15980,161.662497,103.499999,0.047852,0.000000,0.000000,1
15990,161.662497,103.499999,0.047852,0.000000,0.000000,1
16000,161.662497,103.499999,0.047852,0.000000,0.000000,1
16010,161.212503,103.374999,0.389648,46.703205,-164.475607,1
16020,161.099997,103.250000,0.398438,16.817348,-131.989386,1
16030,161.099997,103.125000,0.429688,12.500048,-90.000000,1
16040,161.099997,103.125000,0.429688,0.000000,0.000000,1
16050,161.099997,103.000000,0.444336,12.500048,-90.000000,1
16060,161.099997,103.000000,0.444336,0.000000,0.000000,1
16070,161.212503,102.874999,0.443359,16.817525,-48.011157,1
16080,161.437500,102.874999,0.460938,22.499657,0.000000,1
16090,161.437500,102.874999,0.460938,0.000000,0.000000,1
16100,162.112507,102.874999,0.497070,67.500687,0.000000,1
16110,162.787497,102.874999,0.515625,67.498970,0.000000,1
16120,165.487507,103.750000,0.544922,283.825339,17.956119,1
16130,167.400003,104.250000,0.558594,197.677582,14.651370,1
16140,171.562500,105.625000,0.583008,438.372034,18.279976,1
16150,173.812500,106.375000,0.587891,237.170840,18.434960,1
16160,178.312500,107.749999,0.602539,470.538200,16.990801,1
16170,180.337503,108.250000,0.614258,208.581898,13.869715,1
16180,182.137510,108.750000,0.629883,186.816066,15.524041,1
16190,183.825010,109.124999,0.637695,172.866438,12.528777,1
16200,185.287497,109.375000,0.645508,148.370029,9.700518,1
16210,187.650003,109.624999,0.675781,237.569737,6.040513,1
16220,188.550007,109.749999,0.685547,90.864256,7.907163,1
16230,189.675007,109.875000,0.698242,113.192319,6.340216,1
16240,189.900003,109.875000,0.700195,22.499657,0.000000,1
16250,190.012510,109.875000,0.700195,11.250687,0.000000,1
16260,190.125000,109.875000,0.700195,11.248970,0.000000,1
16270,190.125000,109.875000,0.700195,0.000000,0.000000,1
16280,189.562500,109.749999,0.661133,57.622163,-167.471146,1
16290,188.437500,109.375000,0.000000,118.585382,-161.565095,0
16300,186.637510,108.875000,0.000000,186.814412,-164.475819,0
16310,185.400003,108.499999,0.000000,129.307746,-163.141629,0
16320,182.812500,107.249999,0.000000,287.361689,-154.215223,0
16330,181.462503,106.624999,0.000000,148.765444,-155.157555,0
16340,180.112507,105.999999,0.000000,148.765444,-155.157555,0
16350,177.862507,104.875000,0.000000,251.557626,-153.434959,0
16360,177.075010,104.500000,0.000000,87.222424,-154.536615,0
16370,176.287497,104.124999,0.000000,87.224077,-154.536958,0
16380,175.387510,103.875000,0.000000,93.406347,-164.475748,0
16390,175.162497,103.875000,0.000000,22.501373,180.000000,0
16400,174.937500,103.875000,0.000000,22.499657,180.000000,0
16410,174.375000,103.499999,0.000000,67.604166,-146.309832,0
16420,174.150003,103.374999,0.000000,25.738798,-150.944932,0
16430,173.925007,103.250000,0.000000,25.738683,-150.945396,0
16440,173.587503,103.125000,0.000000,35.990789,-159.676982,0
16450,173.474997,103.125000,0.000000,11.250687,180.000000,0
16460,173.474997,103.125000,0.000000,0.000000,0.000000,0
16470,173.362507,103.125000,0.355469,11.248970,180.000000,1
16480,173.362507,103.125000,0.355469,0.000000,0.000000,1
16490,173.362507,103.125000,0.355469,0.000000,0.000000,1
16500,173.362507,103.125000,0.355469,0.000000,0.000000,1
16510,173.362507,103.125000,0.355469,0.000000,0.000000,1
16520,173.362507,103.125000,0.355469,0.000000,0.000000,1
16530,173.362507,103.000000,0.492188,12.500048,-90.000000,1
16540,173.362507,102.500000,0.504883,49.999952,-90.000000,1
16550,173.474997,101.624999,0.550781,88.220213,-82.674265,1
16560,173.474997,99.624999,0.631836,200.000048,-90.000000,1
16570,173.474997,98.750000,0.650391,87.499857,-90.000000,1
16580,173.474997,98.000000,0.671875,75.000048,-90.000000,1
16590,173.474997,97.500000,0.688477,49.999952,-90.000000,1
16600,173.587503,96.750000,0.709961,75.839206,-81.468727,1
16610,173.587503,96.499999,0.722656,25.000095,-90.000000,1
16620,173.587503,95.999999,0.740234,49.999952,-90.000000,1
16630,173.587503,95.874999,0.745117,12.500048,-90.000000,1
16640,173.587503,95.625000,0.748047,24.999857,-90.000000,1
16650,173.587503,95.500000,0.748047,12.500048,-90.000000,1
16660,173.587503,95.500000,0.748047,0.000000,0.000000,1
16670,173.700010,95.625000,0.673828,16.817525,48.011157,1
16680,173.925007,96.250000,0.000000,66.426535,70.201402,0
16690,174.262510,97.375000,0.000000,117.453501,73.300589,0
16700,174.487507,98.125000,0.000000,78.302246,73.301006,0
16710,175.275003,99.749999,0.000000,180.576099,64.144543,0
16720,175.837503,100.500000,0.000000,93.750038,53.130120,0
16730,176.400003,101.125000,0.000000,84.085150,48.012788,0
16740,177.075010,101.624999,0.000000,84.002011,36.528550,0
16750,177.862507,102.124999,0.000000,93.281851,32.412395,0
16760,179.887510,102.749999,0.000000,211.926023,17.152394,0
16770,181.012510,103.125000,0.000000,118.585457,18.435014,0
16780,183.037497,103.750000,0.000000,211.924382,17.152531,0
16790,183.825010,103.999999,0.000000,82.624280,17.612195,0
16800,185.287497,104.250000,0.000000,148.370029,9.700518,0
16810,185.737507,104.250000,0.000000,45.001030,0.000000,0
16820,186.187500,104.250000,0.000000,44.999313,0.000000,0
16830,186.637510,104.375000,0.000000,46.704859,15.523829,0
16840,186.750000,104.500000,0.000000,16.816377,48.015505,0
16850,186.974997,104.500000,0.000000,22.499657,0.000000,0
16860,187.537497,104.375000,0.000000,57.622163,-12.528854,0
16870,187.875000,104.375000,0.000000,33.750343,0.000000,0
16880,188.099997,104.250000,0.374023,25.738798,-29.055068,1
16890,188.099997,104.250000,0.374023,0.000000,0.000000,1
16900,188.099997,104.250000,0.374023,0.000000,0.000000,1
16910,188.099997,104.250000,0.374023,0.000000,0.000000,1
16920,188.099997,104.250000,0.374023,0.000000,0.000000,1
16930,188.099997,104.250000,0.374023,0.000000,0.000000,1
16940,188.099997,104.250000,0.374023,0.000000,0.000000,1
16950,188.099997,103.999999,0.546875,25.000095,-90.000000,1
16960,187.987507,103.499999,0.570313,51.249727,-102.679272,1
16970,187.425007,102.625000,0.615234,104.020611,-122.735269,1
16980,185.849997,100.374999,0.672852,274.648209,-124.992179,1
16990,184.950010,99.250000,0.684570,144.069400,-128.659394,1
17000,184.050007,98.374999,0.692383,125.524215,-135.807007,1
17010,182.700010,97.124999,0.715820,183.983443,-137.202526,1
17020,182.250000,96.624999,0.734375,67.268774,-131.987892,1
17030,182.025003,96.375000,0.751953,33.633724,-131.986941,1
17040,181.800007,96.250000,0.782227,25.738798,-150.944932,1
17050,181.462503,95.999999,0.797852,42.001077,-143.471319,1
17060,181.237507,95.874999,0.799805,25.738798,-150.944932,1
17070,181.237507,95.750000,0.797852,12.499809,-90.000000,1
17080,181.237507,95.750000,0.797852,0.000000,0.000000,1
17090,181.237507,95.999999,0.704102,24.999857,90.000000,1
17100,181.237507,96.499999,0.000000,49.999952,90.000000,0
17110,181.237507,96.750000,0.000000,25.000095,90.000000,0
17120,181.237507,96.750000,0.000000,0.000000,0.000000,0
17130,181.012510,96.875000,0.000000,25.738798,150.944932,0
17140,180.675007,96.875000,0.000000,33.750343,180.000000,0
17150,180.337503,96.875000,0.000000,33.750343,180.000000,0
17160,179.437500,96.499999,0.000000,97.500372,-157.380135,0
17170,178.650003,96.125000,0.000000,87.222424,-154.536615,0
17180,177.750000,95.249999,0.000000,125.524215,-135.807007,0
17190,175.612507,93.249998,0.000000,292.726473,-136.903290,0
17200,174.487507,92.374997,0.000000,142.521987,-142.124986,0
17210,173.474997,91.500001,0.000000,133.820605,-139.166917,0
17220,171.337503,90.374999,0.000000,241.547225,-152.241344,0
17230,170.437500,89.749999,0.000000,109.573317,-145.222271,0
17240,169.537497,89.249997,0.000000,102.956694,-150.945396,0
17250,168.075010,88.249998,0.000000,177.168399,-145.636989,0
17260,167.512510,87.874999,0.000000,67.604034,-146.310000,0
17270,166.950010,87.374997,0.000000,75.260093,-138.366352,0
17280,166.275003,86.999998,0.000000,77.217780,-150.945705,0
17290,165.825010,86.749997,0.000000,51.477597,-150.944932,0
17300,165.150003,86.374998,0.000000,77.217780,-150.945705,0
17310,165.037497,86.250000,0.000000,16.817348,-131.989386,0
17320,164.700010,86.124997,0.000000,35.989262,-159.675677,0
17330,164.587503,85.999999,0.000000,16.817348,-131.989386,0
17340,164.474997,85.875001,0.000000,16.817348,-131.989386,0
17350,164.474997,85.749998,0.000000,12.500286,-90.000000,0
17360,164.474997,85.749998,0.279297,0.000000,0.000000,1
17370,164.474997,85.749998,0.279297,0.000000,0.000000,1
17380,164.474997,85.749998,0.279297,0.000000,0.000000,1
17390,164.474997,85.749998,0.279297,0.000000,0.000000,1
17400,164.474997,85.749998,0.279297,0.000000,0.000000,1
17410,164.474997,85.749998,0.279297,0.000000,0.000000,1
17420,164.474997,85.749998,0.279297,0.000000,0.000000,1
17430,164.474997,85.749998,0.279297,0.000000,0.000000,1
17440,164.474997,85.749998,0.279297,0.000000,0.000000,1
17450,164.474997,85.749998,0.279297,0.000000,0.000000,1
17460,164.587503,85.625000,0.518555,16.817348,-48.010614,1
17470,164.587503,85.625000,0.518555,0.000000,0.000000,1
17480,164.700010,85.625000,0.524414,11.250687,0.000000,1
17490,164.925007,85.499997,0.532227,25.738914,-29.055532,1
17500,164.925007,85.499997,0.532227,0.000000,0.000000,1
17510,165.937500,85.499997,0.541016,101.249313,0.000000,1
17520,166.950010,85.749998,0.551758,104.291782,13.869602,1
17530,169.987507,86.624999,0.577148,316.101440,16.069918,1
17540,171.900003,87.249999,0.588867,201.203084,18.097287,1
17550,176.287497,88.624997,0.627930,459.790341,17.400489,1
17560,176.287497,88.624997,0.627930,0.000000,0.000000,1
17570,181.462503,90.250001,0.653320,542.414357,17.432809,1
17580,184.162497,90.999999,0.668945,280.222413,15.524111,1
17590,186.862507,91.749997,0.680664,280.224067,15.524017,1
17600,191.474997,92.999997,0.694336,477.886610,15.163141,1
17610,193.387510,93.375001,0.694336,194.893218,11.093755,1
17620,195.974997,93.750000,0.702148,261.451897,8.246343,1
17630,196.762510,93.874998,0.702148,79.737219,9.019032,1
17640,197.325010,93.874998,0.700195,56.250000,0.000000,1
17650,197.437500,93.874998,0.700195,11.248970,0.000000,1
17660,197.550007,93.874998,0.700195,11.250687,0.000000,1
17670,197.550007,93.874998,0.700195,0.000000,0.000000,1
17680,197.550007,93.874998,0.700195,0.000000,0.000000,1
17690,197.212503,93.874998,0.712891,33.750343,180.000000,1
17700,196.987507,93.750000,0.692383,25.738683,-150.945396,1
17710,195.300007,93.125000,0.103516,179.952251,-159.676863,1
17720,195.300007,93.125000,0.000000,0.000000,0.000000,0
17730,192.937500,92.624998,0.000000,241.483759,-168.050232,0
17740,191.925007,92.374997,0.000000,104.290116,-166.130172,0
17750,191.025003,92.125001,0.000000,93.407937,-164.476171,0
17760,189.224997,91.500001,0.000000,190.542639,-160.851930,0
17770,188.437500,91.250000,0.000000,82.622716,-162.387287,0
17780,187.537497,90.999999,0.000000,93.408065,-164.475889,0
17790,186.075010,90.374999,0.000000,159.043739,-156.860344,0
17800,185.512510,90.124998,0.000000,61.555400,-156.037430,0
17810,184.837503,89.749999,0.000000,77.217780,-150.945705,0
17820,183.599997,89.000001,0.000000,144.703849,-148.781803,0
17830,182.925007,88.499999,0.000000,84.000774,-143.470622,0
17840,182.925007,88.499999,0.000000,0.000000,0.000000,0
17850,180.900003,87.249999,0.000000,237.973505,-148.313676,0
17860,180.224997,86.875000,0.000000,77.217780,-150.945705,0
17870,179.550007,86.500001,0.000000,77.216279,-150.945087,0
17880,178.650003,86.124997,0.000000,97.500464,-157.380006,0
17890,178.312500,85.999999,0.000000,35.990706,-159.677338,0
17900,178.200010,85.875001,0.000000,16.816199,-131.985039,0
17910,177.750000,85.875001,0.000000,45.001030,180.000000,0
17920,177.412497,85.749998,0.000000,35.990871,-159.676626,0
17930,177.412497,85.749998,0.000000,0.000000,0.000000,0
17940,176.737507,85.875001,0.000000,68.646690,169.508132,0
17950,176.512510,85.999999,0.000000,25.738683,150.945396,0
17960,176.512510,86.124997,0.000000,12.499809,90.000000,0
17970,176.400003,86.374998,0.000000,27.415009,114.228972,0
17980,176.400003,86.500001,0.000000,12.500286,90.000000,0
17990,176.400003,86.500001,0.000000,0.000000,0.000000,0
18000,176.625000,86.624999,0.000000,25.738683,29.054604,0
18010,176.849997,86.624999,0.000000,22.499657,0.000000,0
18020,176.962503,86.624999,0.355469,11.250687,0.000000,1
18030,176.962503,86.624999,0.355469,0.000000,0.000000,1
18040,176.962503,86.624999,0.355469,0.000000,0.000000,1
18050,176.962503,86.624999,0.355469,0.000000,0.000000,1
18060,176.962503,86.624999,0.355469,0.000000,0.000000,1
18070,176.962503,86.624999,0.355469,0.000000,0.000000,1
18080,176.962503,86.624999,0.355469,0.000000,0.000000,1
18090,176.962503,86.500001,0.562500,12.499809,-90.000000,1
18100,176.849997,85.999999,0.576172,51.250337,-102.681086,1
18110,176.625000,85.499997,0.593750,54.829314,-114.227336,1
18120,175.950010,83.750000,0.636719,187.566017,-111.092077,1
18130,175.950010,83.750000,0.636719,0.000000,0.000000,1
18140,175.162497,81.749997,0.666016,214.946257,-111.492353,1
18150,174.712503,80.749998,0.677734,109.658192,-114.227439,1
18160,173.474997,78.624997,0.707031,245.907550,-120.214635,1
18170,172.687500,77.374997,0.718750,147.737972,-122.210815,1
18180,171.900003,76.124997,0.732422,147.737972,-122.210815,1
18190,170.212503,73.375001,0.753906,322.647412,-121.534827,1
18200,169.312500,71.999998,0.769531,164.336212,-123.206616,1
18210,167.287497,68.750000,0.792969,382.924621,-121.926140,1
18220,167.287497,68.750000,0.792969,0.000000,0.000000,1
18230,165.037497,65.374999,0.801758,405.624598,-123.690060,1
18240,163.687500,63.624997,0.805664,221.020302,-127.647520,1
18250,161.099997,60.124998,0.813477,435.260466,-126.475031,1
18260,159.750000,58.375001,0.813477,221.019925,-127.647595,1
18270,158.287497,56.624999,0.811523,228.066284,-129.886022,1
18280,155.812500,53.625002,0.814453,388.916326,-129.522619,1
18290,154.687500,52.249994,0.815430,177.658971,-129.289251,1
18300,153.000000,50.374994,0.819336,252.255451,-131.987212,1
18310,153.000000,50.374994,0.819336,0.000000,0.000000,1
18320,152.212503,49.499998,0.819336,117.718697,-131.987212,1
18330,151.987507,49.375000,0.819336,25.738683,-150.945396,1
18340,151.875000,49.250002,0.819336,16.817348,-131.989386,1
18350,151.762510,49.749994,0.754883,51.249030,102.679447,1
18360,152.099997,50.874996,0.000000,117.453236,73.301424,0
18370,152.437500,52.500000,0.000000,165.968249,78.266827,0
18380,152.662497,53.374996,0.000000,90.346100,75.579377,0
18390,153.224997,55.499997,0.000000,219.818910,75.173526,0
18400,153.675007,56.500001,0.000000,109.659332,65.771846,0
18410,154.237507,57.500000,0.000000,114.734665,60.642223,0
18420,155.700010,59.124999,0.000000,218.621550,48.012704,0
18430,156.712503,60.000000,0.000000,133.819618,40.833718,0
18440,156.712503,60.000000,0.000000,0.000000,0.000000,0
18450,156.712503,60.000000,0.000000,0.000000,0.000000,0
18460,156.712503,60.000000,0.000000,0.000000,0.000000,0
18470,156.712503,60.000000,0.000000,0.000000,0.000000,0
18480,169.087503,70.250001,0.000000,1606.870077,39.634372,0
18490,170.437500,70.999999,0.000000,154.434059,29.054604,0
18500,171.112507,71.374998,0.000000,77.217780,29.054295,0
18510,174.599997,73.125000,0.000000,390.193427,26.647230,0
18520,176.175007,73.750000,0.000000,169.448589,21.644307,0
18530,177.300007,74.124999,0.000000,118.585382,18.434905,0
18540,178.312500,74.375000,0.000000,104.290116,13.869828,0
18550,180.337503,75.000000,0.000000,211.926023,17.152394,0
18560,181.125000,75.374999,0.000000,87.222424,25.463385,0
18570,181.800007,75.749998,0.000000,77.217780,29.054295,0
18580,182.587503,76.250000,0.000000,93.281978,32.412519,0
18590,182.700010,76.500001,0.000000,27.415009,65.771028,0
18600,182.925007,76.749997,0.000000,33.633547,48.012788,0
18610,183.262510,77.249999,0.000000,60.324993,55.980481,0
18620,183.487507,77.500000,0.000000,33.633901,48.013331,0
18630,183.487507,77.874999,0.000000,37.499905,90.000000,0
18640,183.599997,78.249998,0.000000,39.150762,73.302159,0
18650,183.599997,78.499999,0.000000,25.000095,90.000000,0
18660,183.712503,78.750000,0.000000,27.415009,65.771028,0
18670,183.712503,79.249997,0.000000,49.999714,90.000000,0
18680,183.712503,79.249997,0.000000,0.000000,0.000000,0
18690,183.825010,79.749999,0.000000,51.250337,77.318914,0
18700,183.825010,80.000000,0.000000,25.000095,90.000000,0
18710,183.937500,80.250001,0.000000,27.414305,65.774300,0
18720,183.937500,80.374999,0.000000,12.499809,90.000000,0
18730,184.050007,80.499997,0.000000,16.817348,48.010614,0
18740,184.162497,80.749998,0.000000,27.414305,65.774300,0
18750,184.162497,80.875001,0.000000,12.500286,90.000000,0
18760,184.275003,81.124997,0.000000,27.414574,65.770619,0
18770,184.275003,81.124997,0.000000,0.000000,0.000000,0
18780,184.387510,81.374998,0.000000,27.415009,65.771028,0
18790,184.387510,81.624999,0.000000,25.000095,90.000000,0
18800,184.500000,81.875000,0.000000,27.414305,65.774300,0
18810,184.612507,81.999998,0.000000,16.817348,48.010614,0
18820,184.724997,82.374997,0.000000,39.150762,73.302159,0
18830,184.724997,82.624998,0.000000,25.000095,90.000000,0
18840,184.837503,82.750001,0.000000,16.817702,48.011701,0
18850,184.837503,82.999997,0.000000,24.999619,90.000000,0
18860,184.950010,83.125000,0.000000,16.817702,48.011701,0
18870,184.950010,83.375001,0.000000,25.000095,90.000000,0
18880,184.950010,83.499999,0.000000,12.499809,90.000000,0
18890,185.062500,83.624997,0.000000,16.816199,48.014961,0
18900,185.062500,83.624997,0.000000,0.000000,0.000000,0
18910,185.062500,83.624997,0.000000,0.000000,0.000000,0
18920,185.062500,83.624997,0.000000,0.000000,0.000000,0
18930,185.062500,83.624997,0.000000,0.000000,0.000000,0
18940,185.062500,83.874998,0.000000,25.000095,90.000000,0
18950,185.062500,83.874998,0.000000,0.000000,0.000000,0
18960,185.062500,83.874998,0.000000,0.000000,0.000000,0
18970,185.287497,83.874998,0.000000,22.499657,0.000000,0
18980,185.287497,83.874998,0.000000,0.000000,0.000000,0
18990,185.287497,83.874998,0.000000,0.000000,0.000000,0
19000,185.512510,83.874998,0.000000,22.501373,0.000000,0
19010,185.512510,83.874998,0.000000,0.000000,0.000000,0
19020,185.625000,83.874998,0.000000,11.248970,0.000000,0
19030,185.737507,84.000001,0.000000,16.817702,48.011701,0
19040,185.849997,84.000001,0.000000,11.248970,0.000000,0
19050,185.849997,84.000001,0.000000,0.000000,0.000000,0
19060,185.962503,84.124999,0.000000,16.817348,48.010614,0
19070,185.962503,84.124999,0.000000,0.000000,0.000000,0
19080,185.962503,84.124999,0.000000,0.000000,0.000000,0
19090,185.962503,84.124999,0.000000,0.000000,0.000000,0
19100,185.962503,84.124999,0.000000,0.000000,0.000000,0
19110,186.075010,84.124999,0.000000,11.250687,0.000000,0
19120,186.075010,84.124999,0.000000,0.000000,0.000000,0
19130,186.187500,84.124999,0.000000,11.248970,0.000000,0
19140,186.187500,84.124999,0.000000,0.000000,0.000000,0
19150,186.187500,84.124999,0.000000,0.000000,0.000000,0
19160,186.187500,84.124999,0.000000,0.000000,0.000000,0
19170,186.187500,84.124999,0.000000,0.000000,0.000000,0
19180,186.187500,84.124999,0.000000,0.000000,0.000000,0
19190,186.412497,84.124999,0.000000,22.499657,0.000000,0
19200,186.412497,84.124999,0.000000,0.000000,0.000000,0
19210,186.525003,84.124999,0.000000,11.250687,0.000000,0
19220,186.637510,84.124999,0.000000,11.250687,0.000000,0
19230,186.637510,84.124999,0.000000,0.000000,0.000000,0
19240,186.750000,84.124999,0.000000,11.248970,0.000000,0
19250,186.750000,84.124999,0.000000,0.000000,0.000000,0
19260,186.750000,84.124999,0.000000,0.000000,0.000000,0
19270,186.974997,84.124999,0.000000,22.499657,0.000000,0
19280,186.974997,84.249997,0.000000,12.499809,90.000000,0
19290,187.087503,84.249997,0.000000,11.250687,0.000000,0
19300,187.087503,84.249997,0.000000,0.000000,0.000000,0
19310,187.200010,84.499998,0.000000,27.415009,65.771028,0
19320,187.312500,84.499998,0.000000,11.248970,0.000000,0
19330,187.312500,84.625001,0.000000,12.500286,90.000000,0
19340,187.312500,84.625001,0.000000,0.000000,0.000000,0
19350,187.537497,84.749999,0.000000,25.738683,29.054604,0
19360,187.537497,84.874997,0.000000,12.499809,90.000000,0
19370,187.650003,85.000000,0.000000,16.817702,48.011701,0
19380,187.650003,85.000000,0.000000,0.000000,0.000000,0
19390,187.762510,85.124998,0.000000,16.817348,48.010614,0
19400,187.762510,85.124998,0.000000,0.000000,0.000000,0
19410,187.875000,85.250001,0.000000,16.816554,48.016048,0
19420,187.987507,85.374999,0.000000,16.817348,48.010614,0
19430,187.987507,85.374999,0.000000,0.000000,0.000000,0
19440,187.987507,85.499997,0.000000,12.499809,90.000000,0
19450,188.099997,85.499997,0.000000,11.248970,0.000000,0
19460,188.099997,85.499997,0.000000,0.000000,0.000000,0
19470,188.099997,85.499997,0.000000,0.000000,0.000000,0
19480,188.099997,85.499997,0.000000,0.000000,0.000000,0
19490,188.099997,85.499997,0.000000,0.000000,0.000000,0
19500,188.099997,85.499997,0.000000,0.000000,0.000000,0
19510,188.099997,85.499997,0.000000,0.000000,0.000000,0
19520,188.099997,85.499997,0.000000,0.000000,0.000000,0
19530,188.099997,85.499997,0.000000,0.000000,0.000000,0
19540,188.099997,85.749998,0.000000,25.000095,90.000000,0
19550,188.099997,85.749998,0.000000,0.000000,0.000000,0
19560,188.099997,85.749998,0.000000,0.000000,0.000000,0
19570,188.212503,85.875001,0.000000,16.817702,48.011701,0
19580,188.212503,85.875001,0.000000,0.000000,0.000000,0
19590,188.212503,85.875001,0.000000,0.000000,0.000000,0
19600,188.212503,85.999999,0.000000,12.499809,90.000000,0
19610,188.212503,85.999999,0.000000,0.000000,0.000000,0
19620,188.212503,85.999999,0.000000,0.000000,0.000000,0
19630,188.212503,86.124997,0.000000,12.499809,90.000000,0
19640,188.212503,86.124997,0.000000,0.000000,0.000000,0
19650,188.212503,86.124997,0.000000,0.000000,0.000000,0
19660,188.212503,86.374998,0.000000,25.000095,90.000000,0
19670,188.212503,86.374998,0.000000,0.000000,0.000000,0
19680,188.212503,86.500001,0.000000,12.500286,90.000000,0
19690,188.099997,86.624999,0.000000,16.817348,131.989386,0
19700,188.099997,86.624999,0.000000,0.000000,0.000000,0
19710,188.099997,86.749997,0.000000,12.499809,90.000000,0
19720,188.325010,86.999998,0.000000,33.635050,48.011157,0
19730,188.437500,87.125001,0.000000,16.816554,48.016048,0
19740,188.437500,87.125001,0.306641,0.000000,0.000000,1
19750,188.437500,87.125001,0.306641,0.000000,0.000000,1
19760,188.437500,87.125001,0.306641,0.000000,0.000000,1
19770,188.437500,87.125001,0.306641,0.000000,0.000000,1
19780,188.437500,87.125001,0.306641,0.000000,0.000000,1
19790,188.437500,87.125001,0.306641,0.000000,0.000000,1
19800,188.325010,87.374997,0.613281,27.413870,114.226109,1
19810,188.325010,87.374997,0.613281,0.000000,0.000000,1
19820,188.325010,87.374997,0.613281,0.000000,0.000000,1
19830,188.325010,87.374997,0.613281,0.000000,0.000000,1
19840,188.325010,87.374997,0.613281,0.000000,0.000000,1
19850,188.662497,87.249999,0.708984,35.989096,-20.323611,1
19860,188.887510,86.999998,0.708984,33.635050,-48.011157,1
19870,189.562500,86.500001,0.710938,84.000490,-36.529117,1
19880,189.787497,86.250000,0.712891,33.633901,-48.013331,1
19890,190.125000,85.875001,0.712891,50.451249,-48.012425,1
19900,190.462503,85.374999,0.717773,60.324993,-55.980481,1
19910,190.575010,85.124998,0.722656,27.415009,-65.771028,1
19920,190.575010,84.874997,0.737305,25.000095,-90.000000,1
19930,190.462503,84.375000,0.750000,51.249872,-102.681203,1
19940,189.112507,82.624998,0.773438,221.020302,-127.647520,1
19950,187.987507,81.250000,0.780273,177.658232,-129.289446,1
19960,185.400003,78.249998,0.792969,396.171496,-130.777789,1
19970,184.387510,76.875000,0.796875,170.756028,-126.366433,1
19980,183.487507,75.875001,0.799805,134.536399,-131.987348,1
19990,182.925007,75.124998,0.802734,93.750229,-126.869793,1
20000,182.700010,74.625001,0.811523,54.828879,-114.227541,1
20010,182.474997,74.249997,0.824219,43.733173,-120.965042,1
20020,182.362507,74.124999,0.827148,16.816199,-131.985039,1
20030,182.362507,74.000001,0.831055,12.499809,-90.000000,1
20040,182.362507,73.874998,0.833984,12.500286,-90.000000,1
20050,182.362507,73.874998,0.833984,0.000000,0.000000,1
20060,182.362507,74.000001,0.823242,12.500286,90.000000,1
20070,182.474997,74.249997,0.766602,27.413870,65.773891,1
20080,182.812500,74.625001,0.639648,50.451603,48.012788,1
20090,183.599997,75.499997,0.000000,117.718697,48.012788,0
20100,184.050007,76.124997,0.000000,77.015211,54.245491,0
20110,184.387510,76.374998,0.000000,42.001077,36.528681,0
20120,184.612507,76.374998,0.000000,22.499657,0.000000,0
20130,184.837503,76.624999,0.000000,33.633901,48.013331,0
20140,185.849997,77.249999,0.000000,118.986022,31.686541,0
20150,185.849997,77.249999,0.000000,0.000000,0.000000,0
20160,186.525003,77.374997,0.000000,68.648292,10.491216,0
20170,188.325010,77.624998,0.000000,181.728512,7.907163,0
20180,189.112507,77.624998,0.000000,78.749657,0.000000,0
20190,190.125000,77.874999,0.000000,104.290116,13.869828,0
20200,190.349997,77.874999,0.000000,22.499657,0.000000,0
20210,190.462503,77.874999,0.000000,11.250687,0.000000,0
20220,190.912497,77.874999,0.000000,44.999313,0.000000,0
20230,191.362507,77.999997,0.000000,46.704796,15.523547,0
20240,191.587503,77.999997,0.000000,22.499657,0.000000,0
20250,191.700010,78.125000,0.000000,16.817702,48.011701,0
20260,191.812500,78.249998,0.000000,16.816199,48.014961,0
20270,191.812500,78.249998,0.000000,0.000000,0.000000,0
20280,192.037497,78.499999,0.000000,33.633901,48.013331,0
20290,192.150003,78.499999,0.000000,11.250687,0.000000,0
20300,192.150003,78.624997,0.000000,12.499809,90.000000,0
20310,192.150003,78.624997,0.000000,0.000000,0.000000,0
20320,192.150003,78.624997,0.000000,0.000000,0.000000,0
20330,192.037497,78.750000,0.000000,16.817702,131.988299,0
20340,192.037497,78.750000,0.000000,0.000000,0.000000,0
20350,192.037497,78.874998,0.000000,12.499809,90.000000,0
20360,192.037497,79.000001,0.000000,12.500286,90.000000,0
20370,192.037497,79.000001,0.000000,0.000000,0.000000,0
20380,192.150003,79.124999,0.000000,16.817348,48.010614,0
20390,192.375000,79.249997,0.000000,25.738683,29.054604,0
20400,192.375000,79.249997,0.000000,0.000000,0.000000,0
20410,192.825010,79.499998,0.000000,51.479097,29.054140,0
20420,193.050007,79.499998,0.000000,22.499657,0.000000,0
20430,193.050007,79.499998,0.000000,0.000000,0.000000,0
20440,193.275003,79.625001,0.281250,25.738914,29.055532,1
20450,193.275003,79.625001,0.281250,0.000000,0.000000,1
20460,193.275003,79.625001,0.281250,0.000000,0.000000,1
20470,193.275003,79.625001,0.281250,0.000000,0.000000,1
20480,193.275003,79.625001,0.281250,0.000000,0.000000,1
20490,193.275003,79.625001,0.281250,0.000000,0.000000,1
20500,193.275003,79.625001,0.281250,0.000000,0.000000,1
20510,193.387510,79.499998,0.558594,16.817702,-48.011701,1
20520,193.387510,79.375000,0.567383,12.499809,-90.000000,1
20530,193.500000,79.000001,0.590820,39.150762,-73.302159,1
20540,193.500000,79.000001,0.590820,0.000000,0.000000,1
20550,193.612507,78.499999,0.614258,51.250337,-77.318914,1
20560,193.612507,78.125000,0.629883,37.499905,-90.000000,1
20570,193.387510,76.999998,0.659180,114.728059,-101.309746,1
20580,192.937500,76.124997,0.672852,98.393899,-117.216620,1
20590,192.375000,75.124998,0.686523,114.734665,-119.357777,1
20600,190.800007,72.999997,0.710938,264.503921,-126.544841,1
20610,189.900003,72.125001,0.716797,125.523882,-135.807164,1
20620,188.212503,70.374999,0.733398,243.108267,-133.958342,1
20630,188.212503,70.374999,0.733398,0.000000,0.000000,1
20640,186.862507,69.000001,0.747070,192.694330,-134.474332,1
20650,186.412497,68.624997,0.752930,58.577908,-140.194787,1
20660,186.075010,68.249998,0.759766,50.450101,-131.986126,1
20670,185.737507,67.874999,0.777344,50.451249,-131.987575,1
20680,185.512510,67.750001,0.783203,25.738683,-150.945396,1
20690,185.287497,67.500000,0.789063,33.635050,-131.988843,1
20700,185.287497,67.500000,0.789063,0.000000,0.000000,1
20710,185.287497,67.500000,0.789063,0.000000,0.000000,1
20720,185.625000,67.999997,0.712891,60.324598,55.980228,1
20730,186.300007,69.000001,0.447266,120.649985,55.980481,1
20740,186.300007,69.000001,0.000000,0.000000,0.000000,0
20750,186.750000,69.749999,0.000000,87.463762,59.036565,0
20760,186.750000,69.874997,0.000000,12.499809,90.000000,0
20770,186.750000,69.874997,0.000000,0.000000,0.000000,0
20780,187.312500,70.124998,0.000000,61.555400,23.962570,0
20790,187.875000,70.124998,0.000000,56.250000,0.000000,0
20800,188.437500,70.124998,0.000000,56.250000,0.000000,0
20810,189.337503,70.124998,0.000000,90.000343,0.000000,0
20820,191.587503,70.124998,0.000000,225.000000,0.000000,0
20830,192.712503,70.124998,0.000000,112.500000,0.000000,0
20840,193.837503,70.124998,0.000000,112.500000,0.000000,0
20850,195.974997,70.000000,0.000000,214.114489,-3.346778,0
20860,196.875000,69.749999,0.000000,93.408065,-15.524111,0
20870,198.337503,69.124999,0.000000,159.045317,-23.139413,0
20880,199.012510,68.750000,0.000000,77.217780,-29.054295,0
20890,199.462503,68.499999,0.000000,51.477597,-29.055068,0
20900,200.137510,68.375001,0.000000,68.648292,-10.491216,0
20910,200.362507,68.249998,0.000000,25.738914,-29.055532,0
20920,200.587503,68.125000,0.000000,25.738683,-29.054604,0
20930,201.262510,67.874999,0.000000,71.981577,-20.323018,0
20940,201.599997,67.874999,0.000000,33.748627,0.000000,0
20950,201.937500,67.874999,0.000000,33.750343,0.000000,0
20960,202.275003,67.999997,0.000000,35.990706,20.322662,0
20970,202.500000,67.999997,0.000000,22.499657,0.000000,0
20980,202.500000,67.999997,0.000000,0.000000,0.000000,0
20990,202.837503,68.499999,0.000000,60.324993,55.980481,0
21000,202.950010,68.624997,0.000000,16.817348,48.010614,0
21010,203.062500,68.750000,0.000000,16.816554,48.016048,0
21020,203.400003,69.000001,0.000000,42.001077,36.528681,0
21030,203.512510,69.124999,0.000000,16.817348,48.010614,0
21040,203.737507,69.249997,0.000000,25.738683,29.054604,0
21050,203.962503,69.499998,0.000000,33.633901,48.013331,0
21060,204.187500,69.625001,0.000000,25.738914,29.055532,0
21070,204.300007,69.749999,0.000000,16.817348,48.010614,0
21080,204.637510,69.749999,0.000000,33.750343,0.000000,0
21090,204.750000,69.874997,0.000000,16.816199,48.014961,0
21100,204.974997,69.874997,0.000000,22.499657,0.000000,0
21110,205.312500,70.000000,0.000000,35.990871,20.323374,0
21120,205.537497,70.000000,0.000000,22.499657,0.000000,0
21130,205.762510,70.000000,0.000000,22.501373,0.000000,0
21140,206.212503,70.124998,0.000000,46.703142,15.524111,0
21150,206.550007,70.124998,0.000000,33.750343,0.000000,0
21160,206.775003,70.250001,0.000000,25.738914,29.055532,0
21170,207.224997,70.374999,0.000000,46.703142,15.524111,0
21180,207.450010,70.374999,0.000000,22.501373,0.000000,0
21190,207.562500,70.499997,0.000000,16.816199,48.014961,0
21200,207.562500,70.499997,0.000000,0.000000,0.000000,0
21210,207.900003,70.625000,0.000000,35.990871,20.323374,0
21220,207.900003,70.625000,0.000000,0.000000,0.000000,0
21230,208.012510,70.749998,0.000000,16.817348,48.010614,0
21240,208.125000,70.749998,0.000000,11.248970,0.000000,0
21250,208.125000,70.749998,0.000000,0.000000,0.000000,0
21260,208.349997,70.875001,0.000000,25.738914,29.055532,0
21270,208.349997,70.875001,0.000000,0.000000,0.000000,0
21280,208.349997,70.875001,0.343750,0.000000,0.000000,1
21290,208.349997,70.875001,0.343750,0.000000,0.000000,1
21300,208.349997,70.875001,0.343750,0.000000,0.000000,1
21310,208.349997,70.875001,0.343750,0.000000,0.000000,1
21320,208.349997,70.875001,0.343750,0.000000,0.000000,1
21330,208.349997,70.875001,0.343750,0.000000,0.000000,1
21340,208.800007,70.625000,0.561523,51.479097,-29.054140,1
21350,209.250000,70.250001,0.564453,58.576284,-39.805929,1
21360,209.250000,70.250001,0.564453,0.000000,0.000000,1
21370,209.812500,69.749999,0.583984,75.260093,-41.633648,1
21380,210.037497,69.499998,0.595703,33.633901,-48.013331,1
21390,210.599997,68.874998,0.635742,84.085150,-48.012788,1
21400,210.825010,68.624997,0.651367,33.635050,-48.011157,1
21410,211.500000,67.999997,0.670898,91.991092,-42.797838,1
21420,211.724997,67.750001,0.682617,33.633547,-48.012788,1
21430,211.950010,67.624998,0.690430,25.740415,-29.053676,1
21440,212.175007,67.374997,0.699219,33.633901,-48.013331,1
21450,212.175007,67.249999,0.702148,12.499809,-90.000000,1
21460,212.287497,67.249999,0.707031,11.248970,0.000000,1
21470,212.287497,67.125001,0.710938,12.499809,-90.000000,1
21480,212.175007,66.999998,0.736328,16.816554,-131.983952,1
21490,212.062500,66.875000,0.750977,16.817348,-131.989386,1
21500,211.612507,66.500001,0.771484,58.576284,-140.194071,1
21510,211.275003,66.250000,0.777344,42.001077,-143.471319,1
21520,211.050007,65.999999,0.782227,33.633901,-131.986669,1
21530,210.262510,65.499997,0.785156,93.281978,-147.587481,1
21540,209.925007,65.124998,0.789063,50.451249,-131.987575,1
21550,209.362507,64.625001,0.789063,75.259776,-138.366623,1
21560,208.687500,64.124999,0.791016,84.002153,-143.471319,1
21570,207.112507,62.874999,0.791016,201.074697,-141.562577,1
21580,206.325010,62.249999,0.791016,100.537348,-141.562577,1
21590,205.537497,61.749997,0.791016,93.283428,-147.588047,1
21600,203.737507,60.749998,0.792969,205.911656,-150.945280,1
21610,202.724997,60.250001,0.793945,112.923613,-153.718951,1
21620,200.474997,59.000001,0.798828,257.390754,-150.945396,1
21630,199.125000,58.249998,0.799805,154.434291,-150.945241,1
21640,197.775003,57.500000,0.799805,154.434059,-150.945396,1
21650,196.312500,56.749997,0.799805,164.359989,-152.850284,1
21660,193.275003,55.124998,0.804688,344.485229,-151.854122,1
21670,191.925007,54.375000,0.816406,154.434059,-150.945396,1
21680,190.462503,53.625002,0.825195,164.359771,-152.850432,1
21690,187.762510,52.375002,0.837891,297.530888,-155.157555,1
21700,186.525003,51.750002,0.846680,138.637955,-153.204047,1
21710,184.162497,50.749998,0.851563,256.543297,-157.057992,1
21720,184.162497,50.749998,0.851563,0.000000,0.000000,1
21730,181.687500,49.624996,0.852539,271.868301,-155.555979,1
21740,180.450010,49.124994,0.852539,133.468448,-157.999060,1
21750,178.087503,48.000002,0.851563,261.668617,-154.536870,1
21760,176.962503,47.624998,0.855469,118.585533,-161.564876,1
21770,176.062500,47.249994,0.855469,97.500464,-157.380006,1
21780,175.050007,46.750002,0.851563,112.921863,-153.718782,1
21790,174.825010,46.750002,0.851563,22.499657,180.000000,1
21800,174.712503,46.750002,0.844727,11.250687,180.000000,1
21810,174.825010,47.124996,0.754883,39.150799,73.299553,1
