时间（ms）,X坐标（mm）,Y坐标（mm）,压力（0-1）,速度（mm/s）,角度（度）,落笔情况（1落笔/0抬笔）
0,7.425000,74.249997,0.176758,0.000000,0.000000,1
10,7.425000,74.249997,0.176758,0.000000,0.000000,1
20,7.425000,74.249997,0.176758,0.000000,0.000000,1
30,7.425000,74.249997,0.176758,0.000000,0.000000,1
40,7.425000,74.249997,0.176758,0.000000,0.000000,1
50,7.425000,74.249997,0.176758,0.000000,0.000000,1
60,7.425000,74.249997,0.176758,0.000000,0.000000,1
70,7.425000,74.249997,0.176758,0.000000,0.000000,1
80,7.425000,74.249997,0.176758,0.000000,0.000000,1
90,7.425000,74.249997,0.176758,0.000000,0.000000,1
100,7.425000,74.249997,0.176758,0.000000,0.000000,1
110,7.537500,74.249997,0.514648,11.250043,0.000000,1
120,7.875000,74.124999,0.515625,35.990354,-20.322870,1
130,8.212500,74.124999,0.519531,33.750021,0.000000,1
140,8.212500,74.124999,0.519531,0.000000,0.000000,1
150,8.775000,73.874998,0.524414,61.555400,-23.962570,1
160,9.112500,73.750000,0.527344,35.990404,-20.322840,1
170,9.787500,73.499999,0.535156,71.980873,-20.323226,1
180,10.125000,73.375001,0.540039,35.990404,-20.322840,1
190,10.912500,73.249998,0.549805,79.735916,-9.019528,1
200,11.362500,73.249998,0.550781,45.000064,0.000000,1
210,12.262501,73.249998,0.553711,90.000021,0.000000,1
220,12.712500,73.375001,0.557617,46.703889,15.524463,1
230,13.387501,73.499999,0.563477,68.647659,10.491314,1
240,14.175000,73.874998,0.570313,87.222715,25.463295,1
250,15.187500,74.249997,0.579102,107.971277,20.323097,1
260,17.212500,75.250001,0.603516,225.845821,26.281495,1
270,18.225001,75.749998,0.612305,112.922748,26.281266,1
280,20.475001,77.125001,0.636719,263.687938,31.429619,1
290,21.600001,77.874999,0.643555,135.208067,33.690000,1
300,22.837501,78.624997,0.651367,144.703298,31.218329,1
310,25.650001,80.250001,0.665039,324.819852,30.018426,1
320,27.000000,81.124997,0.673828,160.876190,32.949126,1
330,28.462501,81.875000,0.682617,164.359798,27.149750,1
340,29.925000,82.750001,0.689453,170.426829,30.891729,1
350,32.737500,84.249997,0.703125,318.749820,28.072426,1
360,33.975001,84.874997,0.709961,138.637380,26.796073,1
370,36.000000,85.999999,0.715820,231.651696,29.054656,1
380,36.675003,86.250000,0.719727,71.981175,20.323137,1
390,37.237503,86.500001,0.722656,61.555400,23.962570,1
400,37.800003,86.749997,0.724609,61.555206,23.962165,1
410,38.024999,86.749997,0.724609,22.499657,0.000000,1
420,38.137502,86.875000,0.724609,16.817415,48.012788,1
430,38.362503,86.875000,0.724609,22.500086,0.000000,1
440,38.587499,86.875000,0.727539,22.499657,0.000000,1
450,38.587499,86.875000,0.727539,0.000000,0.000000,1
460,38.587499,86.875000,0.727539,0.000000,0.000000,1
470,38.587499,86.875000,0.727539,0.000000,0.000000,1
480,38.475001,86.875000,0.738281,11.249828,180.000000,1
490,37.687500,86.875000,0.553711,78.750086,180.000000,1
500,37.237503,86.749997,0.000000,46.703683,-164.475466,0
510,35.887500,86.500001,0.000000,137.295528,-169.508702,0
520,34.087501,85.749998,0.000000,194.999952,-157.380038,0
530,33.187500,85.374999,0.000000,97.500082,-157.380216,0
540,32.512500,85.000000,0.000000,77.217217,-150.945473,0
550,31.275001,85.000000,0.000000,123.749828,180.000000,0
560,30.825000,85.000000,0.000000,45.000172,180.000000,0
570,30.600001,85.000000,0.000000,22.499871,180.000000,0
580,30.375000,85.000000,0.000000,22.500086,180.000000,0
590,30.375000,85.124998,0.000000,12.499809,90.000000,0
600,30.375000,85.374999,0.000000,25.000095,90.000000,0
610,29.812500,86.250000,0.000000,104.020811,122.735198,0
620,29.475001,86.624999,0.000000,50.450962,131.987212,0
630,29.137500,87.125001,0.000000,60.324873,124.019350,0
640,28.800000,88.249998,0.000000,117.453150,106.699244,0
650,28.800000,88.750000,0.000000,50.000191,90.000000,0
660,28.687500,89.249997,0.000000,51.249730,102.680501,0
670,28.687500,89.625001,0.000000,37.500381,90.000000,0
680,28.350001,90.625000,0.000000,105.541639,108.649511,0
690,28.237500,90.999999,0.000000,39.151070,106.699344,0
700,28.012500,91.875000,0.000000,90.346669,104.420811,0
710,28.012500,92.249999,0.000000,37.499905,90.000000,0
720,27.900001,92.624998,0.000000,39.151009,106.699044,0
730,27.675000,93.249998,0.000000,66.426680,109.798946,0
740,27.675000,93.499999,0.000000,25.000095,90.000000,0
750,27.562500,93.874998,0.000000,39.151070,106.699344,0
760,27.450000,94.249997,0.000000,39.151070,106.699344,0
770,27.337501,94.499998,0.000000,27.414657,114.227336,0
780,27.225001,94.749999,0.000000,27.414745,114.227745,0
790,27.112500,94.874997,0.000000,16.816917,131.987756,0
800,26.887500,95.125000,0.000000,33.634366,131.986941,0
810,26.775001,95.374999,0.000000,27.414439,114.227541,0
820,26.662501,95.500000,0.000000,16.817094,131.987212,0
830,26.437500,95.874999,0.000000,43.732102,120.963917,0
840,26.325000,95.999999,0.000000,16.817094,131.987212,0
850,26.212501,96.250000,0.000000,27.414657,114.227336,0
860,26.212501,96.375000,0.000000,12.500048,90.000000,0
870,26.212501,96.499999,0.000000,12.499809,90.000000,0
880,26.212501,96.750000,0.000000,25.000095,90.000000,0
890,26.212501,96.750000,0.000000,0.000000,0.000000,0
900,26.212501,97.000000,0.000000,25.000095,90.000000,0
910,26.212501,97.124999,0.000000,12.499809,90.000000,0
920,26.325000,97.500000,0.000000,39.151237,73.301057,0
930,26.437500,97.625000,0.000000,16.817094,48.012788,0
940,26.662501,97.874999,0.000000,33.634011,48.012516,0
950,26.775001,98.000000,0.000000,16.817094,48.012788,0
960,26.887500,98.125000,0.000000,16.816951,48.013331,0
970,27.225001,98.374999,0.000000,42.000762,36.528594,0
980,27.450000,98.374999,0.000000,22.499871,0.000000,0
990,27.675000,98.625000,0.000000,33.634188,48.012788,0
1000,28.125000,98.750000,0.000000,46.703826,15.524181,0
1010,28.237500,98.875000,0.224609,16.817094,48.012788,1
1020,28.237500,98.875000,0.224609,0.000000,0.000000,1
1030,28.237500,98.875000,0.224609,0.000000,0.000000,1
1040,28.237500,98.875000,0.224609,0.000000,0.000000,1
1050,28.237500,98.875000,0.224609,0.000000,0.000000,1
1060,28.237500,98.875000,0.224609,0.000000,0.000000,1
1070,28.237500,98.875000,0.224609,0.000000,0.000000,1
1080,28.237500,98.875000,0.224609,0.000000,0.000000,1
1090,28.237500,98.875000,0.224609,0.000000,0.000000,1
1100,28.237500,98.875000,0.224609,0.000000,0.000000,1
1110,28.237500,98.875000,0.224609,0.000000,0.000000,1
1120,28.237500,98.875000,0.224609,0.000000,0.000000,1
1130,28.237500,98.875000,0.224609,0.000000,0.000000,1
1140,28.237500,98.750000,0.533203,12.500048,-90.000000,1
1150,28.125000,97.874999,0.538086,88.220350,-97.326426,1
1160,28.125000,97.874999,0.538086,0.000000,0.000000,1
1170,28.012500,96.250000,0.548828,162.888865,-93.960329,1
1180,27.900001,95.374999,0.554688,88.220323,-97.326288,1
1190,27.675000,93.874998,0.565430,151.678220,-98.530792,1
1200,27.562500,93.125000,0.571289,75.838874,-98.530819,1
1210,27.562500,91.374998,0.582031,175.000191,-90.000000,1
1220,27.562500,90.499997,0.587891,87.500095,-90.000000,1
1230,27.450000,89.625001,0.595703,88.219877,-97.326466,1
1240,27.450000,87.500000,0.628906,212.500095,-90.000000,1
1250,27.450000,87.500000,0.628906,0.000000,0.000000,1
1260,27.450000,85.499997,0.654297,200.000286,-90.000000,1
1270,27.562500,84.499998,0.666016,100.630733,-83.581183,1
1280,27.787501,82.500000,0.680664,201.261466,-83.581183,1
1290,27.900001,81.500001,0.684570,100.630733,-83.581183,1
1300,28.125000,79.499998,0.693359,201.261916,-83.581259,1
1310,28.237500,78.499999,0.698242,100.630733,-83.581183,1
1320,28.350001,77.374997,0.703125,113.061295,-84.289395,1
1330,28.462501,75.000000,0.711914,237.766014,-87.288003,1
1340,28.462501,75.000000,0.711914,0.000000,0.000000,1
1350,28.575000,72.374997,0.726563,262.741239,-87.546008,1
1360,28.575000,71.124997,0.734375,125.000000,-90.000000,1
1370,28.575000,68.499999,0.754883,262.499809,-90.000000,1
1380,28.575000,67.125001,0.764648,137.499809,-90.000000,1
1390,28.462501,65.749998,0.767578,137.959731,-94.677337,1
1400,28.350001,62.750001,0.779297,300.210579,-92.147596,1
1410,28.237500,61.124997,0.782227,162.889341,-93.960318,1
1420,27.900001,57.624998,0.789063,351.623364,-95.507908,1
1430,27.900001,57.624998,0.789063,0.000000,0.000000,1
1440,27.112500,51.999998,0.790039,567.985762,-97.969619,1
1450,27.112500,51.999998,0.790039,0.000000,0.000000,1
1460,26.662501,48.750000,0.789063,328.100400,-97.883136,1
1470,26.437500,47.249994,0.791016,151.678692,-98.530766,1
1480,25.987500,45.124998,0.793945,217.212072,-101.956594,1
1490,25.762500,44.375000,0.793945,78.302141,-106.699344,1
1500,25.537501,43.750000,0.793945,66.426608,-109.798772,1
1510,25.200000,43.125000,0.797852,71.030424,-118.369138,1
1520,25.087501,42.874994,0.799805,27.415092,-114.226927,1
1530,24.750000,42.749996,0.799805,35.990505,-159.677219,1
1540,24.750000,42.749996,0.799805,0.000000,0.000000,1
1550,24.637500,42.749996,0.793945,11.250043,180.000000,1
1560,24.075000,43.499994,0.691406,93.749847,126.869968,1
1570,23.512500,44.749994,0.608398,137.073201,114.227745,1
1580,22.612500,46.999998,0.000000,242.332739,111.801357,0
1590,21.150001,50.500002,0.000000,379.327437,112.677925,0
1600,20.587501,51.499996,0.000000,114.734250,119.357894,0
1610,20.362500,52.124996,0.000000,66.426680,109.798946,0
1620,20.250000,52.624998,0.000000,51.250196,102.680383,0
1630,20.250000,52.874994,0.000000,24.999619,90.000000,0
1640,20.137500,53.249998,0.000000,39.151527,106.699144,0
1650,19.800000,54.749994,0.000000,153.749609,102.680383,0
1660,19.687500,55.749998,0.000000,100.631207,96.418787,0
1670,19.575000,57.874999,0.000000,212.797683,93.030487,0
1680,19.575000,58.874998,0.000000,99.999905,90.000000,0
1690,19.462501,60.875001,0.000000,200.316432,93.219441,0
1700,19.462501,61.749997,0.000000,87.499619,90.000000,0
1710,19.575000,63.125000,0.000000,137.959731,85.322663,0
1720,19.800000,63.624997,0.000000,54.829055,65.772050,0
1730,19.912501,64.124999,0.000000,51.250196,77.319617,0
1740,20.137500,64.625001,0.000000,54.829402,65.772459,0
1750,20.250000,64.874997,0.000000,27.414310,65.771846,0
1760,20.362500,65.250001,0.000000,39.151527,73.300856,0
1770,20.475001,65.749998,0.000000,51.249730,77.319499,0
1780,20.700000,66.624999,0.000000,90.346615,75.579321,0
1790,20.700000,66.624999,0.000000,0.000000,0.000000,0
1800,20.925000,67.874999,0.000000,127.008873,79.795988,0
1810,20.925000,68.375001,0.000000,50.000191,90.000000,0
1820,21.037501,68.750000,0.000000,39.151070,73.300656,0
1830,21.150001,69.499998,0.000000,75.838874,81.469181,0
1840,21.262500,69.749999,0.000000,27.414657,65.772664,0
1850,21.375000,70.124998,0.000000,39.151070,73.300656,0
1860,21.487500,70.625000,0.000000,51.250196,77.319617,0
1870,21.600001,70.999999,0.000000,39.151070,73.300656,0
1880,21.712501,71.374998,0.000000,39.151070,73.300656,0
1890,22.162501,72.125001,0.000000,87.464502,59.036364,0
1900,22.162501,72.125001,0.000000,0.000000,0.000000,0
1910,22.275001,72.374997,0.000000,27.414310,65.771846,0
1920,22.500000,72.750001,0.207031,43.732400,59.036645,1
1930,22.500000,72.750001,0.207031,0.000000,0.000000,1
1940,22.500000,72.750001,0.207031,0.000000,0.000000,1
1950,22.500000,72.750001,0.207031,0.000000,0.000000,1
1960,22.500000,72.750001,0.207031,0.000000,0.000000,1
1970,22.500000,72.750001,0.207031,0.000000,0.000000,1
1980,22.500000,72.750001,0.207031,0.000000,0.000000,1
1990,22.500000,72.750001,0.207031,0.000000,0.000000,1
2000,22.500000,72.750001,0.207031,0.000000,0.000000,1
2010,22.500000,72.750001,0.207031,0.000000,0.000000,1
2020,22.500000,72.624998,0.604492,12.500286,-90.000000,1
2030,22.275001,72.125001,0.625000,54.828967,-114.227745,1
2040,22.050000,71.500001,0.626953,66.426680,-109.798946,1
2050,21.487500,69.625001,0.634766,195.755747,-106.699244,1
2060,21.037501,68.499999,0.640625,121.166369,-111.801357,1
2070,20.700000,67.500000,0.645508,105.541708,-108.649622,1
2080,20.250000,66.500001,0.652344,109.658456,-114.227745,1
2090,19.800000,65.250001,0.659180,132.853288,-109.798859,1
2100,18.562500,62.750001,0.668945,278.951740,-116.335418,1
2110,17.887501,61.624999,0.676758,131.196548,-120.963690,1
2120,16.650000,59.375000,0.706055,256.785962,-118.810812,1
2130,16.087500,58.375001,0.723633,114.734665,-119.357777,1
2140,15.525000,57.249999,0.737305,125.778994,-116.565012,1
2150,14.175000,55.124998,0.741211,251.756400,-122.427539,1
2160,13.612500,54.124994,0.745117,114.735081,-119.357660,1
2170,12.375000,52.375002,0.744141,214.333399,-125.265895,1
2180,12.375000,52.375002,0.744141,0.000000,0.000000,1
2190,11.587500,51.499996,0.744141,117.719621,-131.987018,1
2200,11.362500,51.125002,0.744141,43.731638,-120.964118,1
2210,11.025000,50.874996,0.742188,42.001102,-143.470535,1
2220,10.912500,50.749998,0.742188,16.816917,-131.987756,1
2230,10.687500,50.625000,0.742188,25.738964,-150.945744,1
2240,10.575001,50.625000,0.674805,11.249936,180.000000,1
2250,10.575001,51.250000,0.587891,62.500000,90.000000,1
2260,10.575001,52.375002,0.000000,112.500191,90.000000,0
2270,10.575001,53.499994,0.000000,112.499237,90.000000,0
2280,10.687500,54.124994,0.000000,63.504418,79.796083,0
2290,11.137501,55.374999,0.000000,132.853773,70.201167,0
2300,11.475000,55.999999,0.000000,71.030322,61.631015,0
2310,11.925000,56.749997,0.000000,87.464148,59.036143,0
2320,12.937500,58.375001,0.000000,191.462602,58.073990,0
2330,13.612500,59.249997,0.000000,110.509905,52.352241,0
2340,14.512501,60.124998,0.000000,125.523984,44.193095,0
2350,16.650000,62.125001,0.000000,292.727106,43.096658,0
2360,17.775000,63.125000,0.000000,150.519869,41.633512,0
2370,18.787501,64.000001,0.000000,133.820186,40.833508,0
2380,20.812500,65.625000,0.000000,259.639046,38.745963,0
2390,21.825000,66.250000,0.000000,118.986570,31.686379,0
2400,22.837501,66.875000,0.000000,118.986752,31.686324,0
2410,24.862500,67.624998,0.000000,215.942554,20.323097,0
2420,25.762500,67.999997,0.000000,97.499884,22.619833,0
2430,26.550000,67.999997,0.000000,78.750086,0.000000,0
2440,27.562500,67.874999,0.000000,102.018621,-7.037837,0
2450,27.900001,67.999997,0.000000,35.990505,20.322781,0
2460,28.237500,68.125000,0.000000,35.990469,20.323611,0
2470,28.575000,68.249998,0.000000,35.990303,20.322900,0
2480,28.800000,68.249998,0.000000,22.500086,0.000000,0
2490,29.025001,68.249998,0.000000,22.500086,0.000000,0
2500,29.250000,68.125000,0.000000,25.738870,-29.054372,0
2510,29.250000,68.125000,0.000000,0.000000,0.000000,0
2520,29.250000,68.125000,0.000000,0.000000,0.000000,0
2530,29.250000,68.125000,0.000000,0.000000,0.000000,0
2540,29.250000,68.125000,0.000000,0.000000,0.000000,0
2550,29.025001,67.999997,0.000000,25.739102,-150.944700,0
2560,28.575000,67.874999,0.000000,46.703969,-164.476171,0
2570,28.350001,67.874999,0.000000,22.499871,180.000000,0
2580,28.237500,67.874999,0.000000,11.250043,180.000000,0
2590,27.900001,67.874999,0.000000,33.749914,180.000000,0
2600,27.787501,67.874999,0.000000,11.250043,180.000000,0
2610,27.675000,67.750001,0.000000,16.816917,-131.987756,0
2620,27.450000,67.750001,0.000000,22.500086,180.000000,0
2630,27.337501,67.750001,0.000000,11.249828,180.000000,0
2640,27.337501,67.750001,0.000000,0.000000,0.000000,0
2650,27.225001,67.624998,0.000000,16.817271,-131.986669,0
2660,27.112500,67.624998,0.000000,11.250043,180.000000,0
2670,27.112500,67.624998,0.000000,0.000000,0.000000,0
2680,27.000000,67.750001,0.000000,16.817271,131.986669,0
2690,26.887500,68.125000,0.000000,39.151070,106.699344,0
2700,26.887500,68.249998,0.000000,12.499809,90.000000,0
2710,26.887500,68.499999,0.000000,25.000095,90.000000,0
2720,27.000000,68.750000,0.000000,27.414745,65.772255,0
2730,27.112500,68.874998,0.000000,16.816917,48.012244,0
2740,27.450000,69.249997,0.000000,50.450962,48.012788,0
2750,27.675000,69.375000,0.000000,25.739289,29.055068,0
2760,27.900001,69.499998,0.000000,25.739058,29.054140,0
2770,28.012500,69.625001,0.318359,16.817128,48.013874,1
2780,28.012500,69.625001,0.318359,0.000000,0.000000,1
2790,28.012500,69.625001,0.318359,0.000000,0.000000,1
2800,28.012500,69.625001,0.318359,0.000000,0.000000,1
2810,28.012500,69.625001,0.318359,0.000000,0.000000,1
2820,28.012500,69.625001,0.318359,0.000000,0.000000,1
2830,28.012500,69.625001,0.318359,0.000000,0.000000,1
2840,28.012500,69.625001,0.318359,0.000000,0.000000,1
2850,28.012500,69.625001,0.318359,0.000000,0.000000,1
2860,28.012500,69.375000,0.631836,25.000095,-90.000000,1
2870,28.012500,68.750000,0.634766,62.500000,-90.000000,1
2880,28.125000,67.999997,0.640625,75.839346,-81.469234,1
2890,28.237500,66.999998,0.650391,100.630733,-83.581183,1
2900,28.575000,65.124998,0.673828,190.513272,-79.796052,1
2910,28.800000,64.249997,0.683594,90.346669,-75.579189,1
2920,29.025001,63.499999,0.693359,78.302141,-73.300656,1
2930,29.587501,62.249999,0.709961,137.073201,-65.772255,1
2940,29.812500,61.875000,0.714844,43.731991,-59.036324,1
2950,30.037501,61.500001,0.718750,43.732102,-59.036083,1
2960,30.937500,60.999999,0.730469,102.956319,-29.054720,1
2970,31.725001,60.875001,0.735352,79.735947,-9.019177,1
2980,32.625000,60.749998,0.740234,90.863864,-7.907349,1
2990,34.200000,60.999999,0.756836,159.471757,9.019359,1
3000,34.762500,61.250000,0.763672,61.555400,23.962570,1
3010,35.100001,61.374998,0.771484,35.990505,20.322781,1
3020,35.325000,61.500001,0.781250,25.739102,29.055300,1
3030,35.775001,61.749997,0.790039,51.478116,29.054140,1
3040,36.000000,61.875000,0.791016,25.739102,29.055300,1
3050,36.450002,61.999998,0.793945,46.703969,15.523829,1
3060,36.562500,62.125001,0.794922,16.817128,48.013874,1
3070,36.562500,62.125001,0.794922,0.000000,0.000000,1
3080,36.562500,62.125001,0.794922,0.000000,0.000000,1
3090,36.562500,62.125001,0.794922,0.000000,0.000000,1
3100,36.562500,62.125001,0.794922,0.000000,0.000000,1
3110,36.562500,62.125001,0.794922,0.000000,0.000000,1
3120,35.325000,62.125001,0.464844,123.750043,180.000000,1
3130,35.325000,62.125001,0.000000,0.000000,0.000000,0
3140,34.087501,61.875000,0.000000,126.249851,-168.578756,0
3150,32.850001,61.875000,0.000000,123.750043,180.000000,0
3160,32.962501,61.875000,0.000000,11.250043,0.000000,0
3170,33.187500,62.125001,0.000000,33.634045,48.013059,0
3180,33.075000,62.374997,0.000000,27.414310,114.228154,0
3190,33.075000,63.125000,0.000000,75.000286,90.000000,0
3200,32.850001,63.750000,0.000000,66.426608,109.798772,0
3210,32.850001,64.625001,0.000000,87.500095,90.000000,0
3220,34.087501,66.749997,0.000000,245.906814,59.785438,0
3230,35.212501,67.874999,0.000000,159.099161,45.000049,0
3240,36.562500,68.874998,0.000000,168.002816,36.528855,0
3250,39.712499,70.749998,0.000000,366.580409,30.762726,0
3260,40.612503,71.500001,0.000000,117.154192,39.805571,0
3270,41.512502,72.374997,0.000000,125.523575,44.192973,0
3280,42.187500,73.125000,0.000000,100.902278,48.012969,0
3290,42.862503,73.750000,0.000000,91.992036,42.797293,0
3300,43.200002,74.625001,0.000000,93.783385,68.907730,0
3310,43.087499,75.124998,0.000000,51.249777,102.680735,0
3320,43.200002,75.124998,0.000000,11.250257,0.000000,0
3330,43.649999,75.250001,0.000000,46.703683,15.524534,0
3340,43.875000,75.749998,0.000000,54.829055,65.772050,0
3350,43.875000,75.999999,0.000000,25.000095,90.000000,0
3360,43.875000,76.124997,0.000000,12.499809,90.000000,0
3370,43.649999,76.124997,0.000000,22.500086,180.000000,0
3380,42.524999,76.250000,0.000000,113.192346,173.659664,0
3390,41.737503,76.374998,0.000000,79.735523,170.980774,0
3400,39.937500,76.500001,0.000000,180.433782,176.027419,0
3410,38.925003,76.624999,0.000000,102.018408,172.962148,0
3420,38.024999,76.624999,0.000000,90.000343,180.000000,0
3430,37.125000,76.624999,0.000000,89.999914,180.000000,0
3440,36.899999,76.624999,0.000000,22.500086,180.000000,0
3450,36.675003,76.624999,0.000000,22.499657,180.000000,0
3460,36.450002,76.624999,0.000000,22.500086,180.000000,0
3470,36.225001,76.624999,0.000000,22.500086,180.000000,0
3480,35.775001,76.749997,0.000000,46.703762,164.476100,0
3490,35.662501,76.875000,0.000000,16.817271,131.986669,0
3500,35.662501,76.999998,0.000000,12.499809,90.000000,0
3510,35.437500,77.125001,0.000000,25.739289,150.944932,0
3520,35.437500,77.249999,0.000000,12.499809,90.000000,0
3530,35.437500,77.374997,0.000000,12.499809,90.000000,0
3540,35.325000,77.500000,0.000000,16.817271,131.986669,0
3550,35.325000,77.624998,0.000000,12.499809,90.000000,0
3560,35.212501,77.750001,0.000000,16.817128,131.986126,0
3570,35.212501,77.750001,0.000000,0.000000,0.000000,0
3580,35.100001,77.874999,0.000000,16.816917,131.987756,0
3590,34.987500,77.874999,0.000000,11.250043,180.000000,0
3600,34.650001,77.874999,0.000000,33.749914,180.000000,0
3610,34.312500,77.624998,0.000000,42.000904,-143.471145,0
3620,34.200000,77.500000,0.000000,16.816917,-131.987756,0
3630,33.975001,77.374997,0.000000,25.739102,-150.944700,0
3640,33.637500,77.125001,0.000000,42.000620,-143.471667,0
3650,33.637500,77.125001,0.000000,0.000000,0.000000,0
3660,33.412501,76.999998,0.000000,25.739102,-150.944700,0
3670,33.075000,76.624999,0.000000,50.451105,-131.987394,0
3680,33.075000,76.500001,0.000000,12.499809,-90.000000,0
3690,32.962501,76.374998,0.000000,16.817128,-131.986126,0
3700,32.850001,76.250000,0.000000,16.816917,-131.987756,0
3710,32.850001,76.250000,0.000000,0.000000,0.000000,0
3720,32.850001,76.250000,0.000000,0.000000,0.000000,0
3730,32.850001,76.250000,0.000000,0.000000,0.000000,0
3740,32.850001,76.250000,0.000000,0.000000,0.000000,0
3750,32.962501,76.124997,0.000000,16.817271,-48.013331,0
3760,33.075000,76.124997,0.000000,11.249828,0.000000,0
3770,33.075000,76.124997,0.000000,0.000000,0.000000,0
3780,33.187500,76.124997,0.000000,11.250043,0.000000,0
3790,33.187500,76.124997,0.000000,0.000000,0.000000,0
3800,33.412501,76.124997,0.000000,22.500086,0.000000,0
3810,33.412501,76.124997,0.000000,0.000000,0.000000,0
3820,33.412501,75.999999,0.000000,12.499809,-90.000000,0
3830,33.525001,75.999999,0.000000,11.250043,0.000000,0
3840,33.525001,75.999999,0.000000,0.000000,0.000000,0
3850,33.750000,75.999999,0.000000,22.499871,0.000000,0
3860,33.750000,75.999999,0.000000,0.000000,0.000000,0
3870,33.975001,75.999999,0.000000,22.500086,0.000000,0
3880,34.087501,75.999999,0.000000,11.250043,0.000000,0
3890,34.200000,76.124997,0.000000,16.816773,48.012788,0
3900,34.312500,76.124997,0.000000,11.250043,0.000000,0
3910,34.312500,76.124997,0.000000,0.000000,0.000000,0
3920,34.537501,76.250000,0.000000,25.739289,29.055068,0
3930,34.537501,76.374998,0.000000,12.499809,90.000000,0
3940,34.650001,76.374998,0.000000,11.250043,0.000000,0
3950,34.650001,76.374998,0.000000,0.000000,0.000000,0
3960,34.650001,76.500001,0.000000,12.500286,90.000000,0
3970,34.762500,76.624999,0.000000,16.816773,48.012788,0
3980,34.762500,76.624999,0.000000,0.000000,0.000000,0
3990,34.762500,76.624999,0.000000,0.000000,0.000000,0
4000,34.875000,76.624999,0.000000,11.250043,0.000000,0
4010,34.875000,76.624999,0.000000,0.000000,0.000000,0
4020,34.875000,76.624999,0.000000,0.000000,0.000000,0
4030,34.875000,76.749997,0.000000,12.499809,90.000000,0
4040,34.875000,76.749997,0.000000,0.000000,0.000000,0
4050,34.875000,76.749997,0.000000,0.000000,0.000000,0
4060,34.875000,76.749997,0.000000,0.000000,0.000000,0
4070,34.875000,76.749997,0.000000,0.000000,0.000000,0
4080,35.100001,76.749997,0.000000,22.500086,0.000000,0
4090,35.100001,76.749997,0.000000,0.000000,0.000000,0
4100,35.212501,76.875000,0.000000,16.817271,48.013331,0
4110,35.212501,76.875000,0.000000,0.000000,0.000000,0
4120,35.437500,76.875000,0.000000,22.499871,0.000000,0
4130,35.437500,76.875000,0.000000,0.000000,0.000000,0
4140,35.437500,76.875000,0.000000,0.000000,0.000000,0
4150,35.437500,76.875000,0.000000,0.000000,0.000000,0
4160,35.662501,76.875000,0.000000,22.500086,0.000000,0
4170,35.662501,76.875000,0.000000,0.000000,0.000000,0
4180,35.662501,76.875000,0.000000,0.000000,0.000000,0
4190,35.662501,76.875000,0.000000,0.000000,0.000000,0
4200,35.662501,76.875000,0.000000,0.000000,0.000000,0
4210,35.662501,76.875000,0.000000,0.000000,0.000000,0
4220,35.662501,76.624999,0.000000,25.000095,-90.000000,0
4230,35.662501,76.500001,0.000000,12.499809,-90.000000,0
4240,35.662501,76.500001,0.000000,0.000000,0.000000,0
4250,35.550000,76.250000,0.000000,27.414745,-114.227745,0
4260,35.437500,75.875001,0.000000,39.151070,-106.699344,0
4270,35.325000,75.749998,0.000000,16.817271,-131.986669,0
4280,35.212501,75.749998,0.000000,11.249828,180.000000,0
4290,35.100001,75.625000,0.000000,16.816917,-131.987756,0
4300,35.100001,75.625000,0.000000,0.000000,0.000000,0
4310,34.987500,75.374999,0.000000,27.414745,-114.227745,0
4320,34.987500,75.374999,0.000000,0.000000,0.000000,0
4330,34.875000,75.250001,0.000000,16.816917,-131.987756,0
4340,34.762500,75.250001,0.000000,11.250043,180.000000,0
4350,34.762500,75.250001,0.000000,0.000000,0.000000,0
4360,34.650001,75.124998,0.000000,16.817128,-131.986126,0
4370,34.650001,75.124998,0.000000,0.000000,0.000000,0
4380,34.650001,75.124998,0.000000,0.000000,0.000000,0
4390,34.650001,75.124998,0.000000,0.000000,0.000000,0
4400,34.650001,75.000000,0.000000,12.499809,-90.000000,0
4410,34.650001,75.000000,0.000000,0.000000,0.000000,0
4420,34.650001,75.000000,0.000000,0.000000,0.000000,0
4430,34.650001,75.000000,0.274414,0.000000,0.000000,1
4440,34.650001,75.000000,0.274414,0.000000,0.000000,1
4450,34.650001,75.000000,0.274414,0.000000,0.000000,1
4460,34.650001,75.000000,0.274414,0.000000,0.000000,1
4470,34.650001,75.000000,0.274414,0.000000,0.000000,1
4480,34.650001,75.000000,0.274414,0.000000,0.000000,1
4490,34.650001,75.000000,0.274414,0.000000,0.000000,1
4500,34.650001,75.000000,0.274414,0.000000,0.000000,1
4510,34.650001,75.000000,0.274414,0.000000,0.000000,1
4520,34.650001,75.000000,0.274414,0.000000,0.000000,1
4530,34.650001,75.000000,0.274414,0.000000,0.000000,1
4540,34.762500,74.874997,0.510742,16.817128,-48.013874,1
4550,34.875000,74.749999,0.524414,16.816917,-48.012244,1
4560,35.100001,74.499998,0.546875,33.634188,-48.012788,1
4570,35.212501,74.375000,0.550781,16.816917,-48.012244,1
4580,35.550000,74.124999,0.558594,42.000732,-36.529030,1
4590,35.550000,74.124999,0.558594,0.000000,0.000000,1
4600,36.000000,74.000001,0.564453,46.703762,-15.523900,1
4610,36.225001,73.874998,0.568359,25.739289,-29.055068,1
4620,36.787501,73.624997,0.576172,61.555400,-23.962570,1
4630,37.125000,73.624997,0.578125,33.749914,0.000000,1
4640,37.462499,73.499999,0.581055,35.990303,-20.322900,1
4650,38.250000,73.499999,0.588867,78.750086,0.000000,1
4660,38.925003,73.624997,0.591797,68.647870,10.491281,1
4670,40.725001,74.249997,0.606445,190.541828,19.148154,1
4680,41.737503,74.625001,0.619141,107.971644,20.323295,1
4690,42.750000,75.124998,0.636719,112.922459,26.281339,1
4700,43.762502,75.625000,0.651367,112.923055,26.281459,1
4710,46.012502,76.624999,0.667969,246.221406,23.962469,1
4720,47.250000,77.249999,0.677734,138.637188,26.796113,1
4730,48.600001,77.874999,0.685547,148.765833,24.842375,1
4740,51.412501,79.375000,0.707031,318.750045,28.072502,1
4750,52.875000,80.124998,0.712891,164.359389,27.149636,1
4760,55.800003,81.749997,0.727539,334.608158,29.054568,1
4770,55.800003,81.749997,0.727539,0.000000,0.000000,1
4780,58.837499,83.249998,0.732422,338.768184,26.281451,1
4790,60.187500,84.124999,0.735352,160.876629,32.949227,1
4800,61.537501,84.874997,0.738281,154.434435,29.054527,1
4810,64.012502,86.124997,0.749023,277.274760,26.796073,1
4820,65.024999,86.624999,0.751953,112.922670,26.281556,1
4830,66.487503,87.374997,0.754883,164.359771,27.149568,1
4840,66.825002,87.500000,0.757813,35.990469,20.323611,1
4850,67.274999,87.750001,0.758789,51.477972,29.054836,1
4860,67.387502,87.750001,0.760742,11.250257,0.000000,1
4870,67.500000,87.874999,0.760742,16.816773,48.012788,1
4880,67.500000,87.874999,0.760742,0.000000,0.000000,1
4890,67.387502,87.874999,0.749023,11.249828,180.000000,1
4900,66.825002,87.750001,0.680664,57.622111,-167.471377,1
4910,65.700002,87.374997,0.097656,118.585533,-161.564876,1
4920,63.675003,86.875000,0.000000,208.581367,-166.130384,0
4930,62.437500,86.500001,0.000000,129.307266,-163.141675,0
4940,61.200002,86.124997,0.000000,129.306994,-163.141417,0
4950,59.399999,85.374999,0.000000,195.000164,-157.380216,0
4960,58.612503,85.499997,0.000000,79.735523,170.980774,0
4970,57.375000,85.499997,0.000000,123.750257,180.000000,0
4980,56.812500,85.499997,0.000000,56.250000,180.000000,0
4990,56.250000,85.749998,0.000000,61.555400,156.037430,0
5000,55.125000,86.749997,0.000000,150.519869,138.366488,0
5010,54.562500,87.374997,0.000000,84.085150,131.987212,0
5020,54.112503,87.874999,0.000000,67.268090,131.986941,0
5030,53.774999,88.375001,0.000000,60.324993,124.019519,0
5040,53.437500,89.000001,0.000000,71.030322,118.368985,0
5050,53.100001,89.249997,0.000000,42.000448,143.471493,0
5060,53.100001,89.249997,0.000000,0.000000,0.000000,0
5070,53.100001,89.625001,0.000000,37.500381,90.000000,0
5080,52.425003,90.250001,0.000000,91.991722,137.202526,0
5090,52.087499,90.625000,0.000000,50.451249,131.987575,0
5100,51.524999,91.374998,0.000000,93.749847,126.869968,0
5110,51.300003,91.749997,0.000000,43.731881,120.963435,0
5120,50.850001,92.500000,0.000000,87.464612,120.963757,0
5130,50.737503,92.750001,0.000000,27.414657,114.227336,0
5140,50.512502,92.999997,0.000000,33.633834,131.987756,0
5150,50.175003,93.499999,0.000000,60.324753,124.019181,0
5160,50.062500,93.750000,0.000000,27.414833,114.228154,0
5170,50.062500,94.000001,0.000000,25.000095,90.000000,0
5180,49.950002,94.499998,0.000000,51.249683,102.680266,0
5190,49.950002,94.874997,0.000000,37.499905,90.000000,0
5200,49.950002,95.125000,0.000000,25.000334,90.000000,0
5210,50.287501,95.999999,0.000000,93.783163,68.907678,0
5220,50.287501,95.999999,0.000000,0.000000,0.000000,0
5230,50.512502,96.499999,0.236328,54.829272,65.772152,1
5240,50.512502,96.499999,0.236328,0.000000,0.000000,1
5250,50.512502,96.499999,0.236328,0.000000,0.000000,1
5260,50.512502,96.499999,0.236328,0.000000,0.000000,1
5270,50.512502,96.499999,0.236328,0.000000,0.000000,1
5280,50.512502,96.499999,0.236328,0.000000,0.000000,1
5290,50.512502,96.624999,0.450195,12.500048,90.000000,1
5300,50.512502,96.624999,0.450195,0.000000,0.000000,1
5310,50.512502,96.624999,0.450195,0.000000,0.000000,1
5320,50.512502,96.499999,0.541992,12.500048,-90.000000,1
5330,50.512502,96.375000,0.562500,12.499809,-90.000000,1
5340,50.512502,96.125000,0.577148,25.000095,-90.000000,1
5350,50.512502,95.500000,0.598633,62.500000,-90.000000,1
5360,50.512502,95.125000,0.609375,37.499905,-90.000000,1
5370,50.399999,93.874998,0.625000,125.505490,-95.142872,1
5380,50.399999,92.999997,0.630859,87.500095,-90.000000,1
5390,50.287501,90.999999,0.644531,200.315956,-93.219449,1
5400,50.287501,90.000000,0.655273,99.999905,-90.000000,1
5410,50.287501,89.000001,0.663086,99.999905,-90.000000,1
5420,50.175003,88.125000,0.668945,88.220323,-97.326288,1
5430,50.175003,86.999998,0.674805,112.500191,-90.000000,1
5440,50.175003,84.749999,0.686523,224.999905,-90.000000,1
5450,50.175003,83.499999,0.693359,125.000000,-90.000000,1
5460,50.175003,80.625000,0.712891,287.499905,-90.000000,1
5470,50.287501,79.000001,0.721680,162.888851,-86.039746,1
5480,50.287501,77.125001,0.734375,187.500000,-90.000000,1
5490,50.287501,73.125000,0.761719,400.000095,-90.000000,1
5500,50.287501,71.124997,0.777344,200.000286,-90.000000,1
5510,50.287501,69.249997,0.793945,187.500000,-90.000000,1
5520,50.287501,67.374997,0.810547,187.500000,-90.000000,1
5530,50.175003,63.750000,0.829102,362.674236,-91.777549,1
5540,50.062500,61.999998,0.839844,175.361441,-93.678319,1
5550,49.950002,58.499999,0.853516,350.180656,-91.840989,1
5560,49.837499,56.749997,0.858398,175.361441,-93.678319,1
5570,49.837499,54.875002,0.861328,187.499523,-90.000000,1
5580,49.725001,51.125002,0.869141,375.168707,-91.718332,1
5590,49.725001,49.250002,0.869141,187.500000,-90.000000,1
5600,49.725001,45.625000,0.872070,362.500191,-90.000000,1
5610,49.725001,45.625000,0.872070,0.000000,0.000000,1
5620,49.725001,42.500000,0.873047,312.500000,-90.000000,1
5630,49.725001,41.125002,0.873047,137.499809,-90.000000,1
5640,49.837499,39.749994,0.872070,137.960206,-85.322679,1
5650,49.837499,37.375002,0.869141,237.499237,-90.000000,1
5660,49.837499,36.250000,0.865234,112.500191,-90.000000,1
5670,49.725001,34.749994,0.852539,150.421841,-94.289072,1
5680,49.725001,34.749994,0.852539,0.000000,0.000000,1
5690,49.612503,33.999996,0.848633,75.838842,-98.530659,1
5700,49.612503,33.625002,0.840820,37.499428,-90.000000,1
5710,49.612503,33.625002,0.840820,0.000000,0.000000,1
5720,49.500000,33.499994,0.810547,16.817769,-131.986126,1
5730,49.274999,33.999996,0.708984,54.829490,114.227745,1
5740,48.825002,35.000000,0.619141,109.658803,114.227541,1
5750,48.037501,36.999998,0.000000,214.945341,111.492080,0
5760,46.687500,39.250002,0.000000,262.393207,120.963730,0
5770,46.687500,39.250002,0.000000,0.000000,0.000000,0
5780,44.212499,43.625002,0.000000,502.655491,119.497470,0
5790,43.537501,45.000000,0.000000,153.174490,116.146815,0
5800,43.200002,46.499996,0.000000,153.749609,102.680383,0
5810,42.975001,49.250002,0.000000,275.919497,94.677426,0
5820,43.087499,50.625000,0.000000,137.959256,85.322647,0
5830,43.087499,51.999998,0.000000,137.499809,90.000000,0
5840,43.087499,54.875002,0.000000,287.500381,90.000000,0
5850,42.975001,56.374998,0.000000,150.420890,94.289099,0
5860,42.862503,57.874999,0.000000,150.421366,94.289085,0
5870,42.862503,60.499997,0.000000,262.499809,90.000000,0
5880,42.862503,61.749997,0.000000,125.000000,90.000000,0
5890,42.862503,62.874999,0.000000,112.500191,90.000000,0
5900,42.975001,64.749999,0.000000,187.837187,86.566422,0
5910,43.087499,65.499997,0.000000,75.838842,81.469341,0
5920,43.200002,66.124997,0.000000,63.504475,79.795798,0
5930,43.537501,67.374997,0.000000,129.476085,74.890462,0
5940,43.762502,67.999997,0.000000,66.426680,70.201054,0
5950,43.987503,68.499999,0.000000,54.829490,65.772255,0
5960,44.325002,69.124999,0.000000,71.030322,61.631015,0
5970,44.437500,69.375000,0.000000,27.414657,65.772664,0
5980,44.662501,69.625001,0.000000,33.634188,48.012788,0
5990,44.887502,70.124998,0.000000,54.829055,65.772050,0
6000,45.112503,70.499997,0.000000,43.732102,59.036083,0
6010,45.225001,70.749998,0.000000,27.414657,65.772664,0
6020,45.337499,70.875001,0.300781,16.817128,48.013874,1
6030,45.337499,70.875001,0.300781,0.000000,0.000000,1
6040,45.337499,70.875001,0.300781,0.000000,0.000000,1
6050,45.337499,70.875001,0.300781,0.000000,0.000000,1
6060,45.337499,70.875001,0.300781,0.000000,0.000000,1
6070,45.337499,70.875001,0.300781,0.000000,0.000000,1
6080,45.337499,70.999999,0.514648,12.499809,90.000000,1
6090,45.337499,70.999999,0.514648,0.000000,0.000000,1
6100,45.337499,70.875001,0.583008,12.499809,-90.000000,1
6110,45.225001,70.749998,0.597656,16.817128,-131.986126,1
6120,44.887502,69.874997,0.614258,93.783385,-111.092270,1
6130,44.662501,69.000001,0.617188,90.346207,-104.420886,1
6140,44.212499,67.999997,0.624023,109.658979,-114.227745,1
6150,43.425003,65.999999,0.637695,214.945184,-111.491974,1
6160,43.425003,65.999999,0.637695,0.000000,0.000000,1
6170,42.862503,64.249997,0.650391,183.818196,-107.818871,1
6180,42.412501,63.375001,0.658203,98.393083,-117.216302,1
6190,41.625000,61.250000,0.677734,226.622741,-110.334125,1
6200,41.062500,60.250001,0.684570,114.734665,-119.357777,1
6210,39.712499,57.999997,0.701172,262.393207,-120.963730,1
6220,39.037501,56.875000,0.707031,131.196084,-120.963757,1
6230,37.462499,54.250002,0.718750,306.124899,-120.963802,1
6240,36.675003,53.125000,0.723633,137.323710,-124.991857,1
6250,36.675003,53.125000,0.723633,0.000000,0.000000,1
6260,35.212501,50.999994,0.726563,257.964326,-124.537072,1
6270,34.537501,50.249996,0.728516,100.902067,-131.987303,1
6280,33.300000,49.124994,0.737305,167.243433,-137.726273,1
6290,32.625000,48.625002,0.737305,84.001068,-143.471580,1
6300,31.612500,48.000002,0.741211,118.986570,-148.313621,1
6310,31.162501,47.749996,0.741211,51.478391,-150.944816,1
6320,30.937500,47.624998,0.740234,25.739058,-150.945860,1
6330,30.375000,47.500000,0.710938,57.622111,-167.471377,1
6340,30.375000,47.500000,0.710938,0.000000,0.000000,1
6350,29.925000,47.249994,0.657227,51.478391,-150.944816,1
6360,29.700000,47.249994,0.620117,22.500086,180.000000,1
6370,29.587501,47.624998,0.323242,39.151465,106.698843,1
6380,29.587501,47.624998,0.000000,0.000000,0.000000,0
6390,29.587501,48.499994,0.000000,87.499619,90.000000,0
6400,29.587501,49.875002,0.000000,137.500763,90.000000,0
6410,29.475001,50.374994,0.000000,51.249265,102.680618,0
6420,29.475001,51.250000,0.000000,87.500572,90.000000,0
6430,29.587501,51.875000,0.000000,63.504437,79.795988,0
6440,30.487500,53.750000,0.000000,207.981332,64.359015,0
6450,31.500000,54.749994,0.000000,142.307552,44.643978,0
6460,32.737500,55.875001,0.000000,167.243754,42.273848,0
6470,34.650001,58.249998,0.000000,304.930663,51.156741,0
6480,35.662501,59.499998,0.000000,160.861909,50.992539,0
6490,36.675003,60.749998,0.000000,160.862044,50.992480,0
6500,37.800003,61.875000,0.000000,159.099161,45.000049,0
6510,40.162501,63.750000,0.000000,301.612718,38.437322,0
6520,41.287501,64.499998,0.000000,135.208067,33.690000,0
6530,42.300003,65.124998,0.000000,118.986752,31.686324,0
6540,43.987503,65.875001,0.000000,184.666200,23.962570,0
6550,44.662501,66.124997,0.000000,71.980607,20.322900,0
6560,45.450002,66.124997,0.000000,78.750086,0.000000,0
6570,46.912501,66.124997,0.000000,146.249914,0.000000,0
6580,47.475001,66.250000,0.000000,57.622215,12.529085,0
6590,48.037501,66.250000,0.000000,56.250000,0.000000,0
6600,48.712499,66.624999,0.000000,77.217030,29.054604,0
6610,48.712499,66.624999,0.000000,0.000000,0.000000,0
6620,48.937500,66.624999,0.000000,22.500086,0.000000,0
6630,49.500000,66.624999,0.000000,56.250000,0.000000,0
6640,49.612503,66.500001,0.000000,16.817061,-48.011701,0
6650,49.725001,66.500001,0.000000,11.249828,0.000000,0
6660,49.837499,66.374998,0.000000,16.817128,-48.013874,0
6670,49.950002,66.250000,0.000000,16.817061,-48.011701,0
6680,49.950002,66.250000,0.000000,0.000000,0.000000,0
6690,50.062500,66.124997,0.000000,16.817128,-48.013874,0
6700,50.062500,66.124997,0.000000,0.000000,0.000000,0
6710,50.062500,66.124997,0.000000,0.000000,0.000000,0
6720,50.062500,66.124997,0.000000,0.000000,0.000000,0
6730,50.175003,66.500001,0.000000,39.151589,73.300555,0
6740,50.175003,66.624999,0.000000,12.499809,90.000000,0
6750,50.287501,66.749997,0.000000,16.816773,48.012788,0
6760,50.399999,66.999998,0.000000,27.414657,65.772664,0
6770,50.512502,67.125001,0.000000,16.817415,48.012788,0
6780,50.512502,67.249999,0.000000,12.499809,90.000000,0
6790,50.512502,67.249999,0.399414,0.000000,0.000000,1
6800,50.512502,67.249999,0.399414,0.000000,0.000000,1
6810,50.512502,67.249999,0.399414,0.000000,0.000000,1
6820,50.512502,67.249999,0.399414,0.000000,0.000000,1
6830,50.512502,67.249999,0.399414,0.000000,0.000000,1
6840,50.512502,67.249999,0.399414,0.000000,0.000000,1
6850,50.512502,67.249999,0.399414,0.000000,0.000000,1
6860,50.512502,67.249999,0.399414,0.000000,0.000000,1
6870,50.512502,67.249999,0.399414,0.000000,0.000000,1
6880,50.625000,67.249999,0.632813,11.249828,0.000000,1
6890,50.850001,67.125001,0.638672,25.739058,-29.054140,1
6900,51.637502,66.624999,0.664063,93.282341,-32.412377,1
6910,51.637502,66.624999,0.664063,0.000000,0.000000,1
6920,52.875000,65.749998,0.685547,151.559515,-35.263079,1
6930,53.662501,65.250001,0.695313,93.282085,-32.412130,1
6940,55.350001,64.249997,0.711914,196.154630,-30.650764,1
6950,56.137502,63.750000,0.718750,93.282085,-32.412130,1
6960,57.825002,62.874999,0.742188,190.086373,-27.407601,1
6970,58.612503,62.374997,0.749023,93.282341,-32.412377,1
6980,59.512502,61.875000,0.753906,102.956087,-29.054488,1
6990,60.524999,61.374998,0.756836,112.922670,-26.281556,1
7000,61.537501,60.875001,0.761719,112.922844,-26.281242,1
7010,63.675003,59.874997,0.773438,235.985619,-25.071964,1
7020,64.800003,59.625001,0.778320,115.244223,-12.528623,1
7030,66.937500,59.000001,0.783203,222.699803,-16.298815,1
7040,67.950002,58.874998,0.786133,102.018892,-7.038088,1
7050,69.637502,58.624997,0.796875,170.591815,-8.427001,1
7060,70.200002,58.499999,0.800781,57.622111,-12.528623,1
7070,70.649999,58.499999,0.804688,44.999743,0.000000,1
7080,70.987503,58.499999,0.808594,33.750343,0.000000,1
7090,71.212499,58.375001,0.813477,25.738683,-29.054604,1
7100,71.437500,58.375001,0.816406,22.500086,0.000000,1
7110,71.550003,58.375001,0.816406,11.250257,0.000000,1
7120,70.875000,58.375001,0.821289,67.500257,180.000000,1
7130,69.300003,58.375001,0.517578,157.499743,180.000000,1
7140,66.487503,58.375001,0.000000,281.250000,180.000000,0
7150,64.462499,58.249998,0.000000,202.885796,-176.467631,0
7160,62.437500,58.249998,0.000000,202.499914,180.000000,0
7170,60.862503,58.249998,0.000000,157.499743,180.000000,0
7180,60.862503,58.249998,0.000000,0.000000,0.000000,0
7190,60.862503,58.249998,0.000000,0.000000,0.000000,0
7200,60.862503,58.249998,0.000000,0.000000,0.000000,0
7210,60.862503,58.249998,0.000000,0.000000,0.000000,0
7220,60.862503,58.249998,0.000000,0.000000,0.000000,0
7230,60.862503,58.249998,0.000000,0.000000,0.000000,0
7240,60.862503,58.249998,0.000000,0.000000,0.000000,0
7250,60.862503,58.249998,0.000000,0.000000,0.000000,0
7260,60.862503,58.249998,0.000000,0.000000,0.000000,0
7270,60.862503,58.249998,0.000000,0.000000,0.000000,0
7280,60.862503,58.249998,0.000000,0.000000,0.000000,0
7290,60.862503,58.249998,0.000000,0.000000,0.000000,0
7300,60.862503,58.249998,0.000000,0.000000,0.000000,0
7310,60.862503,58.249998,0.000000,0.000000,0.000000,0
7320,60.862503,58.249998,0.000000,0.000000,0.000000,0
7330,60.862503,58.249998,0.000000,0.000000,0.000000,0
7340,60.862503,58.249998,0.000000,0.000000,0.000000,0
7350,60.862503,58.249998,0.000000,0.000000,0.000000,0
7360,60.862503,58.249998,0.000000,0.000000,0.000000,0
7370,60.862503,58.249998,0.000000,0.000000,0.000000,0
7380,60.862503,58.249998,0.000000,0.000000,0.000000,0
7390,60.862503,58.249998,0.000000,0.000000,0.000000,0
7400,60.862503,58.249998,0.000000,0.000000,0.000000,0
7410,60.862503,58.249998,0.000000,0.000000,0.000000,0
7420,60.862503,58.249998,0.000000,0.000000,0.000000,0
7430,60.862503,58.249998,0.000000,0.000000,0.000000,0
7440,60.862503,58.249998,0.000000,0.000000,0.000000,0
7450,60.862503,58.249998,0.000000,0.000000,0.000000,0
7460,60.862503,58.249998,0.000000,0.000000,0.000000,0
7470,60.862503,58.249998,0.000000,0.000000,0.000000,0
7480,60.862503,58.249998,0.000000,0.000000,0.000000,0
7490,60.862503,58.249998,0.000000,0.000000,0.000000,0
7500,60.862503,58.249998,0.000000,0.000000,0.000000,0
7510,60.862503,58.249998,0.000000,0.000000,0.000000,0
7520,86.062500,71.250000,0.000000,2835.559768,27.287994,0
7530,86.062500,71.250000,0.000000,0.000000,0.000000,0
7540,86.062500,71.374998,0.000000,12.499809,90.000000,0
7550,85.950002,71.500001,0.000000,16.817128,131.986126,0
7560,85.950002,71.624999,0.000000,12.499809,90.000000,0
7570,85.837503,71.749997,0.000000,16.816773,131.987212,0
7580,85.725005,71.875000,0.000000,16.817128,131.986126,0
7590,85.612498,72.500000,0.000000,63.504551,100.204583,0
7600,85.612498,72.874999,0.000000,37.499905,90.000000,0
7610,85.500000,73.375001,0.000000,51.250148,102.680149,0
7620,85.275003,74.124999,0.000000,78.302017,106.699044,0
7630,85.162505,74.375000,0.000000,27.414657,114.227336,0
7640,85.049998,74.625001,0.000000,27.415009,114.228972,0
7650,85.049998,74.874997,0.000000,24.999619,90.000000,0
7660,85.049998,74.874997,0.000000,0.000000,0.000000,0
7670,84.712503,75.625000,0.000000,82.243970,114.227336,0
7680,84.600005,75.875001,0.000000,27.414657,114.227336,0
7690,84.375000,76.374998,0.000000,54.829231,114.228359,0
7700,84.375000,76.374998,0.000000,0.000000,0.000000,0
7710,84.150003,76.749997,0.000000,43.731881,120.963435,0
7720,84.150003,76.749997,0.000000,0.000000,0.000000,0
7730,84.037505,76.749997,0.000000,11.249828,180.000000,0
7740,84.037505,76.749997,0.000000,0.000000,0.000000,0
7750,84.037505,76.749997,0.000000,0.000000,0.000000,0
7760,84.037505,77.125001,0.000000,37.500381,90.000000,0
7770,84.037505,77.500000,0.000000,37.499905,90.000000,0
7780,84.037505,77.624998,0.000000,12.499809,90.000000,0
7790,84.037505,77.750001,0.000000,12.500286,90.000000,0
7800,84.037505,77.874999,0.000000,12.499809,90.000000,0
7810,84.037505,77.999997,0.000000,12.499809,90.000000,0
7820,83.924998,77.999997,0.000000,11.250687,180.000000,0
7830,83.924998,77.999997,0.000000,0.000000,0.000000,0
7840,83.812500,78.249998,0.000000,27.414657,114.227336,0
7850,83.587503,78.375001,0.000000,25.738914,150.944468,0
7860,83.362498,78.375001,0.000000,22.500515,180.000000,0
7870,83.137502,78.750000,0.000000,43.731881,120.963435,0
7880,82.912505,79.000001,0.000000,33.633901,131.986669,0
7890,82.799998,79.249997,0.000000,27.414574,114.229381,0
7900,82.575002,80.124998,0.000000,90.346562,104.420547,0
7910,82.575002,80.625000,0.000000,50.000191,90.000000,0
7920,82.350005,81.875000,0.000000,127.008797,100.203821,0
7930,82.350005,82.750001,0.000000,87.500095,90.000000,0
7940,82.350005,83.375001,0.000000,62.500000,90.000000,0
7950,82.687500,84.499998,0.000000,117.453026,73.300956,0
7960,83.137502,85.000000,0.000000,67.268377,48.012788,0
7970,83.700002,85.499997,0.000000,75.259776,41.633377,0
7980,85.387502,86.749997,0.000000,210.003720,36.528855,0
7990,86.512502,87.249999,0.000000,123.110800,23.962570,0
8000,87.637502,87.750001,0.000000,123.110800,23.962570,0
8010,88.200002,88.125000,0.000000,67.604034,33.690000,0
8020,88.200002,88.125000,0.000000,0.000000,0.000000,0
8030,88.087503,88.125000,0.000000,11.249828,180.000000,0
8040,88.200002,88.125000,0.000000,11.249828,0.000000,0
8050,88.537505,88.375001,0.000000,42.001077,36.528681,0
8060,89.100005,88.874998,0.000000,75.259776,41.633377,0
8070,89.549998,89.124999,0.000000,51.477597,29.055068,0
8080,90.225005,89.874997,0.000000,100.902498,48.012425,0
8090,90.562500,90.250001,0.000000,50.451029,48.013512,0
8100,91.125000,90.999999,0.000000,93.749847,53.130032,0
8110,91.125000,91.374998,0.000000,37.499905,90.000000,0
8120,91.237498,91.624999,0.000000,27.414657,65.772664,0
8130,91.462503,91.749997,0.000000,25.739433,29.053676,0
8140,91.687500,91.749997,0.000000,22.499657,0.000000,0
8150,91.687500,91.749997,0.000000,0.000000,0.000000,0
8160,91.799998,91.999998,0.000000,27.414657,65.772664,0
8170,91.799998,92.125001,0.000000,12.500286,90.000000,0
8180,91.799998,92.125001,0.000000,0.000000,0.000000,0
8190,91.575002,92.125001,0.000000,22.499657,180.000000,0
8200,91.237498,92.125001,0.000000,33.750343,180.000000,0
8210,90.900003,92.125001,0.000000,33.749485,180.000000,0
8220,90.787505,91.999998,0.000000,16.817128,-131.986126,0
8230,90.337503,91.500001,0.000000,67.268022,-131.987484,0
8240,90.225005,91.374998,0.000000,16.817128,-131.986126,0
8250,90.000000,91.124997,0.000000,33.634476,-131.987756,0
8260,89.662505,90.999999,0.000000,35.989901,-159.676863,0
8270,89.549998,90.999999,0.000000,11.250687,180.000000,0
8280,89.437500,90.875001,0.000000,16.816773,-131.987212,0
8290,88.987498,90.875001,0.000000,45.000172,180.000000,0
8300,88.762502,90.875001,0.000000,22.499657,180.000000,0
8310,88.537505,90.749998,0.000000,25.738914,-150.944468,0
8320,87.975005,90.749998,0.000000,56.250000,180.000000,0
8330,87.750000,90.749998,0.000000,22.500515,180.000000,0
8340,87.412505,90.749998,0.000000,33.749485,180.000000,0
8350,86.962503,90.999999,0.000000,51.478347,150.945396,0
8360,86.737498,91.124997,0.000000,25.739433,150.946324,0
8370,86.625000,91.374998,0.000000,27.414657,114.227336,0
8380,86.512502,91.875000,0.000000,51.250148,102.680149,0
8390,86.400003,92.125001,0.000000,27.414657,114.227336,0
8400,86.287505,92.500000,0.000000,39.151009,106.699044,0
8410,86.287505,93.125000,0.000000,62.500000,90.000000,0
8420,86.174998,93.375001,0.000000,27.415009,114.228972,0
8430,86.174998,93.750000,0.000000,37.499905,90.000000,0
8440,86.062500,94.249997,0.000000,51.249683,102.680266,0
8450,85.950002,94.375000,0.000000,16.817128,131.986126,0
8460,85.950002,94.625001,0.000000,25.000095,90.000000,0
8470,85.950002,94.749999,0.000000,12.499809,90.000000,0
8480,85.950002,94.874997,0.000000,12.499809,90.000000,0
8490,85.950002,95.125000,0.000000,25.000334,90.000000,0
8500,86.062500,95.374999,0.000000,27.414439,65.772459,0
8510,86.062500,95.374999,0.000000,0.000000,0.000000,0
8520,86.174998,95.500000,0.000000,16.816951,48.013331,0
8530,86.287505,95.500000,0.000000,11.250687,0.000000,0
8540,86.287505,95.500000,0.000000,0.000000,0.000000,0
8550,86.400003,95.625000,0.000000,16.816951,48.013331,0
8560,86.400003,95.750000,0.000000,12.500048,90.000000,0
8570,86.400003,95.750000,0.000000,0.000000,0.000000,0
8580,86.400003,95.750000,0.000000,0.000000,0.000000,0
8590,86.400003,95.750000,0.000000,0.000000,0.000000,0
8600,86.400003,95.750000,0.000000,0.000000,0.000000,0
8610,86.400003,95.750000,0.000000,0.000000,0.000000,0
8620,86.400003,95.750000,0.000000,0.000000,0.000000,0
8630,86.512502,95.874999,0.000000,16.816773,48.012788,0
8640,86.512502,95.874999,0.000000,0.000000,0.000000,0
8650,86.512502,95.999999,0.000000,12.500048,90.000000,0
8660,86.512502,95.999999,0.000000,0.000000,0.000000,0
8670,86.512502,95.999999,0.000000,0.000000,0.000000,0
8680,86.625000,96.125000,0.000000,16.816951,48.013331,0
8690,86.625000,96.125000,0.000000,0.000000,0.000000,0
8700,86.625000,96.125000,0.000000,0.000000,0.000000,0
8710,86.962503,96.375000,0.000000,42.001077,36.528681,0
8720,87.075002,96.499999,0.000000,16.816773,48.012788,0
8730,87.187500,96.499999,0.000000,11.249828,0.000000,0
8740,87.412505,96.750000,0.000000,33.634476,48.012244,0
8750,87.525003,96.750000,0.000000,11.249828,0.000000,0
8760,87.750000,96.875000,0.000000,25.738798,29.055068,0
8770,88.087503,97.124999,0.000000,42.000935,36.528420,0
8780,88.200002,97.249999,0.000000,16.816951,48.013331,0
8790,88.424998,97.375000,0.000000,25.738798,29.055068,0
8800,88.650003,97.625000,0.000000,33.634476,48.012244,0
8810,88.875000,97.749999,0.000000,25.738683,29.054604,0
8820,88.987498,97.874999,0.000000,16.816951,48.013331,0
8830,89.212503,97.874999,0.000000,22.500515,0.000000,0
8840,89.437500,98.000000,0.000000,25.738798,29.055068,0
8850,89.662505,98.125000,0.000000,25.739549,29.054140,0
8860,89.887502,98.125000,0.000000,22.499657,0.000000,0
8870,90.225005,98.374999,0.000000,42.000935,36.528420,0
8880,90.337503,98.374999,0.000000,11.249828,0.000000,0
8890,90.450002,98.499999,0.000000,16.816951,48.013331,0
8900,90.787505,98.625000,0.000000,35.990789,20.323018,0
8910,90.900003,98.750000,0.000000,16.816951,48.013331,0
8920,91.012502,98.750000,0.000000,11.249828,0.000000,0
8930,91.012502,98.750000,0.000000,0.000000,0.000000,0
8940,91.125000,98.875000,0.000000,16.816951,48.013331,0
8950,91.350005,98.875000,0.000000,22.500515,0.000000,0
8960,91.462503,98.875000,0.000000,11.249828,0.000000,0
8970,91.575002,98.875000,0.000000,11.249828,0.000000,0
8980,91.687500,98.999999,0.000000,16.816773,48.012788,0
8990,91.687500,98.999999,0.000000,0.000000,0.000000,0
9000,91.799998,99.124999,0.000000,16.816951,48.013331,0
9010,91.912505,99.250000,0.000000,16.817525,48.011157,0
9020,92.025003,99.250000,0.000000,11.249828,0.000000,0
9030,92.025003,99.250000,0.000000,0.000000,0.000000,0
9040,92.025003,99.250000,0.000000,0.000000,0.000000,0
9050,92.025003,99.250000,0.000000,0.000000,0.000000,0
9060,92.025003,99.250000,0.000000,0.000000,0.000000,0
9070,92.025003,99.250000,0.000000,0.000000,0.000000,0
9080,92.025003,99.250000,0.000000,0.000000,0.000000,0
9090,92.025003,99.250000,0.000000,0.000000,0.000000,0
9100,91.912505,99.250000,0.000000,11.249828,180.000000,0
9110,91.912505,99.250000,0.000000,0.000000,0.000000,0
9120,91.912505,99.250000,0.000000,0.000000,0.000000,0
9130,91.799998,99.500000,0.000000,27.415009,114.228972,0
9140,91.799998,99.624999,0.000000,12.499809,90.000000,0
9150,91.799998,99.624999,0.000000,0.000000,0.000000,0
9160,91.687500,99.749999,0.000000,16.816951,131.986669,0
9170,91.687500,100.125000,0.000000,37.500143,90.000000,0
9180,91.799998,100.374999,0.000000,27.414439,65.772459,0
9190,91.912505,100.874999,0.000000,51.250104,77.318856,0
9200,92.025003,100.999999,0.182617,16.816951,48.013331,1
9210,92.025003,100.999999,0.182617,0.000000,0.000000,1
9220,92.025003,100.999999,0.182617,0.000000,0.000000,1
9230,92.025003,100.999999,0.182617,0.000000,0.000000,1
9240,92.025003,100.999999,0.182617,0.000000,0.000000,1
9250,92.362498,101.499999,0.340820,60.324315,55.981030,1
9260,92.475005,101.624999,0.349609,16.817525,48.011157,1
9270,92.587503,101.624999,0.358398,11.249828,0.000000,1
9280,92.812500,101.624999,0.375977,22.499657,0.000000,1
9290,93.150003,101.624999,0.419922,33.750343,0.000000,1
9300,93.487498,101.624999,0.437500,33.749485,0.000000,1
9310,93.712503,101.624999,0.449219,22.500515,0.000000,1
9320,94.162505,101.375000,0.462891,51.478231,-29.054372,1
9330,94.387502,101.375000,0.466797,22.499657,0.000000,1
9340,94.612498,101.250000,0.473633,25.738798,-29.055068,1
9350,94.950002,100.874999,0.479492,50.451426,-48.012606,1
9360,95.062500,100.625000,0.492188,27.414439,-65.772459,1
9370,95.287505,100.125000,0.520508,54.829448,-65.771743,1
9380,95.287505,100.125000,0.520508,0.000000,0.000000,1
9390,95.287505,99.500000,0.553711,62.500000,-90.000000,1
9400,95.287505,99.124999,0.568359,37.500143,-90.000000,1
9410,94.950002,98.125000,0.587891,105.541777,-108.649732,1
9420,94.725005,97.375000,0.598633,78.302246,-106.698994,1
9430,94.275003,96.624999,0.603516,87.464408,-120.963837,1
9440,93.375000,95.000000,0.621094,185.758663,-118.979815,1
9450,92.924998,94.124999,0.626953,98.393507,-117.216175,1
9460,91.687500,92.500000,0.643555,204.255328,-127.290645,1
9470,91.012502,91.624999,0.649414,110.510151,-127.647520,1
9480,90.112498,90.625000,0.653320,134.536399,-131.987348,1
9490,89.212503,89.499998,0.653320,144.070123,-128.659601,1
9500,88.087503,88.375001,0.653320,159.098823,-135.000073,1
9510,85.612498,85.875001,0.657227,351.790428,-134.712144,1
9520,84.150003,84.625001,0.658203,192.389999,-139.479361,1
9530,81.562500,82.125001,0.665039,359.794025,-135.985372,1
9540,80.212503,80.999999,0.668945,175.730476,-140.194309,1
9550,77.625000,79.000001,0.676758,327.034652,-142.297946,1
9560,76.612498,78.249998,0.680664,126.002540,-143.471087,1
9570,75.600005,77.624998,0.682617,118.986022,-148.313459,1
9580,74.812500,77.125001,0.684570,93.282447,-147.588011,1
9590,74.250000,76.749997,0.684570,67.604298,-146.309663,1
9600,73.575002,76.374998,0.681641,77.217030,-150.945396,1
9610,73.350005,76.374998,0.679688,22.499657,180.000000,1
9620,73.012502,76.250000,0.679688,35.990706,-159.677338,1
9630,72.900003,76.250000,0.662109,11.249828,180.000000,1
9640,72.900003,76.250000,0.662109,0.000000,0.000000,1
9650,73.125000,76.624999,0.366211,43.731881,59.036565,1
9660,73.350005,76.875000,0.000000,33.634476,48.012244,0
9670,74.137502,77.750001,0.000000,117.719052,48.012943,0
9680,74.700002,78.249998,0.000000,75.259776,41.633377,0
9690,75.375000,78.874998,0.000000,91.991722,42.797474,0
9700,77.062500,80.000000,0.000000,202.812365,33.690112,0
9710,77.962503,80.499997,0.000000,102.956463,29.054372,0
9720,78.862498,80.875001,0.000000,97.499671,22.620188,0
9730,80.549998,81.749997,0.000000,190.086153,27.407473,0
9740,81.337503,81.999998,0.000000,82.623534,17.612533,0
9750,82.012502,82.374997,0.000000,77.217030,29.054604,0
9760,82.912505,82.500000,0.000000,90.864289,7.907312,0
9770,83.137502,82.500000,0.000000,22.499657,0.000000,0
9780,83.362498,82.500000,0.000000,22.499657,0.000000,0
9790,83.812500,82.750001,0.000000,51.478347,29.054604,0
9800,84.150003,82.874999,0.000000,35.990706,20.322662,0
9810,84.375000,82.874999,0.000000,22.499657,0.000000,0
9820,84.937500,82.874999,0.000000,56.250000,0.000000,0
9830,85.162505,82.874999,0.000000,22.500515,0.000000,0
9840,85.162505,82.624998,0.000000,25.000095,-90.000000,0
9850,85.275003,82.125001,0.000000,51.249683,-77.319734,0
9860,85.275003,81.999998,0.000000,12.500286,-90.000000,0
9870,85.162505,81.875000,0.000000,16.816773,-131.987212,0
9880,84.937500,81.624999,0.000000,33.634476,-131.987756,0
9890,84.712503,81.624999,0.000000,22.499657,180.000000,0
9900,84.487498,81.624999,0.000000,22.500515,180.000000,0
9910,84.487498,81.624999,0.000000,0.000000,0.000000,0
9920,84.037505,81.624999,0.000000,44.999313,180.000000,0
9930,83.924998,81.624999,0.000000,11.250687,180.000000,0
9940,83.924998,81.624999,0.000000,0.000000,0.000000,0
9950,83.700002,81.749997,0.000000,25.738683,150.945396,0
9960,83.700002,81.749997,0.000000,0.000000,0.000000,0
9970,83.587503,81.875000,0.000000,16.817128,131.986126,0
9980,83.587503,81.875000,0.000000,0.000000,0.000000,0
9990,83.587503,81.875000,0.000000,0.000000,0.000000,0
10000,83.587503,81.999998,0.000000,12.499809,90.000000,0
10010,83.587503,81.999998,0.000000,0.000000,0.000000,0
10020,83.587503,81.999998,0.000000,0.000000,0.000000,0
10030,83.700002,81.999998,0.000000,11.249828,0.000000,0
10040,83.700002,81.999998,0.000000,0.000000,0.000000,0
10050,83.700002,81.999998,0.000000,0.000000,0.000000,0
10060,83.700002,81.999998,0.000000,0.000000,0.000000,0
10070,83.700002,81.999998,0.000000,0.000000,0.000000,0
10080,83.700002,82.125001,0.000000,12.500286,90.000000,0
10090,83.700002,82.125001,0.000000,0.000000,0.000000,0
10100,83.700002,82.125001,0.000000,0.000000,0.000000,0
10110,83.812500,82.125001,0.000000,11.249828,0.000000,0
10120,83.812500,82.125001,0.000000,0.000000,0.000000,0
10130,83.812500,82.125001,0.000000,0.000000,0.000000,0
10140,83.812500,82.125001,0.000000,0.000000,0.000000,0
10150,83.812500,82.125001,0.000000,0.000000,0.000000,0
10160,83.812500,82.125001,0.000000,0.000000,0.000000,0
10170,83.812500,82.125001,0.000000,0.000000,0.000000,0
10180,83.812500,82.125001,0.000000,0.000000,0.000000,0
10190,83.812500,82.125001,0.000000,0.000000,0.000000,0
10200,83.812500,82.125001,0.000000,0.000000,0.000000,0
10210,83.812500,81.999998,0.000000,12.500286,-90.000000,0
10220,83.812500,81.999998,0.000000,0.000000,0.000000,0
10230,83.812500,81.875000,0.000000,12.499809,-90.000000,0
10240,83.812500,81.875000,0.000000,0.000000,0.000000,0
10250,83.924998,81.624999,0.000000,27.414657,-65.772664,0
10260,83.924998,81.624999,0.000000,0.000000,0.000000,0
10270,83.924998,81.500001,0.000000,12.499809,-90.000000,0
10280,83.924998,81.500001,0.000000,0.000000,0.000000,0
10290,83.924998,81.500001,0.000000,0.000000,0.000000,0
10300,83.924998,81.374998,0.000000,12.500286,-90.000000,0
10310,83.924998,81.374998,0.000000,0.000000,0.000000,0
10320,83.924998,81.374998,0.000000,0.000000,0.000000,0
10330,83.924998,81.250000,0.000000,12.499809,-90.000000,0
10340,83.924998,81.250000,0.000000,0.000000,0.000000,0
10350,83.924998,81.250000,0.000000,0.000000,0.000000,0
10360,83.924998,81.250000,0.000000,0.000000,0.000000,0
10370,83.924998,81.250000,0.000000,0.000000,0.000000,0
10380,84.037505,81.124997,0.000000,16.817702,-48.011701,0
10390,84.037505,81.124997,0.000000,0.000000,0.000000,0
10400,84.037505,81.124997,0.000000,0.000000,0.000000,0
10410,84.150003,81.124997,0.000000,11.249828,0.000000,0
10420,84.150003,81.124997,0.000000,0.000000,0.000000,0
10430,84.262502,81.250000,0.000000,16.817128,48.013874,0
10440,84.262502,81.374998,0.000000,12.499809,90.000000,0
10450,84.375000,81.374998,0.000000,11.249828,0.000000,0
10460,84.600005,81.624999,0.000000,33.634476,48.012244,0
10470,84.712503,81.624999,0.000000,11.249828,0.000000,0
10480,84.937500,81.749997,0.000000,25.738683,29.054604,0
10490,85.275003,81.999998,0.000000,42.001077,36.528681,0
10500,85.387502,82.125001,0.000000,16.817128,48.013874,0
10510,85.387502,82.125001,0.314453,0.000000,0.000000,1
10520,85.387502,82.125001,0.314453,0.000000,0.000000,1
10530,85.387502,82.125001,0.314453,0.000000,0.000000,1
10540,85.387502,82.125001,0.314453,0.000000,0.000000,1
10550,85.387502,82.125001,0.314453,0.000000,0.000000,1
10560,85.387502,82.125001,0.314453,0.000000,0.000000,1
10570,85.612498,82.125001,0.484375,22.499657,0.000000,1
10580,85.950002,82.125001,0.505859,33.750343,0.000000,1
10590,85.950002,82.125001,0.505859,0.000000,0.000000,1
10600,86.287505,81.999998,0.545898,35.990871,-20.323374,1
10610,86.512502,81.875000,0.559570,25.738683,-29.054604,1
10620,87.075002,81.624999,0.588867,61.555400,-23.962570,1
10630,87.299998,81.500001,0.599609,25.738683,-29.054604,1
10640,87.862498,81.124997,0.619141,67.604298,-33.690337,1
10650,88.087503,80.875001,0.632813,33.634121,-48.011701,1
10660,88.312500,80.499997,0.643555,43.732290,-59.036886,1
10670,88.650003,79.749999,0.666992,82.243888,-65.771982,1
10680,88.650003,79.749999,0.666992,0.000000,0.000000,1
10690,88.875000,78.249998,0.683594,151.678157,-81.469368,1
10700,88.875000,77.374997,0.695313,87.500095,-90.000000,1
10710,88.875000,75.374999,0.708984,199.999809,-90.000000,1
10720,88.762502,74.375000,0.726563,100.630709,-96.418696,1
10730,88.424998,72.249999,0.745117,215.163603,-99.024627,1
10740,88.312500,70.999999,0.750977,125.505214,-95.142687,1
10750,88.087503,69.625001,0.759766,139.328504,-99.293182,1
10760,87.412505,66.875000,0.774414,283.162991,-103.790829,1
10770,87.412505,66.875000,0.774414,0.000000,0.000000,1
10780,86.850005,63.624997,0.789063,329.832152,-99.819292,1
10790,86.512502,61.999998,0.793945,165.967782,-101.733207,1
10800,85.950002,58.499999,0.804688,354.491179,-99.130179,1
10810,85.612498,56.749997,0.804688,178.225005,-100.915979,1
10820,85.049998,53.249998,0.822266,354.491179,-99.130179,1
10830,84.825002,51.374998,0.825195,188.845134,-96.842670,1
10840,84.600005,49.624996,0.825195,176.440645,-97.326288,1
10850,83.924998,45.999994,0.829102,368.731245,-100.548165,1
10860,83.587503,44.250002,0.829102,178.223906,-100.915766,1
10870,83.137502,42.375002,0.827148,192.824442,-103.495783,1
10880,82.799998,40.625000,0.825195,178.225005,-100.915979,1
10890,82.125000,37.124996,0.824219,356.449848,-100.915844,1
10900,81.787505,35.500002,0.821289,165.967141,-101.732950,1
10910,81.450002,34.124994,0.819336,141.582292,-103.790928,1
10920,81.000000,32.249994,0.815430,192.824442,-103.495783,1
10930,80.775003,31.750002,0.815430,54.828444,-114.227745,1
10940,80.662505,31.250000,0.810547,51.250148,-102.680149,1
10950,80.549998,31.125002,0.803711,16.817348,-131.989386,1
10960,80.549998,30.999994,0.800781,12.500763,-90.000000,1
10970,80.437500,30.999994,0.789063,11.249828,180.000000,1
10980,80.437500,30.999994,0.789063,0.000000,0.000000,1
10990,80.437500,30.999994,0.789063,0.000000,0.000000,1
11000,80.437500,30.999994,0.789063,0.000000,0.000000,1
11010,80.437500,31.624994,0.533203,62.500000,90.000000,1
11020,80.662505,33.125000,0.173828,151.678755,81.469074,1
11030,80.662505,33.125000,0.000000,0.000000,0.000000,0
11040,80.437500,37.375002,0.000000,425.595389,93.030545,0
11050,80.325002,39.499998,0.000000,212.797196,93.030436,0
11060,80.325002,41.499996,0.000000,199.999809,90.000000,0
11070,80.325002,43.249998,0.000000,175.000191,90.000000,0
11080,80.325002,43.249998,0.000000,0.000000,0.000000,0
11090,80.325002,43.249998,0.000000,0.000000,0.000000,0
11100,80.325002,43.249998,0.000000,0.000000,0.000000,0
11110,80.325002,43.249998,0.000000,0.000000,0.000000,0
11120,80.325002,43.249998,0.000000,0.000000,0.000000,0
11130,80.325002,43.249998,0.000000,0.000000,0.000000,0
11140,80.325002,43.249998,0.000000,0.000000,0.000000,0
11150,80.325002,43.249998,0.000000,0.000000,0.000000,0
11160,80.325002,43.249998,0.000000,0.000000,0.000000,0
11170,80.325002,43.249998,0.000000,0.000000,0.000000,0
11180,80.325002,43.249998,0.000000,0.000000,0.000000,0
11190,99.900003,83.249998,0.000000,4453.291695,63.924028,0
11200,100.687500,84.124999,0.000000,117.719052,48.012943,0
11210,101.924998,85.250001,0.000000,167.243275,42.273777,0
11220,102.825002,85.999999,0.000000,117.153887,39.805392,0
11230,103.500000,86.500001,0.000000,84.001464,36.529030,0
11240,104.287505,87.125001,0.000000,100.538021,38.437119,0
11250,104.400003,87.374997,0.000000,27.414222,65.772255,0
11260,104.512502,87.500000,0.000000,16.817128,48.013874,0
11270,104.850005,87.999997,0.000000,60.324598,55.980228,0
11280,105.075002,88.249998,0.000000,33.633901,48.013331,0
11290,105.187500,88.499999,0.000000,27.414657,65.772664,0
11300,105.299998,89.000001,0.000000,51.250148,77.319851,0
11310,105.299998,89.000001,0.000000,0.000000,0.000000,0
11320,105.299998,89.249997,0.000000,24.999619,90.000000,0
11330,105.412505,89.249997,0.000000,11.250687,0.000000,0
11340,105.412505,89.249997,0.000000,0.000000,0.000000,0
11350,105.412505,89.249997,0.000000,0.000000,0.000000,0
11360,105.299998,89.375000,0.000000,16.817702,131.988299,0
11370,105.299998,89.375000,0.000000,0.000000,0.000000,0
11380,105.075002,89.375000,0.000000,22.499657,180.000000,0
11390,104.850005,89.375000,0.000000,22.499657,180.000000,0
11400,104.850005,89.375000,0.000000,0.000000,0.000000,0
11410,104.737498,89.249997,0.000000,16.817702,-131.988299,0
11420,104.737498,89.249997,0.000000,0.000000,0.000000,0
11430,104.512502,89.249997,0.000000,22.499657,180.000000,0
11440,104.287505,89.499998,0.000000,33.633901,131.986669,0
11450,104.174998,89.625001,0.000000,16.817702,131.988299,0
11460,104.062500,89.874997,0.000000,27.414222,114.227745,0
11470,103.950002,90.124998,0.000000,27.414657,114.227336,0
11480,103.837503,90.625000,0.000000,51.250148,102.680149,0
11490,103.837503,90.875001,0.000000,25.000095,90.000000,0
11500,103.837503,91.250000,0.000000,37.499905,90.000000,0
11510,103.725005,91.749997,0.000000,51.249683,102.680266,0
11520,103.725005,91.999998,0.000000,25.000095,90.000000,0
11530,103.725005,92.125001,0.000000,12.500286,90.000000,0
11540,103.725005,92.374997,0.000000,24.999619,90.000000,0
11550,103.612498,92.374997,0.000000,11.250687,180.000000,0
11560,103.612498,92.374997,0.000000,0.000000,0.000000,0
11570,103.612498,92.374997,0.000000,0.000000,0.000000,0
11580,103.387502,92.500000,0.000000,25.738914,150.944468,0
11590,103.275003,92.500000,0.000000,11.249828,180.000000,0
11600,103.162505,92.500000,0.000000,11.249828,180.000000,0
11610,103.162505,92.500000,0.000000,0.000000,0.000000,0
11620,102.937500,92.500000,0.000000,22.500515,180.000000,0
11630,102.825002,92.500000,0.000000,11.249828,180.000000,0
11640,102.825002,92.500000,0.000000,0.000000,0.000000,0
11650,102.600005,92.500000,0.000000,22.499657,180.000000,0
11660,102.600005,92.624998,0.000000,12.499809,90.000000,0
11670,102.487498,92.624998,0.000000,11.250687,180.000000,0
11680,102.487498,92.624998,0.000000,0.000000,0.000000,0
11690,102.487498,92.624998,0.000000,0.000000,0.000000,0
11700,102.600005,92.750001,0.000000,16.817702,48.011701,0
11710,102.712503,92.750001,0.000000,11.249828,0.000000,0
11720,103.049998,92.874999,0.000000,35.989901,20.323137,0
11730,103.162505,92.874999,0.000000,11.250687,0.000000,0
11740,103.387502,92.874999,0.000000,22.499657,0.000000,0
11750,103.500000,92.999997,0.000000,16.816773,48.012788,0
11760,103.725005,93.125000,0.000000,25.739664,29.054604,0
11770,103.837503,93.249998,0.000000,16.816773,48.012788,0
11780,104.062500,93.375001,0.000000,25.738914,29.055532,0
11790,104.062500,93.499999,0.000000,12.499809,90.000000,0
11800,104.174998,93.624997,0.000000,16.816773,48.012788,0
11810,104.174998,93.624997,0.000000,0.000000,0.000000,0
11820,104.287505,93.750000,0.000000,16.817702,48.011701,0
11830,104.287505,93.874998,0.000000,12.499809,90.000000,0
11840,104.287505,93.874998,0.000000,0.000000,0.000000,0
11850,104.174998,93.874998,0.000000,11.250687,180.000000,0
11860,104.174998,93.874998,0.000000,0.000000,0.000000,0
11870,103.950002,93.874998,0.000000,22.499657,180.000000,0
11880,103.837503,93.874998,0.000000,11.249828,180.000000,0
11890,103.725005,93.874998,0.000000,11.249828,180.000000,0
11900,103.612498,93.874998,0.000000,11.250687,180.000000,0
11910,103.612498,93.874998,0.000000,0.000000,0.000000,0
11920,103.612498,93.874998,0.000000,0.000000,0.000000,0
11930,103.387502,93.874998,0.241211,22.499657,180.000000,1
11940,103.387502,93.874998,0.241211,0.000000,0.000000,1
11950,103.387502,93.874998,0.241211,0.000000,0.000000,1
11960,103.387502,93.874998,0.241211,0.000000,0.000000,1
11970,103.387502,93.874998,0.241211,0.000000,0.000000,1
11980,103.387502,93.874998,0.241211,0.000000,0.000000,1
11990,103.275003,93.874998,0.442383,11.249828,180.000000,1
12000,103.275003,93.874998,0.442383,0.000000,0.000000,1
12010,103.275003,93.874998,0.442383,0.000000,0.000000,1
12020,103.275003,93.874998,0.442383,0.000000,0.000000,1
12030,103.275003,93.874998,0.442383,0.000000,0.000000,1
12040,103.275003,93.750000,0.489258,12.499809,-90.000000,1
12050,103.387502,93.499999,0.501953,27.414657,-65.772664,1
12060,103.387502,93.499999,0.501953,0.000000,0.000000,1
12070,103.500000,93.249998,0.512695,27.414657,-65.772664,1
12080,103.837503,92.874999,0.526367,50.451249,-48.012425,1
12090,104.062500,92.750001,0.527344,25.738683,-29.054604,1
12100,104.512502,92.374997,0.529297,58.577249,-39.805750,1
12110,104.850005,92.374997,0.531250,33.750343,0.000000,1
12120,105.525003,92.249999,0.534180,68.647448,-10.491347,1
12130,105.862498,92.249999,0.534180,33.749485,0.000000,1
12140,106.762502,92.374997,0.537109,90.864223,7.907014,1
12150,106.762502,92.374997,0.537109,0.000000,0.000000,1
12160,107.437500,92.624998,0.541016,71.980772,20.323255,1
12170,109.237498,93.249998,0.545898,190.541828,19.148154,1
12180,110.250000,93.750000,0.551758,112.923055,26.281459,1
12190,112.162505,94.375000,0.567383,201.203900,18.097211,1
12200,113.062500,94.749999,0.571289,97.499488,22.619930,1
12210,114.525003,95.249999,0.576172,154.561179,18.874492,1
12220,115.200002,95.374999,0.576172,68.647491,10.491542,1
12230,115.762502,95.500000,0.576172,57.622163,12.528854,1
12240,116.437500,95.625000,0.578125,68.647491,10.491542,1
12250,116.437500,95.625000,0.578125,0.000000,0.000000,1
12260,117.112498,95.750000,0.580078,68.647491,10.491542,1
12270,117.450002,95.750000,0.580078,33.750343,0.000000,1
12280,118.125000,95.750000,0.581055,67.499828,0.000000,1
12290,118.350005,95.750000,0.581055,22.500515,0.000000,1
12300,118.799998,95.750000,0.581055,44.999313,0.000000,1
12310,118.912505,95.625000,0.583008,16.817525,-48.011157,1
12320,118.912505,95.625000,0.583008,0.000000,0.000000,1
12330,119.025003,95.625000,0.583984,11.249828,0.000000,1
12340,119.025003,95.500000,0.596680,12.500048,-90.000000,1
12350,118.912505,95.249999,0.627930,27.414657,-114.227336,1
12360,118.912505,95.249999,0.627930,0.000000,0.000000,1
12370,118.575002,94.749999,0.649414,60.324795,-124.019646,1
12380,118.350005,94.499998,0.656250,33.633901,-131.986669,1
12390,117.674998,93.624997,0.663086,110.510675,-127.647872,1
12400,117.225005,92.999997,0.665039,77.014208,-125.753473,1
12410,116.662505,92.125001,0.665039,104.020410,-122.735340,1
12420,115.312500,90.250001,0.668945,231.044128,-125.753991,1
12430,115.312500,90.250001,0.668945,0.000000,0.000000,1
12440,113.737498,87.999997,0.670898,274.647912,-124.992004,1
12450,112.950002,86.749997,0.670898,147.737972,-122.210815,1
12460,111.262502,84.375000,0.687500,291.346317,-125.394828,1
12470,110.362498,83.125000,0.700195,154.029419,-125.753991,1
12480,109.012502,81.124997,0.721680,241.298615,-124.019244,1
12490,108.450002,80.250001,0.732422,104.020410,-122.735340,1
12500,108.112498,79.625001,0.743164,71.030526,-118.369290,1
12510,107.662505,78.874998,0.755859,87.464170,-120.963274,1
12520,107.662505,78.874998,0.755859,0.000000,0.000000,1
12530,107.549998,78.499999,0.761719,39.151255,-106.700247,1
12540,107.437500,78.375001,0.761719,16.816773,-131.987212,1
12550,107.437500,78.125000,0.761719,25.000095,-90.000000,1
12560,107.437500,77.999997,0.761719,12.500286,-90.000000,1
12570,107.437500,77.874999,0.757813,12.499809,-90.000000,1
12580,107.662505,77.624998,0.757813,33.634476,-48.012244,1
12590,107.887502,77.500000,0.757813,25.738683,-29.054604,1
12600,108.337503,77.125001,0.755859,58.576943,-39.805392,1
12610,108.562500,76.999998,0.755859,25.738914,-29.055532,1
12620,108.787505,76.875000,0.753906,25.739433,-29.053676,1
12630,109.350005,76.749997,0.752930,57.622215,-12.529085,1
12640,109.687500,76.624999,0.751953,35.989901,-20.323137,1
12650,110.025003,76.500001,0.751953,35.990706,-20.322662,1
12660,110.475005,76.500001,0.751953,45.000172,0.000000,1
12670,111.150003,76.250000,0.751953,71.980772,-20.323255,1
12680,111.600005,76.124997,0.751953,46.704096,-15.524393,1
12690,112.275003,75.749998,0.750977,77.217030,-29.054604,1
12700,112.725005,75.625000,0.750977,46.703969,-15.523829,1
12710,113.062500,75.374999,0.751953,42.000387,-36.529378,1
12720,113.512502,75.124998,0.753906,51.478347,-29.054604,1
12730,113.850005,74.874997,0.753906,42.001077,-36.528681,1
12740,114.750000,74.499998,0.753906,97.499488,-22.619930,1
12750,115.200002,74.249997,0.753906,51.478347,-29.054604,1
12760,115.987498,73.624997,0.753906,100.537348,-38.437423,1
12770,116.437500,73.249998,0.753906,58.576943,-39.805392,1
12780,117.450002,71.875000,0.754883,170.756537,-53.633335,1
12790,117.900003,70.999999,0.754883,98.393507,-62.783825,1
12800,118.350005,70.124998,0.760742,98.393507,-62.783825,1
12810,118.687500,69.375000,0.765625,82.243535,-65.772527,1
12820,119.025003,68.750000,0.771484,71.030526,-61.630710,1
12830,119.700002,67.374997,0.781250,153.174918,-63.853264,1
12840,119.924998,66.749997,0.786133,66.426535,-70.201402,1
12850,120.375000,65.250001,0.791016,156.604282,-73.300656,1
12860,120.600005,64.499998,0.792969,78.302721,-73.300455,1
12870,120.825002,62.750001,0.798828,176.440172,-82.673692,1
12880,120.937500,61.999998,0.799805,75.839314,-81.469395,1
12890,121.049998,61.124997,0.802734,88.220323,-82.673712,1
12900,121.162505,59.375000,0.811523,175.360993,-86.321531,1
12910,121.162505,59.375000,0.811523,0.000000,0.000000,1
12920,121.162505,57.500000,0.820313,187.500000,-90.000000,1
12930,121.162505,56.624999,0.823242,87.500095,-90.000000,1
12940,120.937500,54.624996,0.826172,201.261988,-96.418923,1
12950,120.825002,53.499994,0.834961,113.061273,-95.710497,1
12960,120.487498,51.374998,0.838867,215.163132,-99.024647,1
12970,120.262502,50.374994,0.842773,102.500297,-102.680149,1
12980,120.037505,49.250002,0.846680,114.727124,-101.309839,1
12990,119.475005,47.249994,0.852539,207.760361,-105.708581,1
13000,119.475005,47.249994,0.852539,0.000000,0.000000,1
13010,118.799998,45.249996,0.855469,211.083553,-108.649732,1
13020,118.462503,44.124994,0.855469,117.453483,-106.698977,1
13030,117.562500,42.124996,0.855469,219.317089,-114.227848,1
13040,117.225005,41.125002,0.857422,105.541050,-108.649373,1
13050,116.437500,39.499998,0.859375,180.576902,-115.855636,1
13060,115.987498,38.750000,0.862305,87.464203,-120.963917,1
13070,115.650003,38.125000,0.863281,71.030119,-118.368681,1
13080,114.975005,37.249994,0.864258,110.510529,-127.647369,1
13090,114.975005,37.249994,0.864258,0.000000,0.000000,1
13100,114.525003,36.624994,0.865234,77.014709,-125.753991,1
13110,114.299998,36.374998,0.865234,33.634121,-131.988299,1
13120,113.625000,35.625000,0.865234,100.901924,-131.987212,1
13130,113.287505,35.249996,0.867188,50.451029,-131.986488,1
13140,112.725005,34.499998,0.867188,93.749847,-126.869968,1
13150,112.387502,34.250002,0.868164,42.000793,-143.471842,1
13160,112.049998,33.999996,0.868164,42.001361,-143.470796,1
13170,111.712503,33.750000,0.869141,42.000103,-143.471145,1
13180,111.375000,33.499994,0.869141,42.001361,-143.470796,1
13190,110.700002,33.249998,0.870117,71.980607,-159.677100,1
13200,110.475005,33.125000,0.872070,25.738683,-150.945396,1
13210,110.025003,33.000002,0.873047,46.703969,-164.476171,1
13220,109.799998,33.000002,0.874023,22.500515,180.000000,1
13230,109.575002,32.874994,0.874023,25.739146,-150.943540,1
13240,109.462503,32.874994,0.874023,11.249828,180.000000,1
13250,109.350005,32.874994,0.874023,11.249828,180.000000,1
13260,109.237498,32.874994,0.874023,11.250687,180.000000,1
13270,109.237498,32.874994,0.874023,0.000000,0.000000,1
13280,109.125000,32.874994,0.874023,11.249828,180.000000,1
13290,109.012502,32.874994,0.874023,11.249828,180.000000,1
13300,108.900003,32.874994,0.874023,11.249828,180.000000,1
13310,108.787505,32.874994,0.874023,11.249828,180.000000,1
13320,108.674998,32.874994,0.874023,11.250687,180.000000,1
13330,108.337503,32.874994,0.874023,33.749485,180.000000,1
13340,108.225005,32.749996,0.874023,16.816773,-131.987212,1
13350,107.887502,32.749996,0.875000,33.750343,180.000000,1
13360,107.775003,32.749996,0.875000,11.249828,180.000000,1
13370,107.549998,32.749996,0.875000,22.500515,180.000000,1
13380,107.437500,32.749996,0.875000,11.249828,180.000000,1
13390,107.100005,32.749996,0.873047,33.749485,180.000000,1
13400,106.875000,32.749996,0.872070,22.500515,180.000000,1
13410,106.650003,32.874994,0.872070,25.738683,150.945396,1
13420,106.312500,33.125000,0.867188,42.001361,143.470796,1
13430,106.087503,33.374996,0.864258,33.633547,131.987212,1
13440,105.299998,34.375000,0.840820,127.285977,128.220508,1
13450,104.625000,35.249996,0.822266,110.509774,127.647671,1
13460,103.950002,36.125002,0.786133,110.510529,127.647369,1
13470,103.162505,36.999998,0.742188,117.718697,131.987212,1
13480,102.487498,37.749996,0.651367,100.902498,131.987575,1
13490,101.475005,38.499994,0.000000,126.001567,143.471028,0
13500,99.674998,38.750000,0.000000,181.728577,172.092688,0
13510,98.775003,38.750000,0.000000,89.999485,180.000000,0
13520,98.100005,38.750000,0.000000,67.499828,180.000000,0
13530,97.537505,38.750000,0.000000,56.250000,180.000000,0
13540,97.087503,38.750000,0.000000,45.000172,180.000000,0
13550,97.312500,38.874998,0.000000,25.738683,29.054604,0
13560,96.750000,39.124994,0.000000,61.555206,156.037835,0
13570,96.750000,39.624996,0.000000,50.000191,90.000000,0
13580,97.087503,40.874996,0.000000,129.476197,74.890278,0
13590,97.087503,41.999998,0.000000,112.500191,90.000000,0
13600,97.087503,45.000000,0.000000,300.000191,90.000000,0
13610,96.862498,46.624994,0.000000,164.049801,97.883345,0
13620,96.637502,47.749996,0.000000,114.728059,101.309746,0
13630,96.525003,49.749994,0.000000,200.315956,93.219449,0
13640,96.525003,50.625000,0.000000,87.500572,90.000000,0
13650,96.525003,51.125002,0.000000,50.000191,90.000000,0
13660,96.525003,51.125002,0.000000,0.000000,0.000000,0
13670,96.637502,50.625000,0.000000,51.250148,-77.319851,0
13680,96.750000,50.749998,0.000000,16.816773,48.012788,0
13690,96.975005,52.124996,0.000000,139.328643,80.706470,0
13700,96.975005,52.500000,0.000000,37.500381,90.000000,0
13710,96.975005,53.249998,0.000000,74.999809,90.000000,0
13720,96.975005,53.625002,0.000000,37.500381,90.000000,0
13730,96.862498,53.750000,0.000000,16.817348,131.989386,0
13740,96.862498,53.750000,0.000000,0.000000,0.000000,0
13750,96.637502,53.750000,0.000000,22.499657,180.000000,0
13760,96.525003,53.750000,0.000000,11.249828,180.000000,0
13770,96.412505,53.750000,0.000000,11.249828,180.000000,0
13780,96.412505,53.750000,0.000000,0.000000,0.000000,0
13790,96.412505,53.999996,0.000000,24.999619,90.000000,0
13800,96.525003,54.499998,0.000000,51.250148,77.319851,0
13810,96.525003,54.499998,0.000000,0.000000,0.000000,0
13820,96.525003,55.000000,0.000000,50.000191,90.000000,0
13830,96.525003,55.499997,0.000000,49.999714,90.000000,0
13840,96.525003,55.499997,0.000000,0.000000,0.000000,0
13850,96.412505,55.875001,0.000000,39.151465,106.698843,0
13860,96.299998,55.999999,0.000000,16.817348,131.989386,0
13870,95.737498,56.250000,0.000000,61.555400,156.037430,0
13880,95.400003,56.250000,0.000000,33.749485,180.000000,0
13890,94.837503,56.500001,0.000000,61.555400,156.037430,0
13900,94.500000,56.500001,0.000000,33.750343,180.000000,0
13910,94.162505,56.500001,0.000000,33.749485,180.000000,0
13920,93.375000,56.500001,0.000000,78.750515,180.000000,0
13930,93.037505,56.500001,0.000000,33.749485,180.000000,0
13940,92.587503,56.374998,0.000000,46.704096,-164.475607,0
13950,91.799998,56.124997,0.000000,82.623534,-162.387467,0
13960,91.350005,55.999999,0.000000,46.703142,-164.475889,0
13970,91.125000,55.749998,0.000000,33.634476,-131.987756,0
13980,90.562500,55.625000,0.000000,57.622111,-167.471377,0
13990,90.562500,55.625000,0.000000,0.000000,0.000000,0
14000,90.337503,55.499997,0.000000,25.738914,-150.944468,0
14010,89.887502,55.499997,0.000000,45.000172,180.000000,0
14020,89.775003,55.499997,0.000000,11.249828,180.000000,0
14030,89.549998,55.499997,0.000000,22.500515,180.000000,0
14040,89.325002,55.749998,0.262695,33.633901,131.986669,1
14050,89.325002,55.749998,0.262695,0.000000,0.000000,1
14060,89.325002,55.749998,0.262695,0.000000,0.000000,1
14070,89.325002,55.749998,0.262695,0.000000,0.000000,1
14080,89.325002,55.749998,0.262695,0.000000,0.000000,1
14090,89.325002,55.749998,0.262695,0.000000,0.000000,1
14100,89.325002,55.749998,0.262695,0.000000,0.000000,1
14110,89.212503,55.749998,0.481445,11.249828,180.000000,1
14120,89.212503,55.749998,0.481445,0.000000,0.000000,1
14130,89.325002,55.749998,0.527344,11.249828,0.000000,1
14140,89.325002,55.749998,0.527344,0.000000,0.000000,1
14150,89.437500,55.625000,0.541992,16.816773,-48.012788,1
14160,89.887502,55.499997,0.563477,46.704096,-15.524393,1
14170,90.112498,55.499997,0.573242,22.499657,0.000000,1
14180,90.112498,55.499997,0.573242,0.000000,0.000000,1
14190,91.575002,55.499997,0.610352,146.250343,0.000000,1
14200,91.575002,55.499997,0.610352,0.000000,0.000000,1
14210,93.375000,55.999999,0.631836,186.815303,15.524181,1
14220,94.612498,56.500001,0.641602,133.469244,22.000802,1
14230,95.962503,57.249999,0.649414,154.434810,29.054449,1
14240,98.887502,58.750000,0.671875,328.718996,27.149710,1
14250,100.687500,59.749999,0.689453,205.912406,29.054604,1
14260,104.512502,61.500001,0.730469,420.632200,24.584883,1
14270,104.512502,61.500001,0.730469,0.000000,0.000000,1
14280,111.037505,64.124999,0.759766,703.322720,21.914841,1
14290,111.037505,64.124999,0.759766,0.000000,0.000000,1
14300,115.762502,65.875001,0.780273,503.866046,20.323171,1
14310,118.012502,66.749997,0.791016,241.414961,21.250421,1
14320,120.375000,67.624998,0.804688,251.933023,20.323171,1
14330,124.762502,69.249997,0.816406,467.875979,20.323119,1
14340,126.787505,69.874997,0.825195,211.926023,17.152394,1
14350,130.387502,70.999999,0.832031,377.168458,17.354068,1
14360,131.850005,71.374998,0.833984,150.981475,14.381327,1
14370,134.212503,71.749997,0.840820,239.207492,9.019306,1
14380,134.212503,71.749997,0.840820,0.000000,0.000000,1
14390,135.562500,71.875000,0.841797,135.577153,5.290215,1
14400,135.900003,71.875000,0.843750,33.750343,0.000000,1
14410,136.125000,71.875000,0.843750,22.499657,0.000000,1
14420,136.350005,71.875000,0.845703,22.500515,0.000000,1
14430,136.350005,71.875000,0.845703,0.000000,0.000000,1
14440,136.125000,71.875000,0.847656,22.500515,180.000000,1
14450,135.337503,71.749997,0.799805,79.735598,-170.980436,1
14460,133.537505,71.500001,0.000000,181.727596,-172.092949,0
14470,130.500000,71.250000,0.000000,304.777591,-175.294893,0
14480,128.475005,70.999999,0.000000,204.036875,-172.962015,0
14490,124.650003,70.625000,0.000000,384.334001,-174.400677,0
14500,124.650003,70.625000,0.000000,0.000000,0.000000,0
14510,124.650003,70.625000,0.000000,0.000000,0.000000,0
14520,124.650003,70.625000,0.000000,0.000000,0.000000,0
14530,124.650003,70.625000,0.000000,0.000000,0.000000,0
14540,124.650003,70.625000,0.000000,0.000000,0.000000,0
14550,124.650003,70.625000,0.000000,0.000000,0.000000,0
14560,124.650003,70.625000,0.000000,0.000000,0.000000,0
14570,124.650003,70.625000,0.000000,0.000000,0.000000,0
14580,124.650003,70.625000,0.000000,0.000000,0.000000,0
14590,124.650003,70.625000,0.000000,0.000000,0.000000,0
14600,124.650003,70.625000,0.000000,0.000000,0.000000,0
14610,124.650003,70.625000,0.000000,0.000000,0.000000,0
14620,124.650003,70.625000,0.000000,0.000000,0.000000,0
14630,124.650003,70.625000,0.000000,0.000000,0.000000,0
14640,124.650003,70.625000,0.000000,0.000000,0.000000,0
14650,124.650003,70.625000,0.000000,0.000000,0.000000,0
14660,124.650003,70.625000,0.000000,0.000000,0.000000,0
14670,124.650003,70.625000,0.000000,0.000000,0.000000,0
14680,124.650003,70.625000,0.000000,0.000000,0.000000,0
14690,124.650003,70.625000,0.000000,0.000000,0.000000,0
14700,124.650003,70.625000,0.000000,0.000000,0.000000,0
14710,124.650003,70.625000,0.000000,0.000000,0.000000,0
14720,124.650003,70.625000,0.000000,0.000000,0.000000,0
14730,124.650003,70.625000,0.000000,0.000000,0.000000,0
14740,124.650003,70.625000,0.000000,0.000000,0.000000,0
14750,124.650003,70.625000,0.000000,0.000000,0.000000,0
14760,124.650003,70.625000,0.000000,0.000000,0.000000,0
14770,124.650003,70.625000,0.000000,0.000000,0.000000,0
14780,124.650003,70.625000,0.000000,0.000000,0.000000,0
14790,124.650003,70.625000,0.000000,0.000000,0.000000,0
14800,124.650003,70.625000,0.000000,0.000000,0.000000,0
14810,124.650003,70.625000,0.000000,0.000000,0.000000,0
14820,124.650003,70.625000,0.000000,0.000000,0.000000,0
14830,124.650003,70.625000,0.000000,0.000000,0.000000,0
14840,124.650003,70.625000,0.000000,0.000000,0.000000,0
14850,141.075002,81.124997,0.000000,1949.437120,32.589533,0
14860,141.075002,81.374998,0.000000,25.000095,90.000000,0
14870,141.075002,81.500001,0.000000,12.500286,90.000000,0
14880,141.075002,81.624999,0.000000,12.499809,90.000000,0
14890,141.075002,81.999998,0.000000,37.499905,90.000000,0
14900,140.962503,82.500000,0.000000,51.250148,102.680149,0
14910,140.962503,82.999997,0.000000,49.999714,90.000000,0
14920,140.850005,83.624997,0.000000,63.504399,100.203821,0
14930,140.850005,84.124999,0.000000,50.000191,90.000000,0
14940,140.625000,84.874997,0.000000,78.302264,106.699645,0
14950,140.512502,85.250001,0.000000,39.151465,106.698843,0
14960,140.174998,85.749998,0.000000,60.324598,124.019772,0
14970,140.062500,85.999999,0.000000,27.414657,114.227336,0
14980,139.950002,86.124997,0.000000,16.816773,131.987212,0
14990,139.725005,86.124997,0.000000,22.499657,180.000000,0
15000,139.725005,86.124997,0.000000,0.000000,0.000000,0
15010,139.725005,86.124997,0.000000,0.000000,0.000000,0
15020,139.612498,86.124997,0.000000,11.250687,180.000000,0
15030,139.612498,86.124997,0.000000,0.000000,0.000000,0
15040,139.500000,86.500001,0.000000,39.151465,106.698843,0
15050,139.500000,86.624999,0.000000,12.499809,90.000000,0
15060,139.500000,86.749997,0.000000,12.499809,90.000000,0
15070,139.612498,86.999998,0.000000,27.414657,65.772664,0
15080,139.950002,86.999998,0.000000,33.750343,0.000000,0
15090,140.400003,87.125001,0.000000,46.704096,15.524393,0
15100,141.525003,87.125001,0.000000,112.500000,0.000000,0
15110,142.087503,87.125001,0.000000,56.250000,0.000000,0
15120,142.537505,87.125001,0.000000,45.000172,0.000000,0
15130,142.762502,86.999998,0.000000,25.738914,-29.055532,0
15140,142.762502,86.999998,0.000000,0.000000,0.000000,0
15150,142.762502,86.875000,0.000000,12.499809,-90.000000,0
15160,142.875000,86.875000,0.000000,11.249828,0.000000,0
15170,142.875000,86.875000,0.000000,0.000000,0.000000,0
15180,142.875000,86.875000,0.000000,0.000000,0.000000,0
15190,143.325002,86.749997,0.000000,46.704096,-15.524393,0
15200,143.437500,86.749997,0.000000,11.249828,0.000000,0
15210,143.437500,86.749997,0.000000,0.000000,0.000000,0
15220,143.662505,86.749997,0.000000,22.500515,0.000000,0
15230,143.775003,86.749997,0.000000,11.249828,0.000000,0
15240,143.887502,86.875000,0.000000,16.817128,48.013874,0
15250,144.112507,86.999998,0.000000,25.739433,29.053676,0
15260,144.224997,87.125001,0.000000,16.816554,48.016048,0
15270,144.337503,87.249999,0.000000,16.817348,48.010614,0
15280,144.562500,87.500000,0.000000,33.633901,48.013331,0
15290,144.675007,87.624998,0.000000,16.817348,48.010614,0
15300,144.787497,87.750001,0.000000,16.816554,48.016048,0
15310,145.012510,88.249998,0.000000,54.829583,65.770823,0
15320,145.125000,88.624997,0.000000,39.150762,73.302159,0
15330,145.237507,88.874998,0.000000,27.415009,65.771028,0
15340,145.462503,89.625001,0.000000,78.302474,73.301057,0
15350,145.575010,90.124998,0.000000,51.249872,77.318797,0
15360,145.687500,90.499997,0.000000,39.150762,73.302159,0
15370,145.800007,90.999999,0.000000,51.250337,77.318914,0
15380,145.912497,91.374998,0.000000,39.150762,73.302159,0
15390,146.137510,91.999998,0.000000,66.427116,70.200009,0
15400,146.362507,92.374997,0.000000,43.731881,59.036565,0
15410,146.587503,92.624998,0.000000,33.633901,48.013331,0
15420,147.150003,93.249998,0.000000,84.085150,48.012788,0
15430,147.487507,93.624997,0.000000,50.451249,48.012425,0
15440,148.162497,94.124999,0.000000,84.000774,36.529378,0
15450,148.612507,94.375000,0.000000,51.479097,29.054140,0
15460,149.287497,94.874997,0.000000,84.000490,36.529117,0
15470,149.512510,95.125000,0.000000,33.635227,48.011429,0
15480,149.737507,95.374999,0.000000,33.633724,48.013059,0
15490,149.737507,95.750000,0.000000,37.500143,90.000000,0
15500,149.737507,95.750000,0.000000,0.000000,0.000000,0
15510,149.737507,95.750000,0.000000,0.000000,0.000000,0
15520,149.849997,95.874999,0.000000,16.816199,48.014961,0
15530,149.962503,95.874999,0.000000,11.250687,0.000000,0
15540,149.962503,95.999999,0.000000,12.500048,90.000000,0
15550,149.962503,96.125000,0.000000,12.500048,90.000000,0
15560,149.737507,96.375000,0.000000,33.633901,131.986669,0
15570,149.512510,96.499999,0.000000,25.738683,150.945396,0
15580,148.724997,96.624999,0.000000,79.737256,170.980798,0
15590,148.275003,96.624999,0.000000,44.999313,180.000000,0
15600,148.050007,96.750000,0.000000,25.738798,150.944932,0
15610,147.487507,96.750000,0.000000,56.250000,180.000000,0
15620,147.150003,96.750000,0.000000,33.750343,180.000000,0
15630,146.925007,96.750000,0.000000,22.499657,180.000000,0
15640,146.474997,96.875000,0.000000,46.704859,164.476171,0
15650,146.474997,96.875000,0.000000,0.000000,0.000000,0
15660,146.362507,96.875000,0.000000,11.248970,180.000000,0
15670,146.250000,97.124999,0.000000,27.414792,114.229177,0
15680,146.250000,97.249999,0.000000,12.500048,90.000000,0
15690,146.137510,97.500000,0.000000,27.414305,114.225700,0
15700,146.025003,98.000000,0.000000,51.250104,102.681144,0
15710,146.025003,98.250000,0.000000,25.000095,90.000000,0
15720,146.025003,98.499999,0.000000,24.999857,90.000000,0
15730,146.025003,98.875000,0.000000,37.500143,90.000000,0
15740,146.025003,98.875000,0.000000,0.000000,0.000000,0
15750,146.025003,98.999999,0.000000,12.499809,90.000000,0
15760,146.137510,99.250000,0.000000,27.415009,65.771028,0
15770,146.137510,99.250000,0.000000,0.000000,0.000000,0
15780,146.137510,99.250000,0.000000,0.000000,0.000000,0
15790,146.137510,99.500000,0.000000,25.000095,90.000000,0
15800,146.137510,99.500000,0.000000,0.000000,0.000000,0
15810,146.137510,99.624999,0.000000,12.499809,90.000000,0
15820,146.137510,99.624999,0.000000,0.000000,0.000000,0
15830,146.137510,99.624999,0.000000,0.000000,0.000000,0
15840,146.137510,99.624999,0.000000,0.000000,0.000000,0
15850,146.250000,99.500000,0.000000,16.816199,-48.014961,0
15860,146.250000,99.500000,0.000000,0.000000,0.000000,0
15870,146.250000,99.375000,0.000000,12.500048,-90.000000,0
15880,146.250000,99.375000,0.000000,0.000000,0.000000,0
15890,146.250000,99.375000,0.000000,0.000000,0.000000,0
15900,146.362507,99.124999,0.000000,27.415009,-65.771028,0
15910,146.362507,99.124999,0.000000,0.000000,0.000000,0
15920,146.474997,98.999999,0.000000,16.816377,-48.015505,0
15930,146.474997,98.875000,0.000000,12.499809,-90.000000,0
15940,146.587503,98.875000,0.000000,11.250687,0.000000,0
15950,146.587503,98.875000,0.000000,0.000000,0.000000,0
15960,146.700010,98.875000,0.000000,11.250687,0.000000,0
15970,146.812500,98.875000,0.000000,11.248970,0.000000,0
15980,146.925007,98.999999,0.000000,16.817348,48.010614,0
15990,146.925007,98.999999,0.000000,0.000000,0.000000,0
16000,147.037497,99.250000,0.000000,27.414305,65.774300,0
16010,147.150003,99.250000,0.000000,11.250687,0.000000,0
16020,147.150003,99.250000,0.000000,0.000000,0.000000,0
16030,147.262510,99.624999,0.000000,39.151255,73.299753,0
16040,147.375000,99.624999,0.000000,11.248970,0.000000,0
16050,147.375000,99.749999,0.000000,12.500048,90.000000,0
16060,147.487507,99.875000,0.000000,16.817525,48.011157,0
16070,147.487507,99.875000,0.000000,0.000000,0.000000,0
16080,147.599997,100.000000,0.000000,16.816377,48.015505,0
16090,147.599997,100.125000,0.000000,12.500048,90.000000,0
16100,147.712503,100.249999,0.000000,16.817348,48.010614,0
16110,147.712503,100.249999,0.000000,0.000000,0.000000,0
16120,147.712503,100.374999,0.000000,12.500048,90.000000,0
16130,147.825010,100.500000,0.000000,16.817525,48.011157,0
16140,147.825010,100.500000,0.000000,0.000000,0.000000,0
16150,147.937500,100.625000,0.000000,16.816377,48.015505,0
16160,147.937500,100.750000,0.000000,12.500048,90.000000,0
16170,147.937500,100.750000,0.000000,0.000000,0.000000,0
16180,148.050007,100.874999,0.000000,16.817348,48.010614,0
16190,148.275003,100.999999,0.000000,25.738798,29.055068,0
16200,148.275003,101.125000,0.000000,12.500048,90.000000,0
16210,148.387510,101.125000,0.000000,11.250687,0.000000,0
16220,148.387510,101.125000,0.000000,0.000000,0.000000,0
16230,148.500000,101.250000,0.000000,16.816377,48.015505,0
16240,148.724997,101.375000,0.000000,25.738798,29.055068,0
16250,148.724997,101.375000,0.000000,0.000000,0.000000,0
16260,148.837503,101.499999,0.000000,16.817348,48.010614,0
16270,148.950010,101.499999,0.000000,11.250687,0.000000,0
16280,148.950010,101.624999,0.000000,12.500048,90.000000,0
16290,148.950010,101.624999,0.000000,0.000000,0.000000,0
16300,149.062500,101.624999,0.000000,11.248970,0.000000,0
16310,149.062500,101.624999,0.000000,0.000000,0.000000,0
16320,149.175007,101.750000,0.000000,16.817525,48.011157,0
16330,149.287497,101.750000,0.000000,11.248970,0.000000,0
16340,149.287497,101.750000,0.000000,0.000000,0.000000,0
16350,149.400003,101.750000,0.000000,11.250687,0.000000,0
16360,149.400003,101.750000,0.000000,0.000000,0.000000,0
16370,149.512510,101.875000,0.000000,16.817525,48.011157,0
16380,149.512510,101.875000,0.000000,0.000000,0.000000,0
16390,149.512510,101.875000,0.000000,0.000000,0.000000,0
16400,149.512510,101.875000,0.000000,0.000000,0.000000,0
16410,149.512510,101.875000,0.000000,0.000000,0.000000,0
16420,149.512510,101.875000,0.000000,0.000000,0.000000,0
16430,149.512510,101.875000,0.000000,0.000000,0.000000,0
16440,149.512510,101.875000,0.000000,0.000000,0.000000,0
16450,149.400003,101.875000,0.000000,11.250687,180.000000,0
16460,149.400003,101.875000,0.000000,0.000000,0.000000,0
16470,149.400003,101.875000,0.000000,0.000000,0.000000,0
16480,149.400003,102.000000,0.000000,12.500048,90.000000,0
16490,149.400003,102.124999,0.000000,12.499809,90.000000,0
16500,149.400003,102.249999,0.000000,12.500048,90.000000,0
16510,149.400003,102.375000,0.000000,12.500048,90.000000,0
16520,149.400003,102.375000,0.000000,0.000000,0.000000,0
16530,149.400003,102.749999,0.000000,37.499905,90.000000,0
16540,149.512510,102.749999,0.000000,11.250687,0.000000,0
16550,149.625000,103.000000,0.000000,27.414305,65.774300,0
16560,149.625000,103.000000,0.000000,0.000000,0.000000,0
16570,149.625000,103.250000,0.000000,25.000095,90.000000,0
16580,149.625000,103.250000,0.000000,0.000000,0.000000,0
16590,149.737507,103.374999,0.000000,16.817348,48.010614,0
16600,149.849997,103.499999,0.000000,16.816377,48.015505,0
16610,149.962503,103.625000,0.000000,16.817525,48.011157,0
16620,149.962503,103.625000,0.000000,0.000000,0.000000,0
16630,150.075010,103.625000,0.000000,11.250687,0.000000,0
16640,150.075010,103.625000,0.000000,0.000000,0.000000,0
16650,150.187500,103.750000,0.000000,16.816377,48.015505,0
16660,150.187500,103.750000,0.000000,0.000000,0.000000,0
16670,150.187500,103.750000,0.000000,0.000000,0.000000,0
16680,150.300007,103.875000,0.000000,16.817525,48.011157,0
16690,150.412497,103.875000,0.000000,11.248970,0.000000,0
16700,150.412497,103.875000,0.000000,0.000000,0.000000,0
16710,150.637510,103.999999,0.000000,25.740183,29.052748,0
16720,150.750000,103.999999,0.000000,11.248970,0.000000,0
16730,150.862507,104.124999,0.000000,16.817525,48.011157,0
16740,151.087503,104.124999,0.000000,22.499657,0.000000,0
16750,151.200010,104.124999,0.000000,11.250687,0.000000,0
16760,151.312500,104.250000,0.000000,16.816377,48.015505,0
16770,151.537497,104.250000,0.000000,22.499657,0.000000,0
16780,151.650003,104.250000,0.000000,11.250687,0.000000,0
16790,151.875000,104.375000,0.000000,25.738798,29.055068,0
16800,151.875000,104.375000,0.000000,0.000000,0.000000,0
16810,152.099997,104.375000,0.000000,22.499657,0.000000,0
16820,152.212503,104.500000,0.000000,16.817525,48.011157,0
16830,152.212503,104.500000,0.000000,0.000000,0.000000,0
16840,152.325010,104.500000,0.000000,11.250687,0.000000,0
16850,152.325010,104.624999,0.000000,12.499809,90.000000,0
16860,152.325010,104.624999,0.000000,0.000000,0.000000,0
16870,152.325010,104.624999,0.000000,0.000000,0.000000,0
16880,152.325010,104.749999,0.000000,12.500048,90.000000,0
16890,152.325010,104.749999,0.000000,0.000000,0.000000,0
16900,152.325010,104.875000,0.000000,12.500048,90.000000,0
16910,152.325010,104.875000,0.000000,0.000000,0.000000,0
16920,152.325010,104.875000,0.000000,0.000000,0.000000,0
16930,152.325010,104.875000,0.000000,0.000000,0.000000,0
16940,152.325010,105.125000,0.000000,25.000095,90.000000,0
16950,152.325010,105.249999,0.000000,12.499809,90.000000,0
16960,152.325010,105.249999,0.000000,0.000000,0.000000,0
16970,152.325010,105.374999,0.000000,12.500048,90.000000,0
16980,152.437500,105.500000,0.000000,16.816377,48.015505,0
16990,152.437500,105.500000,0.000000,0.000000,0.000000,0
17000,152.437500,105.500000,0.000000,0.000000,0.000000,0
17010,152.550007,105.750000,0.000000,27.415009,65.771028,0
17020,152.550007,105.874999,0.000000,12.499809,90.000000,0
17030,152.662497,105.874999,0.000000,11.248970,0.000000,0
17040,152.775003,105.999999,0.000000,16.817525,48.011157,0
17050,152.775003,106.125000,0.000000,12.500048,90.000000,0
17060,152.887510,106.375000,0.000000,27.415009,65.771028,0
17070,152.887510,106.375000,0.000000,0.000000,0.000000,0
17080,153.000000,106.499999,0.000000,16.816199,48.014961,0
17090,153.000000,106.624999,0.000000,12.500048,90.000000,0
17100,153.000000,106.750000,0.000000,12.500048,90.000000,0
17110,153.000000,106.750000,0.000000,0.000000,0.000000,0
17120,153.000000,106.750000,0.000000,0.000000,0.000000,0
17130,152.887510,106.875000,0.000000,16.816377,131.984495,0
17140,152.887510,107.000000,0.000000,12.500048,90.000000,0
17150,152.887510,107.000000,0.000000,0.000000,0.000000,0
17160,152.775003,107.000000,0.000000,11.250687,180.000000,0
17170,152.662497,107.000000,0.000000,11.250687,180.000000,0
17180,152.550007,107.000000,0.000000,11.248970,180.000000,0
17190,152.325010,106.875000,0.000000,25.738798,-150.944932,0
17200,152.325010,106.875000,0.000000,0.000000,0.000000,0
17210,152.212503,106.875000,0.000000,11.250687,180.000000,0
17220,152.099997,106.750000,0.000000,16.817525,-131.988843,0
17230,152.099997,106.750000,0.000000,0.000000,0.000000,0
17240,151.987507,106.750000,0.000000,11.248970,180.000000,0
17250,151.987507,106.750000,0.000000,0.000000,0.000000,0
17260,151.987507,106.750000,0.000000,0.000000,0.000000,0
17270,151.987507,106.750000,0.000000,0.000000,0.000000,0
17280,151.987507,106.750000,0.000000,0.000000,0.000000,0
17290,151.987507,107.000000,0.000000,25.000095,90.000000,0
17300,152.099997,107.249999,0.000000,27.414087,65.774095,0
17310,152.099997,107.249999,0.000000,0.000000,0.000000,0
17320,152.212503,107.500000,0.000000,27.415009,65.771028,0
17330,152.325010,107.749999,0.000000,27.414792,65.770823,0
17340,152.437500,108.000000,0.000000,27.414305,65.774300,0
17350,152.437500,108.000000,0.000000,0.000000,0.000000,0
17360,152.550007,108.250000,0.000000,27.415009,65.771028,0
17370,152.775003,108.625000,0.000000,43.731881,59.036565,0
17380,152.887510,108.875000,0.000000,27.415009,65.771028,0
17390,153.000000,109.124999,0.000000,27.414087,65.774095,0
17400,153.112507,109.250000,0.000000,16.817525,48.011157,0
17410,153.112507,109.250000,0.000000,0.000000,0.000000,0
17420,153.224997,109.500000,0.000000,27.414305,65.774300,0
17430,153.224997,109.624999,0.000000,12.499809,90.000000,0
17440,153.337503,109.624999,0.000000,11.250687,0.000000,0
17450,153.337503,109.749999,0.000000,12.500048,90.000000,0
17460,153.337503,109.749999,0.000000,0.000000,0.000000,0
17470,153.337503,109.749999,0.000000,0.000000,0.000000,0
17480,153.337503,109.749999,0.000000,0.000000,0.000000,0
17490,153.224997,109.749999,0.000000,11.250687,180.000000,0
17500,153.224997,109.624999,0.000000,12.500048,-90.000000,0
17510,153.224997,109.624999,0.000000,0.000000,0.000000,0
17520,153.112507,109.500000,0.000000,16.816199,-131.985039,0
17530,153.112507,109.500000,0.000000,0.000000,0.000000,0
17540,153.000000,109.375000,0.000000,16.817525,-131.988843,0
17550,152.887510,109.375000,0.000000,11.248970,180.000000,0
17560,152.887510,109.375000,0.000000,0.000000,0.000000,0
17570,152.887510,109.375000,0.000000,0.000000,0.000000,0
17580,152.887510,109.375000,0.000000,0.000000,0.000000,0
17590,152.887510,109.375000,0.000000,0.000000,0.000000,0
17600,152.887510,109.500000,0.000000,12.500048,90.000000,0
17610,152.887510,109.500000,0.000000,0.000000,0.000000,0
17620,153.000000,109.749999,0.000000,27.414087,65.774095,0
17630,153.112507,110.000000,0.000000,27.415009,65.771028,0
17640,153.224997,110.249999,0.000000,27.414087,65.774095,0
17650,153.337503,110.374999,0.000000,16.817525,48.011157,0
17660,153.562500,110.625000,0.000000,33.633901,48.013331,0
17670,153.787497,110.874999,0.000000,33.633724,48.013059,0
17680,153.900003,110.999999,0.000000,16.817525,48.011157,0
17690,154.125000,111.250000,0.000000,33.633901,48.013331,0
17700,154.125000,111.250000,0.000000,0.000000,0.000000,0
17710,154.237507,111.375000,0.000000,16.817525,48.011157,0
17720,154.349997,111.499999,0.000000,16.816199,48.014961,0
17730,154.349997,111.624999,0.000000,12.500048,90.000000,0
17740,154.462503,111.750000,0.000000,16.817525,48.011157,0
17750,154.462503,111.750000,0.000000,0.000000,0.000000,0
17760,154.462503,112.000000,0.000000,25.000095,90.000000,0
17770,154.462503,112.000000,0.000000,0.000000,0.000000,0
17780,154.462503,112.124999,0.000000,12.499809,90.000000,0
17790,154.462503,112.249999,0.000000,12.500048,90.000000,0
17800,154.462503,112.375000,0.000000,12.500048,90.000000,0
17810,154.349997,112.375000,0.000000,11.250687,180.000000,0
17820,154.349997,112.375000,0.000000,0.000000,0.000000,0
17830,154.237507,112.625000,0.000000,27.414305,114.225700,0
17840,154.237507,112.749999,0.000000,12.499809,90.000000,0
17850,154.012510,112.874999,0.000000,25.738798,150.944932,0
17860,154.012510,112.874999,0.000000,0.000000,0.000000,0
17870,153.900003,113.000000,0.000000,16.817525,131.988843,0
17880,153.787497,113.125000,0.000000,16.817525,131.988843,0
17890,153.787497,113.250000,0.000000,12.500048,90.000000,0
17900,153.787497,113.374999,0.000000,12.499809,90.000000,0
17910,153.787497,113.374999,0.000000,0.000000,0.000000,0
17920,153.787497,113.625000,0.000000,25.000095,90.000000,0
17930,153.787497,113.875000,0.000000,25.000095,90.000000,0
17940,153.787497,113.999999,0.000000,12.499809,90.000000,0
17950,153.787497,114.250000,0.000000,25.000095,90.000000,0
17960,153.900003,114.500000,0.000000,27.415009,65.771028,0
17970,154.012510,114.749999,0.000000,27.414792,65.770823,0
17980,154.237507,115.375000,0.000000,66.426647,70.201437,0
17990,154.349997,115.375000,0.000000,11.248970,0.000000,0
18000,154.462503,115.749999,0.000000,39.151255,73.299753,0
18010,154.800007,116.000000,0.000000,42.001077,36.528681,0
18020,155.025003,116.000000,0.000000,22.499657,0.000000,0
18030,155.587503,116.500000,0.000000,75.259934,41.633512,0
18040,155.925007,116.750000,0.000000,42.001006,36.528550,0
18050,156.487507,117.125000,0.000000,67.604100,33.690084,0
18060,156.825010,117.250000,0.000000,35.990789,20.323018,0
18070,157.162497,117.375000,0.000000,35.989137,20.323789,0
18080,157.837503,117.624999,0.000000,71.981536,20.322929,0
18090,157.837503,117.750000,0.000000,12.500048,90.000000,0
18100,157.837503,117.750000,0.000000,0.000000,0.000000,0
18110,158.175007,117.750000,0.000000,33.750343,0.000000,0
18120,158.287497,117.624999,0.000000,16.816377,-48.015505,0
18130,158.287497,117.500000,0.000000,12.499928,-90.000000,0
18140,158.625000,117.375000,0.000000,35.990789,-20.323018,0
18150,158.625000,117.375000,0.000000,0.000000,0.000000,0
18160,158.849997,117.125000,0.000000,33.633813,-48.013195,0
18170,159.300007,116.875000,0.000000,51.479039,-29.054024,0
18180,159.637510,116.500000,0.000000,50.451338,-48.012516,0
18190,159.974997,115.749999,0.000000,82.243401,-65.773141,0
18200,160.087503,115.375000,0.000000,39.151255,-73.299753,0
18210,160.087503,114.749999,0.000000,62.500119,-90.000000,0
18220,160.200010,114.500000,0.000000,27.414792,-65.770823,0
18230,160.200010,114.250000,0.000000,25.000095,-90.000000,0
18240,160.200010,114.250000,0.000000,0.000000,0.000000,0
18250,160.200010,114.124999,0.000000,12.500048,-90.000000,0
18260,160.200010,114.124999,0.000000,0.000000,0.000000,0
18270,160.312500,114.124999,0.000000,11.248970,0.000000,0
18280,160.537497,114.124999,0.000000,22.499657,0.000000,0
18290,160.650003,113.999999,0.000000,16.817525,-48.011157,0
18300,160.650003,113.875000,0.000000,12.499809,-90.000000,0
18310,160.650003,113.750000,0.000000,12.500048,-90.000000,0
18320,160.650003,113.750000,0.000000,0.000000,0.000000,0
18330,160.650003,113.750000,0.000000,0.000000,0.000000,0
18340,160.537497,113.750000,0.000000,11.250687,180.000000,0
18350,160.537497,113.999999,0.000000,24.999857,90.000000,0
18360,160.537497,114.124999,0.000000,12.500048,90.000000,0
18370,160.537497,114.375000,0.000000,25.000095,90.000000,0
18380,160.650003,114.875000,0.000000,51.250104,77.318856,0
18390,160.762510,115.124999,0.000000,27.414900,65.770926,0
18400,160.875000,115.500000,0.000000,39.150876,73.302210,0
18410,160.987507,116.125000,0.000000,63.504551,79.795417,0
18420,161.099997,116.500000,0.000000,39.150876,73.302210,0
18430,161.099997,116.875000,0.000000,37.500024,90.000000,0
18440,161.212503,117.500000,0.000000,63.504551,79.795417,0
18450,161.212503,117.750000,0.000000,24.999976,90.000000,0
18460,161.437500,118.125000,0.000000,43.731983,59.036645,0
18470,161.662497,118.249999,0.000000,25.738740,29.054836,0
18480,161.887510,118.375000,0.000000,25.740299,29.053212,0
18490,162.112507,118.375000,0.000000,22.499657,0.000000,0
18500,162.675007,118.500000,0.000000,57.622163,12.528854,0
18510,162.900003,118.500000,0.000000,22.499657,0.000000,0
18520,162.900003,118.500000,0.000000,0.000000,0.000000,0
18530,163.125000,118.500000,0.000000,22.499657,0.000000,0
18540,163.125000,118.500000,0.000000,0.000000,0.000000,0
18550,163.349997,118.375000,0.000000,25.738798,-29.055068,0
18560,163.462503,118.375000,0.000000,11.250687,0.000000,0
18570,163.462503,118.249999,0.000000,12.500048,-90.000000,0
18580,163.462503,118.125000,0.000000,12.499928,-90.000000,0
18590,163.012510,117.875000,0.000000,51.477539,-150.945048,0
18600,162.787497,117.750000,0.000000,25.740299,-150.946788,0
18610,162.787497,117.750000,0.000000,0.000000,0.000000,0
18620,162.450010,117.375000,0.000000,50.450189,-131.986035,0
18630,162.224997,117.250000,0.000000,25.740241,-150.947020,0
18640,161.775003,117.125000,0.000000,46.703205,-164.475607,0
18650,161.550007,117.125000,0.000000,22.499657,180.000000,0
18660,161.325010,116.999999,0.000000,25.738798,-150.944932,0
18670,160.875000,116.750000,0.000000,51.479039,-150.945976,0
18680,160.650003,116.625000,0.000000,25.738740,-150.945164,0
18690,160.200010,116.374999,0.000000,51.477597,-150.944932,0
18700,160.087503,116.250000,0.000000,16.817436,-131.989114,0
18710,159.862507,116.125000,0.000000,25.738798,-150.944932,0
18720,159.525003,116.125000,0.000000,33.750343,180.000000,0
18730,159.412497,116.000000,0.000000,16.817436,-131.989114,0
18740,159.300007,116.000000,0.000000,11.248970,180.000000,0
18750,159.075010,115.875000,0.000000,25.738798,-150.944932,0
18760,158.962503,115.875000,0.000000,11.250687,180.000000,0
18770,158.849997,115.875000,0.000000,11.250687,180.000000,0
18780,158.512510,115.749999,0.000000,35.989179,-159.676033,0
18790,158.400003,115.749999,0.000000,11.250687,180.000000,0
18800,158.287497,115.749999,0.000000,11.250687,180.000000,0
18810,158.175007,115.749999,0.000000,11.248970,180.000000,0
18820,158.062500,115.875000,0.000000,16.817525,131.988843,0
18830,158.062500,116.125000,0.000000,24.999976,90.000000,0
18840,157.950010,116.625000,0.000000,51.249844,102.679243,0
18850,157.950010,116.999999,0.000000,37.499905,90.000000,0
18860,157.950010,117.375000,0.000000,37.500024,90.000000,0
18870,158.062500,118.125000,0.000000,75.838951,81.470009,0
18880,158.062500,118.500000,0.000000,37.500024,90.000000,0
18890,158.175007,118.874999,0.000000,39.151255,73.299753,0
18900,158.287497,119.625000,0.000000,75.838951,81.470009,0
18910,158.287497,120.000000,0.000000,37.500024,90.000000,0
18920,158.512510,120.250000,0.000000,33.634961,48.011022,0
18930,158.737507,120.875000,0.000000,66.426535,70.201402,0
18940,158.962503,121.125000,0.000000,33.633813,48.013195,0
18950,159.187500,121.250000,0.000000,25.738798,29.055068,0
18960,159.412497,121.500000,0.391602,33.633813,48.013195,1
18970,159.412497,121.500000,0.391602,0.000000,0.000000,1
18980,159.412497,121.500000,0.391602,0.000000,0.000000,1
18990,159.412497,121.500000,0.391602,0.000000,0.000000,1
19000,159.412497,121.500000,0.391602,0.000000,0.000000,1
19010,159.412497,121.500000,0.391602,0.000000,0.000000,1
19020,159.412497,121.625000,0.601563,12.500048,90.000000,1
19030,159.412497,121.125000,0.601563,50.000072,-90.000000,1
19040,159.637510,120.250000,0.609375,90.346874,-75.578380,1
19050,160.200010,117.375000,0.666016,292.951065,-78.929798,1
19060,160.537497,115.749999,0.676758,165.967550,-78.267382,1
19070,160.987507,114.250000,0.684570,156.604871,-73.300392,1
19080,161.887510,112.000000,0.706055,242.332455,-68.198507,1
19090,161.887510,112.000000,0.706055,0.000000,0.000000,1
19100,162.675007,110.500000,0.721680,169.415280,-62.300645,1
19110,162.900003,110.000000,0.736328,54.829096,-65.772561,1
19120,163.237507,109.500000,0.760742,60.324795,-55.980354,1
19130,163.349997,109.250000,0.778320,27.414305,-65.774300,1
19140,163.462503,108.999999,0.796875,27.415009,-65.771028,1
19150,163.462503,108.999999,0.796875,0.000000,0.000000,1
19160,163.462503,108.875000,0.817383,12.499809,-90.000000,1
19170,163.349997,108.875000,0.834961,11.250687,180.000000,1
19180,163.349997,108.875000,0.834961,0.000000,0.000000,1
19190,163.012510,108.999999,0.798828,35.989096,159.676389,1
19200,162.450010,109.250000,0.722656,61.555400,156.037430,1
19210,161.550007,109.875000,0.000000,109.573317,145.222271,0
19220,160.312500,110.249999,0.000000,129.307677,163.141730,0
19230,158.849997,110.125000,0.000000,146.783542,-175.114883,0
19240,158.062500,109.875000,0.000000,82.622716,-162.387287,0
19250,157.162497,109.375000,0.000000,102.956578,-150.945512,0
19260,156.375000,108.875000,0.000000,93.281851,-147.587605,0
19270,155.587503,108.374999,0.000000,93.281978,-147.587481,0
19280,154.237507,107.375000,0.000000,168.002644,-143.471101,0
19290,153.562500,106.750000,0.000000,91.992351,-137.202889,0
19300,152.212503,105.750000,0.000000,168.002644,-143.471101,0
19310,151.537497,105.249999,0.000000,84.002153,-143.471319,0
19320,150.862507,104.749999,0.000000,84.000632,-143.470753,0
19330,149.175007,103.499999,0.000000,210.003720,-143.471145,0
19340,148.275003,103.000000,0.000000,102.956578,-150.945512,0
19350,147.375000,102.375000,0.000000,109.573317,-145.222271,0
19360,145.912497,101.499999,0.000000,170.427197,-149.108345,0
19370,145.237507,101.125000,0.000000,77.216279,-150.945087,0
19380,143.887502,100.374999,0.000000,154.434925,-150.945473,0
19390,143.325002,100.125000,0.000000,61.555303,-156.037633,0
19400,142.650003,100.000000,0.000000,68.647491,-169.508458,0
19410,141.637502,99.875000,0.000000,102.018863,-172.962044,0
19420,141.299998,99.749999,0.000000,35.990789,-159.676982,0
19430,141.075002,99.749999,0.000000,22.499657,180.000000,0
19440,140.512502,99.624999,0.000000,57.622163,-167.471146,0
19450,140.174998,99.500000,0.000000,35.990706,-159.677338,0
19460,139.725005,99.500000,0.000000,44.999313,180.000000,0
19470,138.937500,99.124999,0.000000,87.223302,-154.536716,0
19480,138.600005,98.999999,0.000000,35.989984,-159.676507,0
19490,138.262502,98.750000,0.000000,42.000935,-143.471580,0
19500,137.700002,98.250000,0.000000,75.259934,-138.366488,0
19510,137.587503,98.125000,0.000000,16.816951,-131.986669,0
19520,137.475005,98.125000,0.341797,11.249828,180.000000,1
19530,137.475005,98.125000,0.341797,0.000000,0.000000,1
19540,137.475005,98.125000,0.341797,0.000000,0.000000,1
19550,137.475005,98.125000,0.341797,0.000000,0.000000,1
19560,137.475005,98.125000,0.341797,0.000000,0.000000,1
19570,137.475005,98.125000,0.341797,0.000000,0.000000,1
19580,137.475005,98.125000,0.341797,0.000000,0.000000,1
19590,137.475005,98.000000,0.458984,12.500048,-90.000000,1
19600,137.700002,98.000000,0.461914,22.499657,0.000000,1
19610,137.924998,97.874999,0.467773,25.738798,-29.055068,1
19620,138.375000,97.874999,0.481445,45.000172,0.000000,1
19630,138.375000,97.874999,0.481445,0.000000,0.000000,1
19640,139.612498,98.125000,0.506836,126.249851,11.421244,1
19650,140.850005,98.499999,0.526367,129.307677,16.858270,1
19660,142.312500,99.124999,0.544922,159.044528,23.139535,1
19670,146.025003,100.625000,0.578125,400.408349,22.000693,1
19680,147.937500,101.375000,0.590820,205.429887,21.413017,1
19690,152.437500,103.000000,0.623047,478.441448,19.855204,1
19700,154.912497,103.875000,0.646484,262.511613,19.470347,1
19710,160.087503,105.374999,0.699219,538.801371,16.164464,1
19720,160.087503,105.374999,0.699219,0.000000,0.000000,1
19730,165.150003,106.750000,0.743164,524.590627,15.195254,1
19740,167.287497,107.249999,0.757813,219.519394,13.165823,1
19750,168.974997,107.749999,0.764648,176.001584,16.504346,1
19760,171.000000,108.125000,0.774414,205.943317,10.491499,1
19770,171.450010,108.250000,0.775391,46.704859,15.523829,1
19780,171.675007,108.250000,0.772461,22.499657,0.000000,1
19790,171.675007,108.250000,0.772461,0.000000,0.000000,1
19800,171.337503,108.125000,0.775391,35.990789,-159.676982,1
19810,171.337503,108.125000,0.775391,0.000000,0.000000,1
19820,170.212503,107.749999,0.708984,118.585457,-161.564986,1
19830,169.537497,107.249999,0.619141,84.002011,-143.471450,1
19840,168.637510,106.624999,0.000000,109.571907,-145.221759,0
19850,167.737507,106.250000,0.000000,97.500280,-157.380264,0
19860,166.387510,105.874999,0.000000,140.111270,-164.475795,0
19870,165.712503,105.500000,0.000000,77.217780,-150.945705,0
19880,165.037497,105.249999,0.000000,71.981577,-159.676982,0
19890,163.912497,104.749999,0.000000,123.110703,-156.037531,0
19900,163.912497,104.749999,0.000000,0.000000,0.000000,0
19910,163.237507,104.749999,0.000000,67.498970,180.000000,0
19920,163.012510,104.624999,0.000000,25.738798,-150.944932,0
19930,163.012510,104.250000,0.000000,37.499905,-90.000000,0
19940,163.125000,103.999999,0.000000,27.414305,-65.774300,0
19950,162.337503,103.125000,0.000000,117.718874,-131.987135,0
19960,162.000000,102.375000,0.000000,82.244105,-114.227950,0
19970,161.550007,101.250000,0.000000,121.165909,-111.801116,0
19980,160.312500,99.375000,0.000000,224.656365,-123.424957,0
19990,160.312500,99.375000,0.000000,0.000000,0.000000,0
20000,159.974997,98.625000,0.000000,82.244105,-114.227950,0
20010,159.300007,97.625000,0.000000,120.648630,-124.018970,0
20020,158.962503,97.249999,0.000000,50.451426,-131.987394,0
20030,157.950010,96.375000,0.000000,133.819462,-139.166359,0
20040,157.387510,95.999999,0.000000,67.604166,-146.309832,0
20050,156.825010,95.750000,0.000000,61.555303,-156.037633,0
20060,156.599997,95.625000,0.000000,25.740299,-150.946788,0
20070,156.262510,95.625000,0.000000,33.748627,180.000000,0
20080,155.812500,95.625000,0.000000,45.001030,180.000000,0
20090,155.587503,95.625000,0.000000,22.499657,180.000000,0
20100,155.250000,95.999999,0.000000,50.451249,131.987575,0
20110,155.137510,96.250000,0.000000,27.414305,114.225700,0
20120,154.912497,96.624999,0.000000,43.732764,120.965364,0
20130,154.687500,97.375000,0.000000,78.302246,106.698994,0
20140,154.462503,97.874999,0.000000,54.829096,114.227439,0
20150,154.349997,98.374999,0.000000,51.250104,102.681144,0
20160,154.349997,99.375000,0.000000,100.000143,90.000000,0
20170,154.349997,99.875000,0.000000,49.999952,90.000000,0
20180,154.349997,100.374999,0.000000,49.999952,90.000000,0
20190,154.687500,101.125000,0.000000,82.244105,65.772050,0
20200,154.912497,101.499999,0.000000,43.731881,59.036565,0
20210,155.250000,101.750000,0.000000,42.001077,36.528681,0
20220,155.812500,102.124999,0.000000,67.604034,33.690000,0
20230,155.925007,102.249999,0.307617,16.817525,48.011157,1
20240,155.925007,102.249999,0.307617,0.000000,0.000000,1
20250,155.925007,102.249999,0.307617,0.000000,0.000000,1
20260,155.925007,102.249999,0.307617,0.000000,0.000000,1
20270,155.925007,102.249999,0.307617,0.000000,0.000000,1
20280,155.925007,102.249999,0.307617,0.000000,0.000000,1
20290,155.925007,102.249999,0.307617,0.000000,0.000000,1
20300,156.375000,100.999999,0.537109,132.853070,-70.201402,1
20310,156.599997,99.875000,0.575195,114.727825,-78.690231,1
20320,156.825010,98.625000,0.606445,127.009101,-79.795417,1
20330,157.050007,95.874999,0.657227,275.918986,-85.322655,1
20340,157.162497,94.625001,0.677734,125.504899,-84.857694,1
20350,157.275003,92.500000,0.733398,212.797717,-86.969340,1
20360,157.275003,91.875000,0.748047,62.500000,-90.000000,1
20370,157.275003,90.999999,0.780273,87.500095,-90.000000,1
20380,157.275003,90.999999,0.780273,0.000000,0.000000,1
20390,157.275003,90.625000,0.807617,37.499905,-90.000000,1
20400,157.275003,90.499997,0.818359,12.500286,-90.000000,1
20410,157.275003,90.374999,0.831055,12.499809,-90.000000,1
20420,157.275003,90.250001,0.840820,12.499809,-90.000000,1
20430,157.275003,90.250001,0.840820,0.000000,0.000000,1
20440,157.275003,90.374999,0.837891,12.499809,90.000000,1
20450,157.275003,90.875001,0.776367,50.000191,90.000000,1
20460,157.387510,91.999998,0.000000,113.060884,84.289046,0
20470,157.387510,91.999998,0.000000,0.000000,0.000000,0
20480,158.175007,94.000001,0.000000,214.945628,68.508073,0
20490,158.512510,94.499998,0.000000,60.324598,55.980228,0
20500,158.849997,94.625001,0.000000,35.989262,20.324323,0
20510,159.412497,94.749999,0.000000,57.622111,12.528623,0
20520,159.974997,94.874997,0.000000,57.622111,12.528623,0
20530,162.112507,95.500000,0.000000,222.701106,16.298781,0
20540,163.462503,95.750000,0.000000,137.294982,10.491542,0
20550,166.050007,96.250000,0.000000,263.536972,10.936825,0
20560,167.062500,96.499999,0.000000,104.290059,13.869701,0
20570,168.075010,96.750000,0.000000,104.291782,13.869602,0
20580,170.099997,97.375000,0.000000,211.924382,17.152531,0
20590,171.000000,97.625000,0.000000,93.408065,15.524111,0
20600,171.900003,97.874999,0.000000,93.408001,15.523970,0
20610,173.474997,98.125000,0.000000,159.471121,9.019395,0
20620,174.037497,98.125000,0.000000,56.250000,0.000000,0
20630,174.375000,98.125000,0.000000,33.750343,0.000000,0
20640,174.487507,98.374999,0.000000,27.414792,65.770823,0
20650,174.487507,98.499999,0.000000,12.500048,90.000000,0
20660,174.599997,98.499999,0.000000,11.248970,0.000000,0
20670,174.599997,98.625000,0.000000,12.500048,90.000000,0
20680,174.599997,98.625000,0.000000,0.000000,0.000000,0
20690,174.150003,98.750000,0.000000,46.703205,164.475607,0
20700,173.925007,98.875000,0.000000,25.738798,150.944932,0
20710,173.137510,99.375000,0.000000,93.281851,147.587605,0
20720,172.800007,99.624999,0.000000,42.000935,143.471580,0
20730,172.462503,99.749999,0.000000,35.990789,159.676982,0
20740,171.787497,100.374999,0.000000,91.992351,137.202889,0
20750,171.562500,100.750000,0.000000,43.732085,120.963274,0
20760,171.337503,101.375000,0.000000,66.426535,109.798598,0
20770,171.337503,101.624999,0.000000,24.999857,90.000000,0
20780,171.224997,102.000000,0.000000,39.151484,106.700147,0
20790,171.337503,102.500000,0.000000,51.250104,77.318856,0
20800,171.675007,102.749999,0.000000,42.000935,36.528420,0
20810,172.012510,103.000000,0.000000,42.001077,36.528681,0
20820,172.237507,103.250000,0.000000,33.633901,48.013331,0
20830,172.462503,103.374999,0.298828,25.738683,29.054604,1
20840,172.462503,103.374999,0.298828,0.000000,0.000000,1
20850,172.462503,103.374999,0.298828,0.000000,0.000000,1
20860,172.462503,103.374999,0.298828,0.000000,0.000000,1
20870,172.462503,103.374999,0.298828,0.000000,0.000000,1
20880,172.462503,103.374999,0.298828,0.000000,0.000000,1
20890,172.912497,103.499999,0.488281,46.703205,15.524393,1
20900,172.912497,103.374999,0.513672,12.500048,-90.000000,1
20910,172.912497,103.000000,0.546875,37.499905,-90.000000,1
20920,172.237507,101.125000,0.629883,199.279605,-109.798598,1
20930,172.237507,101.125000,0.629883,0.000000,0.000000,1
20940,170.775003,98.374999,0.676758,311.471051,-118.004905,1
20950,169.875000,97.000000,0.698242,164.335813,-123.206707,1
20960,168.075010,94.499998,0.728516,308.058028,-125.753706,1
20970,167.062500,93.249998,0.740234,160.862584,-129.007758,1
20980,165.150003,91.250000,0.766602,276.724330,-133.718814,1
20990,164.362507,90.499997,0.785156,108.749949,-136.396947,1
21000,163.800007,89.874997,0.807617,84.085150,-131.987212,1
21010,163.125000,89.375000,0.836914,84.001870,-143.471580,1
21020,163.125000,89.375000,0.836914,0.000000,0.000000,1
21030,162.900003,89.124999,0.847656,33.633901,-131.986669,1
21040,162.787497,89.000001,0.848633,16.817348,-131.989386,1
21050,162.675007,89.000001,0.848633,11.248970,180.000000,1
21060,162.675007,89.000001,0.848633,0.000000,0.000000,1
21070,162.787497,89.124999,0.728516,16.816199,48.014961,1
21080,163.125000,89.499998,0.000000,50.451249,48.012425,0
21090,163.125000,89.874997,0.000000,37.499905,90.000000,0
21100,163.125000,89.874997,0.000000,0.000000,0.000000,0
21110,163.012510,89.874997,0.000000,11.248970,180.000000,0
21120,162.787497,89.874997,0.000000,22.501373,180.000000,0
21130,162.337503,89.874997,0.000000,44.999313,180.000000,0
21140,162.112507,89.874997,0.000000,22.499657,180.000000,0
21150,162.112507,89.749999,0.000000,12.499809,-90.000000,0
21160,161.550007,89.249997,0.000000,75.260093,-138.366352,0
21170,161.325010,88.874998,0.000000,43.731881,-120.963435,0
21180,160.987507,88.249998,0.000000,71.030526,-118.369290,0
21190,159.974997,87.249999,0.000000,142.308650,-135.356189,0
21200,159.187500,86.624999,0.000000,100.537348,-141.562577,0
21210,158.175007,85.875001,0.000000,126.001567,-143.471028,0
21220,155.925007,84.625001,0.000000,257.390754,-150.945396,0
21230,154.800007,84.000001,0.000000,128.695377,-150.945396,0
21240,153.900003,83.499999,0.000000,102.956694,-150.945396,0
21250,152.437500,82.874999,0.000000,159.045317,-156.860587,0
21260,151.875000,82.624998,0.000000,61.555400,-156.037430,0
21270,151.200010,82.374997,0.000000,71.979968,-159.676507,0
21280,149.962503,82.374997,0.000000,123.750687,180.000000,0
21290,149.512510,82.249999,0.000000,46.703142,-164.475889,0
21300,149.062500,82.249999,0.000000,45.001030,180.000000,0
21310,148.612507,82.249999,0.000000,44.999313,180.000000,0
21320,148.275003,82.249999,0.000000,33.750343,180.000000,0
21330,147.937500,82.249999,0.000000,33.750343,180.000000,0
21340,147.150003,82.374997,0.000000,79.735523,170.980774,0
21350,146.812500,82.374997,0.000000,33.750343,180.000000,0
21360,146.474997,82.500000,0.000000,35.990871,159.676626,0
21370,146.250000,82.500000,0.000000,22.499657,180.000000,0
21380,145.687500,82.500000,0.000000,56.250000,180.000000,0
21390,145.462503,82.500000,0.000000,22.499657,180.000000,0
21400,145.125000,82.249999,0.000000,42.001077,-143.471319,0
21410,144.900003,82.125001,0.000000,25.738683,-150.945396,0
21420,144.787497,81.999998,0.000000,16.817702,-131.988299,0
21430,144.450010,81.875000,0.000000,35.989096,-159.676389,0
21440,144.337503,81.749997,0.000000,16.817702,-131.988299,0
21450,144.337503,81.624999,0.000000,12.499809,-90.000000,0
21460,144.224997,81.624999,0.000000,11.250687,180.000000,0
21470,144.224997,81.500001,0.000000,12.499809,-90.000000,0
21480,144.224997,81.500001,0.000000,0.000000,0.000000,0
21490,144.224997,81.500001,0.239258,0.000000,0.000000,1
21500,144.224997,81.500001,0.239258,0.000000,0.000000,1
21510,144.224997,81.500001,0.239258,0.000000,0.000000,1
21520,144.224997,81.500001,0.239258,0.000000,0.000000,1
21530,144.224997,81.500001,0.239258,0.000000,0.000000,1
21540,144.224997,81.500001,0.239258,0.000000,0.000000,1
21550,144.224997,81.500001,0.239258,0.000000,0.000000,1
21560,144.224997,81.500001,0.239258,0.000000,0.000000,1
21570,144.224997,81.500001,0.239258,0.000000,0.000000,1
21580,144.224997,81.500001,0.239258,0.000000,0.000000,1
21590,144.224997,81.500001,0.239258,0.000000,0.000000,1
21600,144.224997,81.500001,0.239258,0.000000,0.000000,1
21610,144.224997,81.500001,0.239258,0.000000,0.000000,1
21620,144.337503,81.500001,0.541016,11.250687,0.000000,1
21630,144.450010,81.500001,0.548828,11.250687,0.000000,1
21640,144.787497,81.500001,0.571289,33.748627,0.000000,1
21650,145.237507,81.624999,0.583984,46.704796,15.523547,1
21660,145.800007,81.749997,0.593750,57.622111,12.528623,1
21670,146.587503,81.999998,0.601563,82.622716,17.612713,1
21680,147.599997,82.374997,0.606445,107.970673,20.323216,1
21690,149.849997,83.125000,0.612305,237.170915,18.435014,1
21700,151.087503,83.499999,0.612305,129.307677,16.858270,1
21710,153.900003,84.375000,0.618164,294.546820,17.281516,1
21720,155.587503,85.000000,0.621094,179.952251,20.323137,1
21730,159.525003,86.374998,0.653320,417.067453,19.249501,1
21740,161.775003,87.125001,0.662109,237.170915,18.435014,1
21750,164.025003,87.874999,0.670898,237.170764,18.434905,1
21760,166.162497,88.624997,0.680664,226.525364,19.334821,1
21770,168.412497,89.124999,0.686523,230.488653,12.528854,1
21780,172.462503,90.124998,0.697266,417.163681,13.869651,1
21790,174.375000,90.374999,0.709961,192.876738,7.447458,1
21800,177.862507,90.999999,0.730469,354.306776,10.160187,1
21810,179.550007,91.250000,0.742188,170.591815,8.427001,1
21820,181.012510,91.500001,0.750977,148.371721,9.700406,1
21830,183.825010,91.999998,0.767578,285.659822,10.080541,1
21840,184.950010,92.249999,0.770508,115.244326,12.528854,1
21850,186.525003,92.500000,0.777344,159.471121,9.019395,1
21860,186.525003,92.500000,0.777344,0.000000,0.000000,1
21870,187.087503,92.500000,0.780273,56.250000,0.000000,1
21880,187.200010,92.500000,0.780273,11.250687,0.000000,1
21890,187.200010,92.500000,0.780273,0.000000,0.000000,1
21900,186.974997,92.500000,0.781250,22.501373,180.000000,1
21910,186.412497,92.500000,0.766602,56.250000,180.000000,1
21920,184.500000,91.875000,0.500000,201.203084,-161.902713,1
21930,183.599997,91.624999,0.000000,93.408065,-164.475889,0
21940,180.112507,90.999999,0.000000,354.305086,-169.839764,0
21950,178.537497,90.749998,0.000000,159.472817,-170.980702,0
21960,177.187500,90.374999,0.000000,140.111206,-164.475889,0
21970,174.262510,89.625001,0.000000,301.961287,-165.618592,0
21980,172.912497,89.375000,0.000000,137.296670,-169.508588,0
21990,171.562500,89.000001,0.000000,140.111206,-164.475889,0
22000,169.200010,88.249998,0.000000,247.868148,-162.387287,0
22010,168.300007,87.874999,0.000000,97.500280,-157.380264,0
22020,167.400003,87.500000,0.000000,97.500280,-157.380264,0
22030,166.387510,87.125001,0.000000,107.970673,-159.676784,0
22040,165.487507,86.624999,0.000000,102.956694,-150.945396,0
22050,163.575010,85.625000,0.000000,215.815690,-152.396000,0
22060,162.562500,85.124998,0.000000,112.923825,-153.718734,0
22070,160.875000,84.000001,0.000000,202.812101,-146.310000,0
22080,160.087503,83.499999,0.000000,93.281978,-147.587481,0
22090,159.412497,82.999997,0.000000,84.002153,-143.471319,0
22100,157.837503,81.999998,0.000000,186.563701,-147.587605,0
22110,157.050007,81.624999,0.000000,87.222424,-154.536615,0
22120,155.812500,80.875001,0.000000,144.703849,-148.781803,0
22130,155.362507,80.625000,0.000000,51.477597,-150.944932,0
22140,155.137510,80.499997,0.000000,25.738914,-150.944468,0
22150,154.800007,80.374999,0.000000,35.990706,-159.677338,0
22160,154.687500,80.250001,0.000000,16.817348,-131.989386,0
22170,154.462503,80.250001,0.000000,22.499657,180.000000,0
22180,154.462503,80.250001,0.000000,0.000000,0.000000,0
22190,154.349997,80.250001,0.000000,11.250687,180.000000,0
22200,154.349997,80.374999,0.000000,12.499809,90.000000,0
22210,154.462503,80.499997,0.000000,16.817348,48.010614,0
22220,154.575010,80.625000,0.000000,16.817702,48.011701,0
22230,155.137510,80.999999,0.000000,67.604034,33.690000,0
22240,155.362507,81.124997,0.000000,25.738683,29.054604,0
22250,155.700010,81.374998,0.000000,42.001077,36.528681,0
22260,156.375000,81.624999,0.000000,71.979968,20.323493,0
22270,156.712503,81.749997,0.000000,35.990706,20.322662,0
22280,157.500000,81.749997,0.000000,78.749657,0.000000,0
22290,157.837503,81.875000,0.000000,35.990871,20.323374,0
22300,158.287497,81.999998,0.000000,46.703142,15.524111,0
22310,158.512510,81.999998,0.000000,22.501373,0.000000,0
22320,158.737507,82.125001,0.000000,25.738914,29.055532,0
22330,158.737507,82.125001,0.000000,0.000000,0.000000,0
22340,158.737507,82.125001,0.000000,0.000000,0.000000,0
22350,158.737507,82.125001,0.000000,0.000000,0.000000,0
22360,158.737507,82.125001,0.000000,0.000000,0.000000,0
22370,158.625000,82.249999,0.000000,16.817348,131.989386,0
22380,158.625000,82.374997,0.000000,12.499809,90.000000,0
22390,158.512510,82.500000,0.000000,16.816554,131.983952,0
22400,158.512510,82.624998,0.000000,12.499809,90.000000,0
22410,158.512510,82.750001,0.000000,12.500286,90.000000,0
22420,158.625000,82.999997,0.000000,27.413870,65.773891,0
22430,158.625000,82.999997,0.000000,0.000000,0.000000,0
22440,158.849997,83.249998,0.000000,33.633901,48.013331,0
22450,158.962503,83.375001,0.000000,16.817702,48.011701,0
22460,159.412497,83.624997,0.000000,51.477365,29.054604,0
22470,159.637510,83.624997,0.000000,22.501373,0.000000,0
22480,159.750000,83.750000,0.312500,16.816554,48.016048,1
22490,159.750000,83.750000,0.312500,0.000000,0.000000,1
22500,159.750000,83.750000,0.312500,0.000000,0.000000,1
22510,159.750000,83.750000,0.312500,0.000000,0.000000,1
22520,159.750000,83.750000,0.312500,0.000000,0.000000,1
22530,159.750000,83.750000,0.312500,0.000000,0.000000,1
22540,159.750000,83.750000,0.312500,0.000000,0.000000,1
22550,159.750000,83.750000,0.312500,0.000000,0.000000,1
22560,159.750000,83.624997,0.548828,12.500286,-90.000000,1
22570,159.750000,83.249998,0.568359,37.499905,-90.000000,1
22580,159.637510,82.874999,0.590820,39.150762,-106.697841,1
22590,159.637510,82.874999,0.590820,0.000000,0.000000,1
22600,158.512510,80.499997,0.654297,262.797623,-115.346158,1
22610,158.512510,80.499997,0.654297,0.000000,0.000000,1
22620,157.500000,78.624997,0.681641,213.091579,-118.369290,1
22630,156.937500,77.750001,0.692383,104.020410,-122.735340,1
22640,155.700010,75.749998,0.708984,235.189120,-121.746900,1
22650,155.025003,74.625001,0.716797,131.196526,-120.964078,1
22660,153.562500,72.374997,0.731445,268.354867,-123.023885,1
22670,152.775003,71.124997,0.740234,147.737972,-122.210815,1
22680,152.775003,71.124997,0.740234,0.000000,0.000000,1
22690,151.087503,68.499999,0.757813,312.062033,-122.735245,1
22700,150.075010,67.125001,0.763672,170.756028,-126.366433,1
22710,148.162497,64.375000,0.777344,334.965879,-124.817041,1
22720,147.150003,62.999997,0.785156,170.756412,-126.366338,1
22730,145.237507,60.250001,0.801758,334.964508,-124.816847,1
22740,144.337503,58.874998,0.804688,164.336212,-123.206616,1
22750,143.212503,57.374997,0.808594,187.500076,-126.869880,1
22760,140.962503,54.499998,0.812500,365.076972,-128.047052,1
22770,140.962503,54.499998,0.812500,0.000000,0.000000,1
22780,138.712503,51.624994,0.819336,365.077347,-128.047006,1
22790,137.700002,50.374994,0.819336,160.862044,-129.007520,1
22800,135.787505,48.000002,0.818359,304.930023,-128.843252,1
22810,134.887502,46.999998,0.818359,134.536754,-131.987212,1
22820,133.200002,45.374994,0.817383,234.271075,-136.080857,1
22830,132.412505,44.624996,0.817383,108.749620,-136.397129,1
22840,131.850005,44.124994,0.817383,75.260093,-138.366352,1
22850,130.950002,43.499994,0.793945,109.573317,-145.222271,1
22860,130.950002,43.499994,0.793945,0.000000,0.000000,1
22870,130.387502,43.249998,0.750000,61.555206,-156.037835,1
22880,130.162505,43.125000,0.704102,25.738683,-150.945396,1
22890,129.600005,43.125000,0.554688,56.250000,180.000000,1
22900,129.262502,43.625002,0.000000,60.324993,124.019519,0
22910,129.150003,44.749994,0.000000,113.060325,95.710545,0
22920,129.037505,45.625000,0.000000,88.220796,97.326249,0
22930,129.037505,47.375002,0.000000,175.000191,90.000000,0
22940,129.150003,48.374996,0.000000,100.630235,83.581274,0
22950,129.487498,49.250002,0.000000,93.783676,68.908080,0
22960,130.162505,50.124998,0.000000,110.510298,52.351977,0
22970,131.850005,52.249994,0.000000,271.353368,51.546241,0
22980,131.850005,52.249994,0.000000,0.000000,0.000000,0
22990,131.850005,52.249994,0.000000,0.000000,0.000000,0
23000,131.850005,52.249994,0.000000,0.000000,0.000000,0
23010,131.850005,52.249994,0.000000,0.000000,0.000000,0
23020,131.850005,52.249994,0.000000,0.000000,0.000000,0
23030,131.850005,52.249994,0.000000,0.000000,0.000000,0
23040,151.425007,69.124999,0.000000,2584.466053,40.763611,0
23050,154.575010,70.875001,0.000000,360.347448,29.054604,0
23060,155.137510,70.999999,0.000000,57.622111,12.528623,0
23070,157.275003,72.125001,0.000000,241.547225,27.758656,0
23080,160.875000,73.499999,0.000000,385.364698,20.904071,0
23090,162.450010,74.124999,0.000000,169.448589,21.644307,0
23100,163.912497,74.499998,0.000000,150.979812,14.381489,0
23110,166.500000,75.250001,0.000000,269.400785,16.164537,0
23120,167.400003,75.499997,0.000000,93.407937,15.523829,0
23130,168.187500,75.499997,0.000000,78.749657,0.000000,0
23140,169.200010,75.625000,0.000000,102.019744,7.038029,0
23150,169.425007,75.749998,0.000000,25.738683,29.054604,0
23160,169.537497,75.875001,0.000000,16.816554,48.016048,0
23170,169.537497,75.875001,0.000000,0.000000,0.000000,0
23180,169.762510,75.875001,0.000000,22.501373,0.000000,0
23190,169.762510,75.875001,0.000000,0.000000,0.000000,0
23200,169.762510,75.875001,0.000000,0.000000,0.000000,0
23210,169.650003,75.999999,0.000000,16.817348,131.989386,0
23220,169.537497,75.999999,0.000000,11.250687,180.000000,0
23230,169.425007,76.124997,0.000000,16.816199,131.985039,0
23240,169.425007,76.124997,0.000000,0.000000,0.000000,0
23250,169.200010,76.250000,0.000000,25.738914,150.944468,0
23260,169.087503,76.374998,0.000000,16.817348,131.989386,0
23270,168.862507,76.500001,0.000000,25.738914,150.944468,0
23280,168.637510,76.624999,0.000000,25.738683,150.945396,0
23290,168.525003,76.624999,0.000000,11.250687,180.000000,0
23300,168.412497,76.875000,0.000000,27.415009,114.228972,0
23310,168.412497,76.999998,0.000000,12.499809,90.000000,0
23320,168.412497,77.125001,0.000000,12.500286,90.000000,0
23330,168.412497,77.374997,0.000000,24.999619,90.000000,0
23340,168.412497,77.374997,0.000000,0.000000,0.000000,0
23350,168.525003,77.999997,0.000000,63.504551,79.795417,0
23360,168.525003,78.249998,0.000000,25.000095,90.000000,0
23370,168.525003,78.750000,0.000000,50.000191,90.000000,0
23380,168.637510,79.000001,0.000000,27.415009,65.771028,0
23390,168.637510,79.249997,0.000000,24.999619,90.000000,0
23400,168.637510,79.749999,0.000000,50.000191,90.000000,0
23410,168.637510,80.000000,0.000000,25.000095,90.000000,0
23420,168.525003,80.625000,0.000000,63.504551,100.204583,0
23430,168.525003,80.875001,0.000000,25.000095,90.000000,0
23440,168.525003,80.999999,0.000000,12.499809,90.000000,0
23450,168.525003,81.374998,0.000000,37.499905,90.000000,0
23460,168.525003,81.374998,0.000000,0.000000,0.000000,0
23470,168.525003,81.500001,0.000000,12.500286,90.000000,0
23480,168.637510,81.624999,0.000000,16.817348,48.010614,0
23490,168.637510,81.749997,0.000000,12.499809,90.000000,0
23500,168.750000,81.749997,0.000000,11.248970,0.000000,0
23510,168.974997,81.999998,0.000000,33.633901,48.013331,0
23520,169.087503,81.999998,0.000000,11.250687,0.000000,0
23530,169.087503,82.125001,0.000000,12.500286,90.000000,0
23540,169.312500,82.125001,0.000000,22.499657,0.000000,0
23550,169.425007,82.249999,0.000000,16.817348,48.010614,0
23560,169.425007,82.249999,0.000000,0.000000,0.000000,0
23570,169.425007,82.249999,0.000000,0.000000,0.000000,0
23580,169.537497,82.125001,0.000000,16.816199,-48.014961,0
23590,169.537497,82.125001,0.000000,0.000000,0.000000,0
23600,169.537497,82.125001,0.000000,0.000000,0.000000,0
23610,169.537497,81.999998,0.000000,12.500286,-90.000000,0
23620,169.537497,81.999998,0.000000,0.000000,0.000000,0
23630,169.537497,81.999998,0.000000,0.000000,0.000000,0
23640,169.537497,81.999998,0.000000,0.000000,0.000000,0
23650,169.537497,82.125001,0.000000,12.500286,90.000000,0
23660,169.537497,82.125001,0.000000,0.000000,0.000000,0
23670,169.425007,82.374997,0.000000,27.413870,114.226109,0
23680,169.425007,82.374997,0.000000,0.000000,0.000000,0
23690,169.425007,82.750001,0.000000,37.500381,90.000000,0
23700,169.425007,82.874999,0.000000,12.499809,90.000000,0
23710,169.425007,82.999997,0.000000,12.499809,90.000000,0
23720,169.650003,83.375001,0.000000,43.732290,59.036886,0
23730,169.762510,83.624997,0.000000,27.414574,65.770619,0
23740,169.875000,83.750000,0.000000,16.816554,48.016048,0
23750,170.099997,84.000001,0.000000,33.633901,48.013331,0
23760,170.212503,84.124999,0.000000,16.817348,48.010614,0
23770,170.437500,84.375000,0.299805,33.633901,48.013331,1
23780,170.437500,84.375000,0.299805,0.000000,0.000000,1
23790,170.437500,84.375000,0.299805,0.000000,0.000000,1
23800,170.437500,84.375000,0.299805,0.000000,0.000000,1
23810,170.437500,84.375000,0.299805,0.000000,0.000000,1
23820,170.437500,84.375000,0.299805,0.000000,0.000000,1
23830,170.437500,84.375000,0.299805,0.000000,0.000000,1
23840,170.437500,84.375000,0.299805,0.000000,0.000000,1
23850,170.437500,84.375000,0.299805,0.000000,0.000000,1
23860,170.550007,84.249997,0.586914,16.817702,-48.011701,1
23870,170.887510,84.000001,0.589844,42.000793,-36.528158,1
23880,171.112507,83.750000,0.596680,33.633901,-48.013331,1
23890,171.337503,83.624997,0.608398,25.738914,-29.055532,1
23900,171.562500,83.375001,0.622070,33.633547,-48.012788,1
23910,172.012510,83.125000,0.649414,51.479097,-29.054140,1
23920,172.125000,82.999997,0.657227,16.816554,-48.016048,1
23930,172.237507,82.874999,0.664063,16.817348,-48.010614,1
23940,172.349997,82.624998,0.682617,27.414305,-65.774300,1
23950,172.462503,82.500000,0.693359,16.817348,-48.010614,1
23960,172.462503,82.249999,0.718750,25.000095,-90.000000,1
23970,172.462503,81.999998,0.727539,25.000095,-90.000000,1
23980,172.462503,81.749997,0.737305,25.000095,-90.000000,1
23990,172.237507,81.250000,0.750000,54.828879,-114.227541,1
24000,171.900003,80.625000,0.760742,71.030526,-118.369290,1
24010,170.662497,78.499999,0.778320,245.907550,-120.214635,1
24020,169.762510,77.249999,0.783203,154.028416,-125.753473,1
24030,167.737507,74.749999,0.789063,321.724088,-129.007520,1
24040,166.500000,73.375001,0.789063,184.987648,-131.987410,1
24050,164.362507,71.124997,0.795898,310.344874,-133.531059,1
24060,164.362507,71.124997,0.795898,0.000000,0.000000,1
24070,162.562500,69.124999,0.815430,269.072799,-131.987348,1
24080,161.775003,68.375001,0.823242,108.749620,-136.397129,1
24090,161.099997,67.624998,0.824219,100.902852,-131.987394,1
24100,160.200010,66.749997,0.824219,125.522984,-135.806461,1
24110,159.974997,66.624999,0.825195,25.740183,-150.947252,1
24120,159.862507,66.500001,0.825195,16.816199,-131.985039,1
24130,159.862507,66.500001,0.825195,0.000000,0.000000,1
24140,160.087503,66.875000,0.695313,43.731881,59.036565,1
24150,160.537497,67.374997,0.580078,67.267448,48.013059,1
24160,161.099997,67.874999,0.400391,75.260093,41.633648,1
24170,162.000000,68.750000,0.000000,125.524215,44.192993,0
24180,162.224997,68.874998,0.000000,25.738683,29.054604,0
24190,162.562500,69.000001,0.000000,35.990871,20.323374,0
24200,163.912497,69.499998,0.000000,143.961379,20.323078,0
24210,164.925007,69.625001,0.000000,102.019744,7.038029,0
24220,166.050007,69.874997,0.000000,115.244223,12.528623,0
24230,168.187500,70.000000,0.000000,214.114516,3.346906,0
24240,168.187500,70.000000,0.000000,0.000000,0.000000,0
24250,169.875000,70.124998,0.000000,169.212316,4.236330,0
24260,171.450010,70.374999,0.000000,159.472817,9.019298,0
24270,172.237507,70.499997,0.000000,79.735523,9.019226,0
24280,172.912497,70.625000,0.000000,68.646690,10.491868,0
24290,173.812500,70.749998,0.000000,90.864223,7.907014,0
24300,174.037497,70.749998,0.000000,22.499657,0.000000,0
24310,174.262510,70.749998,0.000000,22.501373,0.000000,0
24320,174.375000,70.875001,0.000000,16.816554,48.016048,0
24330,174.599997,70.999999,0.000000,25.738683,29.054604,0
24340,174.712503,71.124997,0.000000,16.817348,48.010614,0
24350,174.712503,71.124997,0.000000,0.000000,0.000000,0
24360,174.825010,71.374998,0.000000,27.415009,65.771028,0
24370,174.825010,71.624999,0.000000,25.000095,90.000000,0
24380,174.825010,71.875000,0.000000,25.000095,90.000000,0
24390,174.825010,72.374997,0.000000,49.999714,90.000000,0
24400,174.825010,72.624998,0.000000,25.000095,90.000000,0
24410,174.825010,72.874999,0.000000,25.000095,90.000000,0
24420,175.050007,73.249998,0.000000,43.731881,59.036565,0
24430,175.162497,73.375001,0.000000,16.816554,48.016048,0
24440,175.162497,73.499999,0.256836,12.499809,90.000000,1
24450,175.162497,73.499999,0.256836,0.000000,0.000000,1
24460,175.162497,73.499999,0.256836,0.000000,0.000000,1
24470,175.162497,73.499999,0.256836,0.000000,0.000000,1
24480,175.162497,73.499999,0.256836,0.000000,0.000000,1
24490,175.724997,73.499999,0.488281,56.250000,0.000000,1
24500,175.950010,73.499999,0.515625,22.501373,0.000000,1
24510,176.287497,73.375001,0.559570,35.989096,-20.323611,1
24520,176.287497,73.375001,0.559570,0.000000,0.000000,1
24530,176.737507,72.999997,0.598633,58.577908,-39.805213,1
24540,176.737507,72.999997,0.598633,0.000000,0.000000,1
24550,177.075010,72.500000,0.625977,60.324598,-55.980228,1
24560,177.187500,72.249999,0.636719,27.414305,-65.774300,1
24570,177.412497,71.624999,0.667969,66.426535,-70.201402,1
24580,177.412497,71.374998,0.681641,25.000095,-90.000000,1
24590,177.525003,70.999999,0.692383,39.151255,-73.299753,1
24600,177.637510,70.250001,0.712891,75.838970,-81.468700,1
24610,177.637510,70.250001,0.712891,0.000000,0.000000,1
24620,177.637510,69.375000,0.736328,87.500095,-90.000000,1
24630,177.637510,69.375000,0.736328,0.000000,0.000000,1
24640,177.412497,68.624997,0.750000,78.302967,-106.700147,1
24650,177.187500,68.125000,0.756836,54.828879,-114.227541,1
24660,175.950010,66.749997,0.763672,184.986854,-131.986916,1
24670,175.050007,65.749998,0.764648,134.536399,-131.987348,1
24680,174.037497,64.874997,0.765625,133.820917,-139.166762,1
24690,171.787497,62.874999,0.769531,301.039738,-138.366488,1
24700,170.662497,61.875000,0.771484,150.519869,-138.366488,1
24710,168.525003,60.000000,0.771484,284.332585,-138.742897,1
24720,168.525003,60.000000,0.771484,0.000000,0.000000,1
24730,166.612507,58.375001,0.775391,250.963444,-139.646301,1
24740,165.825010,57.874999,0.781250,93.281978,-147.587481,1
24750,165.150003,57.374997,0.784180,84.002153,-143.471319,1
24760,164.362507,56.999998,0.790039,87.222424,-154.536615,1
24770,164.137510,56.875000,0.794922,25.738683,-150.945396,1
24780,163.800007,56.749997,0.794922,35.990871,-159.676626,1
24790,163.687500,56.749997,0.793945,11.250687,180.000000,1
24800,163.687500,56.875000,0.738281,12.500286,90.000000,1
24810,163.687500,56.875000,0.738281,0.000000,0.000000,1
24820,164.137510,57.874999,0.124023,109.658897,65.771743,1
24830,164.137510,57.874999,0.000000,0.000000,0.000000,0
24840,164.362507,58.375001,0.000000,54.829314,65.772664,0
24850,164.700010,58.624997,0.000000,42.000793,36.528158,0
24860,164.812500,58.750000,0.000000,16.816554,48.016048,0
24870,165.599997,59.249997,0.000000,93.281723,32.412271,0
24880,166.275003,59.499998,0.000000,71.981577,20.323018,0
24890,167.062500,59.749999,0.000000,82.622716,17.612713,0
24900,169.087503,60.250001,0.000000,208.581898,13.869715,0
24910,170.099997,60.250001,0.000000,101.249313,0.000000,0
24920,172.349997,60.875001,0.000000,233.519271,15.524111,0
24930,173.474997,61.124997,0.000000,115.244223,12.528623,0
24940,174.487507,61.124997,0.000000,101.251030,0.000000,0
24950,176.512510,61.124997,0.000000,202.500343,0.000000,0
24960,177.525003,61.124997,0.000000,101.249313,0.000000,0
24970,178.537497,61.124997,0.000000,101.249313,0.000000,0
24980,180.562500,61.124997,0.000000,202.500343,0.000000,0
24990,181.462503,61.250000,0.000000,90.864289,7.907312,0
25000,182.250000,61.250000,0.000000,78.749657,0.000000,0
25010,183.712503,61.250000,0.000000,146.250343,0.000000,0
25020,184.387510,61.124997,0.000000,68.648378,-10.491607,0
25030,184.950010,60.999999,0.000000,57.622111,-12.528623,0
25040,185.849997,60.749998,0.000000,93.406411,-15.524393,0
25050,186.187500,60.625000,0.000000,35.990706,-20.322662,0
25060,186.300007,60.374999,0.000000,27.415009,-65.771028,0
25070,186.750000,60.124998,0.000000,51.477597,-29.055068,0
25080,186.974997,59.749999,0.000000,43.731881,-59.036565,0
25090,187.312500,59.499998,0.000000,42.001077,-36.528681,0
25100,187.875000,58.750000,0.000000,93.749847,-53.130032,0
25110,188.212503,58.624997,0.000000,35.990871,-20.323374,0
25120,188.550007,58.375001,0.000000,42.000793,-36.528158,0
25130,189.112507,57.999997,0.000000,67.604298,-33.690337,0
25140,189.450010,57.874999,0.000000,35.990706,-20.322662,0
25150,189.787497,57.874999,0.000000,33.748627,0.000000,0
25160,189.787497,57.874999,0.000000,0.000000,0.000000,0
25170,190.237507,57.624998,0.000000,51.479097,-29.054140,0
25180,190.237507,57.624998,0.000000,0.000000,0.000000,0
25190,190.237507,57.500000,0.000000,12.499809,-90.000000,0
25200,190.349997,57.500000,0.000000,11.248970,0.000000,0
25210,190.349997,57.500000,0.000000,0.000000,0.000000,0
25220,190.349997,57.500000,0.000000,0.000000,0.000000,0
25230,190.349997,57.500000,0.000000,0.000000,0.000000,0
25240,190.349997,57.500000,0.000000,0.000000,0.000000,0
25250,190.237507,57.374997,0.000000,16.816554,-131.983952,0
25260,190.237507,57.374997,0.000000,0.000000,0.000000,0
25270,190.237507,57.374997,0.000000,0.000000,0.000000,0
25280,190.237507,57.374997,0.000000,0.000000,0.000000,0
25290,190.237507,57.374997,0.000000,0.000000,0.000000,0
25300,190.349997,57.500000,0.000000,16.816554,48.016048,0
25310,190.349997,57.500000,0.367188,0.000000,0.000000,1
25320,190.349997,57.500000,0.367188,0.000000,0.000000,1
25330,190.349997,57.500000,0.367188,0.000000,0.000000,1
25340,190.349997,57.500000,0.367188,0.000000,0.000000,1
25350,190.687500,56.875000,0.496094,71.030526,-61.630710,1
25360,190.800007,56.624999,0.524414,27.415009,-65.771028,1
25370,190.912497,56.500001,0.546875,16.816199,-48.014961,1
25380,191.025003,56.250000,0.568359,27.415009,-65.771028,1
25390,191.250000,55.875001,0.623047,43.731881,-59.036565,1
25400,191.474997,55.499997,0.646484,43.732290,-59.036886,1
25410,191.812500,54.875002,0.681641,71.030107,-61.630527,1
25420,191.925007,54.499998,0.690430,39.151712,-73.299954,1
25430,192.150003,54.124994,0.698242,43.732290,-59.036886,1
25440,192.375000,53.374996,0.708008,78.302017,-73.300956,1
25450,192.487507,53.000002,0.711914,39.150799,-73.299553,1
25460,192.599997,52.624998,0.715820,39.151219,-73.302360,1
25470,192.599997,52.249994,0.723633,37.500381,-90.000000,1
25480,192.375000,51.499996,0.755859,78.302017,-106.699044,1
25490,191.925007,50.999994,0.769531,67.267803,-131.986669,1
25500,191.362507,50.249996,0.776367,93.749847,-126.869968,1
25510,189.337503,48.499994,0.786133,267.640535,-139.166522,1
25520,188.212503,47.500000,0.788086,150.519552,-138.366623,1
25530,185.849997,45.500002,0.789063,309.538868,-139.750164,1
25540,184.500000,44.499998,0.792969,168.002927,-143.470970,1
25550,183.150003,43.499994,0.793945,168.002927,-143.470970,1
25560,181.575010,42.375002,0.794922,193.551316,-144.462388,1
25570,178.200010,40.249996,0.794922,398.826708,-147.804197,1
25580,176.287497,39.124994,0.794922,221.885963,-149.534592,1
25590,174.375000,37.874994,0.797852,228.476325,-146.831532,1
25600,169.875000,35.374994,0.797852,514.781507,-150.945396,1
25610,167.400003,33.999996,0.797852,283.129436,-150.945396,1
25620,162.562500,31.250000,0.798828,556.452320,-150.382884,1
25630,160.087503,30.000000,0.810547,277.274377,-153.203887,1
25640,157.950010,28.750000,0.816406,247.616173,-149.681024,1
25650,156.037497,27.624998,0.818359,221.885963,-149.534592,1
25660,154.125000,26.750002,0.821289,210.315512,-155.415187,1
25670,151.200010,25.124998,0.824219,334.607264,-150.945253,1
25680,149.962503,24.624996,0.824219,133.470040,-157.999336,1
25690,148.162497,23.874998,0.824219,195.000560,-157.380264,1
25700,147.487507,23.625002,0.823242,71.979802,-159.676863,1
25710,146.812500,23.374996,0.790039,71.981743,-159.676626,1
25720,146.587503,23.374996,0.759766,22.499657,180.000000,1
25730,146.474997,23.374996,0.719727,11.250687,180.000000,1
25740,146.250000,23.499994,0.657227,25.738683,150.945396,1
